2506.13771	K	Q0
2501.10658	K	SH
2502.01703	K	TD
2502.05003	K	Q1
2502.10743	K	CG
2502.13179	K	Q1
2502.19008	K	Q1
2503.13089	K	QG
2504.02118	D	-
2504.05352	K	Q1
2504.13989	K	Q1
2504.18415	K	Q1
2505.08823	K	Q1
2505.18724	K	Q1
2506.03781	K	Q1
2507.01027	K	Q1
2508.05905	K	Q1
2509.03054	K	Q1
2509.16989	K	Q1
2509.23809	K	Q1
2510.03267	K	Q1
2510.03275	K	Q1
2510.10467	K	Q1
2510.12721	K	QG
2511.21910	K	Q1
2512.00862	K	Q1
2512.02901	K	Q1
2512.24545	K	Q1
2601.07892	K	Q1
2601.09985	D	-
2601.20745	K	Q1
2601.22716	K	Q1
2602.02707	K	Q1
2602.06252	K	Q1
2602.07374	K	Q1
2602.15563	K	Q1
2602.22592	K	Q1
2603.27462	K	SK
2603.27914	K	Q3
2502.06844	K	Q2
2502.15779	K	Q2
2502.15799	D	-
2503.07103	D	-
2504.07389	K	Q2
2505.00850	K	Q2
2505.03810	K	Q2
2506.05432	K	Q2
2506.05960	D	-
2506.09104	K	Q2
2507.07145	K	Q2
2507.21947	D	-
2508.03760	K	SP
2508.05571	K	Q2
2508.19432	D	-
2508.20893	D	-
2509.09679	K	Q2
2510.01240	K	Q2
2510.19482	K	Q2
2511.21736	K	Q2
2511.23402	D	-
2601.14888	K	QG
2601.19675	K	Q2
2602.21233	K	Q2
2603.08741	K	SH
2501.12956	K	Q3
2501.16385	K	Q3
2504.09223	K	Q3
2505.02390	K	Q3
2505.07531	K	Q3
2506.13472	K	Q3
2507.11017	K	Q3
2507.11959	K	Q3
2509.25439	D	-
2511.17809	K	Q3
2511.19705	K	Q3
2602.01037	K	Q3
2603.17809	K	Q3
2501.10534	D	-
2501.13331	K	Q4
2501.13987	K	Q4
2502.00425	K	Q4
2502.05376	K	Q4
2502.09720	K	Q4
2503.01483	K	Q4
2503.07654	K	Q4
2503.07657	K	Q4
2503.17513	K	Q4
2503.22879	K	Q4
2504.04823	K	Q4
2505.06653	K	Q4
2505.09663	K	SH
2505.11574	K	Q4
2505.13430	K	TF
2505.14200	D	-
2505.14302	K	Q4
2505.20276	K	Q4
2505.21591	D	-
2506.05413	K	Q4
2506.12044	K	Q4
2507.03236	D	-
2507.04610	K	Q4
2507.09665	D	-
2507.17417	K	Q4
2508.04721	D	-
2508.11318	D	-
2508.14090	K	Q4
2508.16785	K	Q4
2509.00031	K	Q4
2509.11177	K	Q4
2509.18172	K	Q4
2510.03284	D	-
2510.14823	K	QM
2511.07842	D	-
2511.19438	K	SK
2511.20621	K	SG
2512.05409	K	Q4
2512.06490	D	-
2512.08213	D	-
2512.23367	K	Q4
2512.24124	K	Q4
2601.02888	D	-
2601.06959	K	Q4
2601.07878	K	Q4
2601.09527	K	SE
2601.10155	K	KQ
2601.15538	D	-
2602.02546	K	Q4
2602.08376	K	Q4
2602.13289	D	-
2602.14432	K	Q4
2602.17691	D	-
2603.04359	K	Q4
2603.08185	K	Q4
2603.23822	D	-
2603.28765	K	QF
2501.04052	K	QF
2509.23202	K	QF
2510.16045	K	QF
2510.25602	K	QF
2511.04214	K	QF
2601.09555	K	QF
2601.19026	K	QF
2601.19213	K	QF
2603.08713	K	QF
2603.08747	K	QF
2603.16590	K	QF
2603.22370	K	QF
2603.28888	D	-
2501.02625	K	QT
2502.01199	K	QM
2502.12346	K	Q8
2505.00105	D	-
2505.04081	K	Q8
2505.08981	K	Q8
2506.06756	D	-
2506.17615	K	SP
2508.02180	D	-
2508.07329	K	EI
2512.13725	D	-
2512.19741	D	-
2601.15311	D	-
2601.21238	D	-
2602.18420	K	Q8
2603.02170	K	AK
2603.04308	D	-
2603.11486	D	-
2603.22324	K	Q8
2501.18154	K	QM
2504.03717	K	QM
2504.14152	K	QM
2504.21553	K	QM
2505.13060	D	-
2506.05664	K	QM
2506.12024	K	QM
2508.02343	K	QM
2509.12019	K	QM
2509.15455	K	QM
2509.20214	K	QM
2510.02822	D	-
2510.16805	K	QM
2510.26771	K	QM
2511.04002	D	-
2511.22483	D	-
2512.01343	K	QM
2512.16282	K	QM
2602.03537	K	QM
2602.12609	K	QM
2602.17698	K	QM
2603.17891	K	QM
2603.22943	D	-
2603.23575	K	QM
2502.05967	K	QT
2502.11458	K	QT
2502.11895	K	QT
2502.12913	K	QT
2502.20586	K	QT
2503.08040	K	QT
2505.11170	K	QT
2505.14669	K	QT
2505.19115	K	QT
2505.20524	K	QT
2506.08027	K	QT
2506.17768	K	QT
2507.16099	K	QT
2509.00404	K	QT
2509.17791	K	QT
2509.18763	K	Q1
2509.25149	K	QT
2510.08757	K	QT
2511.05811	K	QT
2511.23225	K	QT
2601.14243	K	QT
2601.22101	K	QT
2602.02047	K	QT
2603.02731	K	QT
2501.03035	K	QG
2501.06736	K	QT
2501.09107	K	QG
2501.13492	D	-
2501.18119	D	-
2501.19317	D	-
2502.00490	K	QG
2502.00681	D	-
2502.09003	K	QG
2502.13178	K	QG
2502.18755	K	QG
2503.01820	K	QG
2503.01901	K	QG
2503.02236	K	SK
2503.02360	D	-
2503.04704	K	QG
2503.06518	K	QG
2503.14259	D	-
2503.15221	D	-
2503.15748	K	QG
2504.02692	K	QG
2504.08137	K	SH
2504.09629	K	QG
2504.13932	K	QG
2505.00350	D	-
2505.02214	K	QG
2505.05215	D	-
2505.07004	K	QG
2505.07289	K	QG
2505.08620	K	QG
2505.11695	K	QG
2505.15909	K	QG
2505.21670	K	QG
2505.23786	D	-
2506.01967	K	QG
2506.09581	D	-
2506.11044	K	QG
2506.11087	K	QG
2506.15689	K	QG
2506.17068	D	-
2506.20251	D	-
2506.21601	D	-
2506.22776	D	-
2507.07406	D	-
2507.13742	D	-
2507.16933	K	QG
2507.19526	D	-
2507.21976	D	-
2508.00128	D	-
2508.13437	D	-
2508.16712	K	QG
2508.18088	D	-
2508.18177	D	-
2508.18911	D	-
2508.19262	D	-
2509.04534	D	-
2509.06297	K	QG
2509.13514	D	-
2509.15514	K	QG
2509.22944	K	QG
2510.20984	K	QG
2511.01200	D	-
2511.01462	D	-
2511.04063	K	QG
2511.06767	K	SH
2511.06863	D	-
2511.12376	K	TP
2511.16229	D	-
2511.16450	D	-
2511.17801	K	QG
2512.01546	K	QG
2512.08524	K	QG
2512.14481	K	QG
2601.02298	K	QG
2601.02680	D	-
2601.08089	D	-
2601.11200	K	QG
2601.11663	K	QG
2601.14277	K	QG
2601.15079	D	-
2601.15287	K	QG
2601.17987	D	-
2601.18306	K	QG
2602.00969	K	QG
2602.02126	K	QG
2602.02151	K	QG
2602.02538	K	QG
2602.02581	K	QG
2602.04929	K	QG
2602.07465	K	QG
2602.07596	K	QG
2602.07899	K	QG
2602.11513	D	-
2602.15045	D	-
2602.18896	D	-
2602.21600	D	-
2603.04800	K	QG
2603.16435	K	KQ
2603.19296	K	QG
2603.19559	K	QG
2603.20538	D	-
2603.25284	K	QG
2603.26770	D	-
2501.15021	K	KQ
2501.16383	K	KQ
2501.19392	K	KQ
2502.02617	K	KQ
2502.03589	K	SD
2502.04420	K	KQ
2502.10424	K	KQ
2502.12665	K	KO
2502.14882	K	KQ
2503.16257	K	KQ
2503.18599	K	KQ
2503.18773	K	KQ
2503.23294	K	KQ
2503.24358	K	KQ
2504.03661	K	KQ
2505.10938	K	KQ
2505.16210	K	KQ
2505.17787	K	SH
2505.19586	K	KQ
2506.02006	K	SB
2506.04642	K	KQ
2506.08018	K	KQ
2506.18879	K	KQ
2506.19505	K	KQ
2506.22396	K	SG
2508.04257	K	KQ
2508.10395	K	KQ
2509.06261	K	SB
2510.05176	K	KQ
2510.05373	K	KQ
2510.05529	K	KQ
2510.06175	K	KQ
2510.11236	K	KQ
2511.18643	K	KQ
2512.01953	K	KG
2512.19206	K	KQ
2601.04719	K	KQ
2603.04428	K	KP
2603.27467	K	KQ
2604.02638	K	SH
2501.04987	K	KE
2501.06807	D	-
2501.15113	K	KE
2502.00299	K	KE
2502.04077	K	KE
2502.13176	K	KE
2502.14051	K	KE
2502.14317	K	AP
2502.15304	K	KQ
2502.15804	K	KG
2502.17535	D	-
2502.17599	K	KE
2503.01330	K	KE
2503.01586	K	KL
2503.02812	K	KE
2503.04973	K	KE
2503.08461	K	KE
2503.08879	K	KE
2503.10714	K	KE
2503.11108	D	-
2503.11816	K	KG
2503.12491	K	KE
2503.14881	D	-
2503.16163	K	KE
2503.17922	K	KE
2503.23274	K	KE
2503.23956	K	KE
2503.24000	K	KG
2504.04704	K	KE
2504.07479	K	SH
2504.09261	D	-
2504.09936	K	KE
2504.14051	K	KE
2504.15364	K	KE
2505.00570	K	KE
2505.15347	K	KE
2505.19602	D	-
2505.20334	K	KE
2505.22913	K	KE
2505.23416	K	KE
2505.24133	K	KE
2506.02634	K	KP
2506.03762	K	KE
2506.05345	K	KE
2506.15724	K	KE
2506.15745	K	KE
2506.15969	K	KE
2506.18796	D	-
2507.00797	K	SH
2507.06517	K	KE
2507.08143	K	KE
2507.19823	K	KE
2507.19906	K	KE
2507.20030	K	KE
2507.20613	K	KE
2508.02401	K	KE
2508.02751	K	KE
2508.06297	K	KG
2508.07675	K	SG
2508.15212	K	KL
2509.00388	K	KE
2509.00419	K	KE
2509.03136	K	KE
2509.04377	K	KE
2509.05165	K	KE
2509.08315	K	KE
2509.09754	K	KE
2509.10798	K	KE
2509.11155	K	AS
2509.15038	K	KE
2510.00636	K	KE
2510.04476	K	AV
2510.10964	K	KG
2510.13334	K	KE
2510.19183	D	-
2510.20707	K	KE
2510.22556	K	KE
2510.24273	K	AS
2510.25600	K	KE
2511.01633	D	-
2511.04686	K	KE
2511.05534	K	KE
2511.06029	K	KE
2511.07278	K	KE
2511.11106	K	KE
2511.16786	K	KE
2511.18936	K	KL
2512.00504	K	KE
2512.03324	K	KE
2512.06727	K	KE
2512.12008	K	KE
2512.14946	K	KO
2512.17914	K	KP
2512.17917	K	KE
2512.21859	K	SG
2512.24449	K	KE
2601.01204	D	-
2601.03067	K	KG
2601.07891	K	KE
2601.13631	K	KP
2601.14279	K	KE
2601.16986	K	KE
2601.17668	K	KE
2601.18527	K	AP
2601.18999	K	KP
2601.21927	K	KE
2602.02197	K	KE
2602.02199	K	KE
2602.08005	K	KE
2602.08343	K	KE
2602.18750	K	KO
2602.21547	K	SG
2602.21780	D	-
2603.01426	K	KE
2603.04411	K	KE
2603.08727	K	KE
2603.08743	K	KE
2603.10899	K	KE
2603.11564	K	KE
2603.13281	K	KP
2603.14303	K	KE
2603.14517	D	-
2603.19664	K	KG
2603.20616	K	KE
2603.27819	K	KE
2603.28430	K	KQ
2505.13544	K	AV
2505.24357	K	KL
2512.05916	K	KL
2602.05929	K	KL
2603.04427	K	KL
2502.00439	K	KX
2507.08045	K	KX
2508.03469	D	-
2508.08438	K	KX
2508.16134	K	KX
2509.09700	D	-
2509.24832	K	KX
2512.03870	K	KX
2602.03560	K	KX
2602.16054	K	KX
2603.00907	K	KX
2501.01792	K	KO
2502.09921	K	KO
2504.03775	K	KO
2504.11765	K	KO
2504.11816	K	KO
2507.11507	K	KO
2509.00105	K	KO
2510.09665	K	KO
2511.01815	K	KO
2511.11907	K	KO
2601.10729	K	KO
2602.21548	K	KO
2603.08739	K	KO
2603.27138	K	KO
2501.07523	K	KP
2501.12689	K	KP
2502.01960	K	KP
2502.03771	K	KP
2502.15734	K	KP
2502.16002	K	KP
2503.14647	K	KP
2503.16525	K	KP
2504.02921	K	KP
2505.21889	K	KP
2507.07400	K	KP
2507.08523	D	-
2508.17219	K	KP
2508.18572	K	KP
2509.16857	K	KP
2510.12872	K	KP
2512.16822	K	KP
2512.17910	K	KP
2601.06007	K	KP
2601.08343	K	KP
2601.12904	K	KP
2602.01519	K	KP
2602.01795	D	-
2602.02579	K	KP
2602.06502	K	KP
2602.08798	D	-
2602.22603	K	KP
2603.13289	K	KP
2603.20218	K	KP
2603.23049	K	KP
2604.03143	K	KP
2501.06709	K	KG
2501.08192	K	SP
2502.07115	K	SB
2502.13251	K	KE
2502.15294	K	KG
2502.17501	K	KG
2503.00022	K	KG
2503.00540	K	KG
2503.00979	K	KG
2505.10951	K	KG
2505.13109	K	KG
2505.13866	K	KE
2505.14010	D	-
2505.14398	D	-
2505.16950	K	RL
2505.20438	K	DM
2505.21919	K	KG
2506.05344	K	KG
2506.07334	D	-
2506.11886	K	KG
2507.00715	D	-
2507.08799	D	-
2507.11953	K	KG
2508.09442	D	-
2508.13231	K	SM
2508.15717	K	KG
2508.17032	K	XP
2508.19740	K	KG
2509.00202	K	MA
2509.00579	K	KG
2510.00536	K	KE
2510.03215	K	KG
2510.11292	K	KG
2510.22765	D	-
2511.00321	K	SH
2511.12752	D	-
2511.14510	K	KO
2511.16047	D	-
2511.17560	K	KG
2512.10547	D	-
2512.11851	D	-
2601.01298	D	-
2601.04359	D	-
2601.12307	D	-
2601.19611	K	AV
2601.20326	D	-
2601.22996	K	SB
2602.11470	D	-
2602.14236	K	KG
2602.18434	K	KG
2602.23592	D	-
2603.20397	K	KG
2604.01220	K	MA
2604.03270	K	KP
2501.14577	K	AS
2502.02770	K	AS
2502.08246	K	AS
2502.11089	K	AS
2502.11147	K	AS
2502.12216	K	AS
2502.13189	K	AS
2502.14866	K	AS
2502.20766	K	AS
2503.00392	K	AS
2503.01457	D	-
2503.03588	K	AS
2503.04119	D	-
2503.05936	K	PG
2503.07677	D	-
2503.08640	K	AS
2503.09850	D	-
2504.16083	K	AS
2504.16795	K	AH
2504.16922	K	AK
2504.18246	K	TP
2505.00315	K	AS
2505.02351	K	QG
2505.07661	D	-
2505.08098	K	AK
2505.11254	K	AS
2505.17863	K	AS
2505.22918	D	-
2505.23520	K	AS
2505.24179	K	AS
2506.02572	K	AS
2506.04108	K	AS
2506.05333	K	RT
2506.11498	K	AS
2506.12541	D	-
2506.14095	K	AS
2506.16640	K	AS
2506.17664	D	-
2507.00449	K	AH
2507.03117	K	PU
2508.01646	D	-
2508.02124	K	AS
2508.06016	K	AS
2508.07185	D	-
2508.11661	K	AS
2508.16653	K	SH
2509.09318	D	-
2509.24626	K	AS
2509.24663	K	AS
2509.24745	K	AS
2510.07486	K	AS
2510.13602	K	AS
2510.18413	K	AS
2510.19875	D	-
2510.20787	K	AH
2510.27516	D	-
2510.27641	K	AS
2511.00819	K	AS
2511.02818	D	-
2511.03632	D	-
2511.05832	D	-
2511.09596	K	AS
2511.11571	K	AS
2511.12201	K	AS
2511.23113	D	-
2512.03494	K	AS
2512.07011	K	AS
2512.07647	K	AS
2512.08829	K	AS
2512.14082	K	AS
2512.14322	K	SH
2512.20198	K	SH
2512.20604	D	-
2512.20724	D	-
2601.02819	K	AS
2601.11619	D	-
2601.15305	K	AS
2601.22379	K	AS
2602.02268	D	-
2602.03152	K	AS
2602.04361	D	-
2602.04541	K	AS
2602.05191	K	AS
2602.05853	K	AS
2602.07077	D	-
2602.07397	K	AS
2602.13515	K	AS
2602.13804	K	AS
2602.20515	K	SH
2603.04460	K	AS
2603.12201	K	AS
2603.13430	K	AS
2603.14224	K	AS
2603.18417	K	AS
2603.26735	D	-
2603.29494	K	AS
2501.02573	K	AL
2501.06718	D	-
2501.09213	D	-
2501.12352	K	AL
2501.14102	D	-
2501.16085	D	-
2501.16265	D	-
2502.01578	K	AL
2502.02069	D	-
2502.05869	D	-
2502.07563	K	SP
2502.08136	D	-
2502.15609	D	-
2502.16249	K	AL
2503.11842	D	-
2503.14376	K	AK
2503.16653	D	-
2504.00492	K	AL
2504.04308	D	-
2504.10957	D	-
2504.12916	D	-
2504.13480	D	-
2505.08516	D	-
2505.12252	K	AL
2505.19475	K	RT
2505.19488	D	-
2505.21487	K	AV
2505.23884	K	AL
2506.00744	K	AH
2506.04761	K	AL
2506.05584	D	-
2506.11043	D	-
2506.15545	K	AH
2506.15645	D	-
2506.15929	D	-
2507.01004	K	SP
2507.04239	K	AL
2507.16577	K	AL
2507.21407	D	-
2507.23632	K	AL
2508.08435	D	-
2508.20407	K	AL
2509.05282	K	AL
2509.12817	D	-
2509.19702	D	-
2509.23436	K	AL
2509.24510	D	-
2509.25223	K	AL
2509.26551	D	-
2510.01450	K	AL
2510.10631	D	-
2510.11129	D	-
2510.16816	D	-
2510.21956	K	AK
2511.05560	K	AL
2511.06294	D	-
2511.07343	K	AL
2511.18380	D	-
2512.08061	K	AL
2512.17466	D	-
2601.00923	D	-
2601.06525	D	-
2601.16175	K	RT
2601.17042	D	-
2602.01744	K	AL
2602.01763	K	AH
2602.02195	K	AL
2602.04852	K	AL
2602.05230	K	AL
2602.05262	D	-
2602.11958	K	AL
2602.17171	D	-
2603.00175	D	-
2603.05931	K	SH
2603.06590	D	-
2603.12255	D	-
2603.27666	D	-
2603.29640	K	MA
2501.00658	K	AR
2501.00663	K	AR
2501.00692	K	AR
2501.01262	D	-
2501.02992	D	-
2501.04846	D	-
2501.05730	K	AR
2501.06138	D	-
2501.11729	K	AR
2501.13484	K	QG
2501.13829	D	-
2501.14850	D	-
2501.14980	D	-
2501.16215	D	-
2501.16295	K	AR
2501.17088	K	PS
2502.00435	D	-
2502.00462	D	-
2502.00617	K	AR
2502.01473	D	-
2502.02209	D	-
2502.03971	D	-
2502.04052	D	-
2502.04958	K	TF
2502.05232	D	-
2502.06924	K	SH
2502.07827	K	AR
2502.10297	K	AR
2502.10463	D	-
2502.11179	D	-
2502.12330	D	-
2502.13685	K	AR
2502.13729	D	-
2502.14620	D	-
2502.15130	K	CL
2502.15260	K	SH
2502.15485	K	AR
2502.15612	D	-
2502.15746	D	-
2502.17457	D	-
2502.17605	K	KP
2502.18538	D	-
2502.18886	K	PS
2503.01544	D	-
2503.02144	D	-
2503.03437	D	-
2503.03499	K	TF
2503.06369	D	-
2503.06569	D	-
2503.07939	D	-
2503.09509	D	-
2503.10057	D	-
2503.10392	D	-
2503.10665	K	MS
2503.10799	K	AR
2503.11224	K	AR
2503.11579	K	AH
2503.12282	D	-
2503.13427	K	AR
2503.13440	K	AH
2503.14456	K	AR
2503.14655	D	-
2503.15921	K	DS
2503.16134	D	-
2503.18565	K	CL
2503.21262	D	-
2503.22059	D	-
2503.22663	D	-
2503.22732	D	-
2503.22913	K	AR
2503.23104	K	AR
2504.02441	D	-
2504.03101	K	AR
2504.03193	D	-
2504.03442	D	-
2504.03750	D	-
2504.05097	K	RT
2504.05794	D	-
2504.06304	D	-
2504.08247	K	AR
2504.08718	D	-
2504.10449	K	AR
2504.10669	D	-
2504.11409	K	PS
2504.11438	D	-
2504.12039	D	-
2504.13173	K	AR
2504.13981	K	AP
2504.14260	D	-
2504.16053	K	AR
2504.16122	D	-
2504.17252	D	-
2504.18574	K	AR
2504.19191	K	AH
2504.20922	K	DE
2504.21463	K	AH
2505.00980	D	-
2505.01459	K	AR
2505.01475	D	-
2505.03281	D	-
2505.03320	K	AR
2505.03803	K	QG
2505.05391	D	-
2505.06475	D	-
2505.08299	K	PU
2505.08681	D	-
2505.09017	D	-
2505.09022	K	AR
2505.09827	D	-
2505.12007	D	-
2505.12020	D	-
2505.12410	D	-
2505.14329	D	-
2505.14505	K	AR
2505.14969	K	DS
2505.15040	D	-
2505.15105	K	AR
2505.17834	D	-
2505.17852	K	AR
2505.18973	D	-
2505.19472	K	AH
2505.20698	K	AR
2505.20904	D	-
2505.22425	K	AR
2505.24244	D	-
2506.02475	K	AR
2506.03084	D	-
2506.05320	D	-
2506.08512	D	-
2506.09613	K	PS
2506.10352	D	-
2506.10918	K	AR
2506.11891	K	AR
2506.11997	K	AR
2506.12149	D	-
2506.13892	D	-
2506.14802	D	-
2506.15156	D	-
2506.15176	D	-
2506.17018	D	-
2506.17412	D	-
2506.18184	K	TF
2506.18939	D	-
2506.21330	D	-
2506.22591	D	-
2506.22837	D	-
2506.23783	D	-
2507.01213	D	-
2507.01535	D	-
2507.02782	K	AR
2507.04416	K	AR
2507.06079	D	-
2507.06140	D	-
2507.06204	K	AR
2507.06674	D	-
2507.10311	D	-
2507.12133	D	-
2507.12442	K	SE
2507.16624	D	-
2507.17662	D	-
2507.21394	K	SH
2507.23371	D	-
2508.05695	D	-
2508.06616	D	-
2508.07363	D	-
2508.08334	D	-
2508.10370	K	SH
2508.14556	D	-
2508.17679	K	AR
2508.18162	D	-
2508.19029	K	AR
2509.00141	D	-
2509.00935	K	AR
2509.01431	D	-
2509.16618	D	-
2509.17172	D	-
2509.17514	D	-
2509.19633	K	AR
2509.21354	D	-
2509.22284	K	AR
2509.22764	D	-
2509.23640	D	-
2509.23779	D	-
2509.25592	D	-
2509.25918	D	-
2509.26413	D	-
2510.00258	K	AH
2510.00563	D	-
2510.00862	D	-
2510.01203	D	-
2510.02228	K	TS
2510.03279	K	AR
2510.04944	K	AR
2510.06594	D	-
2510.06640	D	-
2510.10478	D	-
2510.12026	D	-
2510.12111	D	-
2510.14027	K	AR
2510.14386	D	-
2510.14573	D	-
2510.14826	K	AR
2510.15152	K	KP
2510.16209	D	-
2510.16674	D	-
2510.16776	D	-
2510.17147	D	-
2510.19861	K	AH
2510.20952	D	-
2510.21450	K	AR
2510.21479	D	-
2510.22724	D	-
2510.22752	D	-
2510.24963	D	-
2510.25776	D	-
2510.26182	K	AR
2510.26912	K	AH
2511.00085	D	-
2511.00315	K	AR
2511.01315	D	-
2511.05535	D	-
2511.05833	D	-
2511.05926	D	-
2511.06716	D	-
2511.07081	D	-
2511.07384	K	RL
2511.07948	D	-
2511.11880	D	-
2511.14503	D	-
2511.17355	D	-
2511.17647	D	-
2511.17970	D	-
2511.18534	D	-
2511.18595	D	-
2511.21550	D	-
2511.22849	K	AR
2512.03111	D	-
2512.06657	D	-
2512.07010	D	-
2512.07100	D	-
2512.07113	D	-
2512.07385	D	-
2512.09492	D	-
2512.11503	D	-
2512.15115	K	AR
2512.15653	D	-
2512.15778	D	-
2512.15931	D	-
2512.17325	D	-
2512.21803	D	-
2512.23502	D	-
2512.24013	D	-
2601.01229	D	-
2601.01237	D	-
2601.02135	K	SH
2601.12598	K	AR
2601.12954	D	-
2601.13352	D	-
2601.19221	K	AR
2601.19467	D	-
2601.19915	D	-
2601.21792	D	-
2602.00808	D	-
2602.01677	D	-
2602.04102	D	-
2602.06350	D	-
2602.07160	K	AR
2602.08133	D	-
2602.11495	D	-
2602.12021	K	AR
2602.12078	K	RL
2602.12499	D	-
2602.13017	D	-
2602.13958	D	-
2602.17744	D	-
2602.18417	D	-
2602.21144	K	SP
2602.22236	D	-
2602.24281	K	AR
2603.00092	D	-
2603.01288	D	-
2603.03001	D	-
2603.04180	D	-
2603.04443	D	-
2603.04648	D	-
2603.04882	D	-
2603.06938	K	AR
2603.08023	D	-
2603.09287	D	-
2603.11306	D	-
2603.12206	D	-
2603.12414	D	-
2603.15530	K	SD
2603.15569	K	AR
2603.16421	D	-
2603.17821	D	-
2603.18462	D	-
2603.19209	K	AR
2603.22325	K	AH
2603.22333	K	AR
2604.02149	D	-
2604.03199	D	-
2604.03650	D	-
2501.11967	D	-
2501.15656	D	-
2502.10807	D	-
2502.14553	K	TK
2502.20245	D	-
2503.01868	K	AH
2503.02220	D	-
2503.10354	D	-
2503.17664	D	-
2504.07996	D	-
2504.15539	D	-
2505.20836	D	-
2505.23797	D	-
2506.03296	K	SM
2506.09507	K	AH
2506.11093	D	-
2507.05967	D	-
2507.07413	D	-
2507.07414	D	-
2507.08250	D	-
2507.09612	D	-
2508.05210	D	-
2508.11921	D	-
2509.08215	D	-
2509.09242	D	-
2509.16275	D	-
2510.00379	K	AH
2510.11602	K	MA
2510.19338	K	MR
2510.23006	K	AH
2510.23882	D	-
2510.26217	D	-
2511.00318	D	-
2511.01254	D	-
2511.13371	D	-
2511.20942	D	-
2512.13921	K	AH
2512.18564	D	-
2512.19147	D	-
2512.20176	D	-
2512.22639	D	-
2601.01897	D	-
2601.09971	D	-
2601.15710	K	SH
2602.00777	K	AS
2602.11197	D	-
2602.17566	D	-
2602.21371	K	AV
2603.08859	K	AH
2603.12831	K	SB
2603.27254	D	-
2501.01005	K	AK
2502.01659	K	AK
2505.11594	K	AK
2505.12044	K	AK
2505.14201	K	AK
2505.14314	K	SH
2505.18824	K	SH
2506.05984	D	-
2506.07233	D	-
2506.12355	K	AK
2507.11331	K	SH
2507.17245	K	AK
2508.00367	K	XV
2509.03733	D	-
2509.25224	K	AK
2510.05175	K	AK
2510.06834	K	SH
2510.14252	D	-
2510.27256	D	-
2511.00295	K	SH
2511.11581	K	AK
2601.00227	K	SK
2601.16032	K	AK
2602.06072	K	AK
2602.13248	D	-
2603.05451	K	AK
2603.22300	K	AS
2603.24517	K	SK
2604.00028	K	AK
2604.02110	K	SH
2501.06425	K	AV
2501.15269	D	-
2501.17900	K	AV
2502.00919	K	AV
2503.03321	K	AV
2503.06626	D	-
2503.08908	D	-
2503.09579	K	AV
2503.18712	D	-
2504.02732	K	AV
2505.06708	K	AV
2505.11739	D	-
2505.13027	K	AP
2506.04526	D	-
2506.17286	K	AV
2507.00022	K	AV
2507.05165	D	-
2507.09394	K	AV
2507.15875	D	-
2508.01424	D	-
2508.02546	K	AV
2509.16686	K	AV
2509.21081	K	AK
2510.01817	K	AV
2510.06477	K	AV
2510.06949	K	AV
2510.08510	D	-
2510.09017	K	AV
2510.22603	D	-
2510.23052	K	AV
2511.21377	K	TO
2512.20650	K	AV
2512.22213	K	AV
2601.00919	K	AV
2601.05866	D	-
2601.22001	K	SH
2601.22966	K	AV
2602.01468	D	-
2602.05228	D	-
2602.15556	D	-
2602.23057	K	AV
2603.02188	K	AV
2603.05498	K	AV
2603.10031	K	SE
2603.30033	K	AV
2604.02973	D	-
2501.00073	K	AP
2501.00097	D	-
2501.00659	K	AP
2501.00712	K	AP
2501.01880	K	AP
2501.02535	D	-
2501.03447	D	-
2501.05414	K	AP
2501.06625	D	-
2501.08248	D	-
2501.08570	K	AP
2501.09767	K	AP
2501.10132	D	-
2501.10967	D	-
2501.12372	D	-
2501.12766	K	AP
2501.13264	D	-
2501.13951	D	-
2501.15089	D	-
2501.15225	K	AP
2501.18724	D	-
2501.18795	K	AP
2501.19399	K	AP
2502.00174	D	-
2502.00592	D	-
2502.01481	D	-
2502.01549	D	-
2502.01563	K	AP
2502.01612	D	-
2502.01925	D	-
2502.01951	K	AP
2502.02004	K	AP
2502.02659	K	AP
2502.04580	D	-
2502.05167	K	AP
2502.05177	K	AP
2502.05252	K	AP
2502.05494	D	-
2502.06038	D	-
2502.06139	K	AP
2502.06279	D	-
2502.06329	D	-
2502.06617	D	-
2502.06766	K	AP
2502.07365	K	AP
2502.07861	K	AP
2502.08910	K	AP
2502.09017	D	-
2502.09503	D	-
2502.09597	D	-
2502.09933	D	-
2502.09977	D	-
2502.10634	D	-
2502.10868	D	-
2502.11101	K	KP
2502.11276	K	AP
2502.11444	D	-
2502.11525	D	-
2502.11664	D	-
2502.12082	K	AK
2502.12462	D	-
2502.12962	D	-
2502.13127	D	-
2502.13542	K	AP
2502.13753	D	-
2502.13922	K	AP
2502.13963	D	-
2502.14280	D	-
2502.14409	D	-
2502.14477	K	AP
2502.15592	K	AP
2502.15920	D	-
2502.16684	K	AP
2502.16747	D	-
2502.16792	K	AP
2502.16860	K	AP
2502.16971	D	-
2502.17129	D	-
2502.17169	D	-
2502.18394	D	-
2502.18845	K	AP
2502.20082	K	AP
2502.20405	K	AP
2502.20790	D	-
2503.00353	D	-
2503.01832	K	AP
2503.01996	D	-
2503.02130	K	AP
2503.02356	K	AP
2503.03046	D	-
2503.04355	K	AP
2503.04359	D	-
2503.04723	K	AP
2503.06692	K	RE
2503.07680	K	AP
2503.08048	D	-
2503.08067	K	AP
2503.09202	K	AP
2503.09819	D	-
2503.10571	K	AP
2503.13299	K	AP
2503.13517	D	-
2503.14345	D	-
2503.15301	D	-
2503.15871	D	-
2503.16071	D	-
2503.16565	D	-
2503.17349	D	-
2503.17407	K	AP
2503.17876	D	-
2503.18434	D	-
2503.22985	D	-
2503.23306	D	-
2504.00970	K	KE
2504.02797	D	-
2504.02827	K	AP
2504.03964	D	-
2504.04238	D	-
2504.04713	D	-
2504.05607	D	-
2504.06214	K	AP
2504.06261	K	RT
2504.06308	K	AP
2504.06560	D	-
2504.08202	D	-
2504.08719	K	AP
2504.08862	D	-
2504.10068	D	-
2504.10326	K	KO
2504.12526	K	SM
2504.12845	D	-
2504.12972	D	-
2504.13615	D	-
2504.15544	D	-
2504.16754	D	-
2504.16786	K	XP
2504.17366	D	-
2504.19457	D	-
2504.19605	D	-
2504.20964	D	-
2505.04406	D	-
2505.06569	D	-
2505.07793	K	AP
2505.07897	D	-
2505.08492	D	-
2505.08651	K	AP
2505.10063	D	-
2505.10222	K	AP
2505.10413	D	-
2505.10570	D	-
2505.10610	D	-
2505.11040	K	AP
2505.11199	D	-
2505.11892	D	-
2505.12423	K	AP
2505.12495	D	-
2505.12833	D	-
2505.14925	D	-
2505.15507	D	-
2505.16234	D	-
2505.16381	K	AP
2505.16710	K	AP
2505.16983	K	AP
2505.17083	K	AP
2505.17134	K	AP
2505.17296	K	AP
2505.17660	D	-
2505.19578	K	AS
2505.19609	K	AP
2505.19773	D	-
2505.19812	D	-
2505.19959	D	-
2505.20444	K	AP
2505.20625	D	-
2505.20839	K	Q8
2505.22107	K	AP
2505.23735	K	AR
2505.23932	D	-
2506.00773	D	-
2506.00920	D	-
2506.01215	K	AP
2506.01963	K	AP
2506.02138	D	-
2506.02921	D	-
2506.03085	D	-
2506.03090	D	-
2506.03737	K	AP
2506.03989	D	-
2506.04202	D	-
2506.05167	D	-
2506.05229	K	AR
2506.05410	K	KE
2506.06266	K	XP
2506.06279	D	-
2506.06398	D	-
2506.07311	K	AK
2506.07533	K	KQ
2506.08371	K	AP
2506.08479	D	-
2506.09251	D	-
2506.09944	D	-
2506.10896	D	-
2506.11104	K	AS
2506.11769	K	AP
2506.12346	D	-
2506.13059	K	AS
2506.13277	K	AP
2506.14471	D	-
2506.15594	D	-
2506.15704	K	AS
2506.16024	D	-
2506.16055	D	-
2506.16411	D	-
2506.16691	D	-
2506.17121	K	KE
2506.18114	D	-
2506.19258	D	-
2506.19651	D	-
2506.20187	K	KO
2507.00453	K	MA
2507.03153	K	KO
2507.03305	K	SM
2507.03523	D	-
2507.04723	K	AP
2507.06313	K	AP
2507.09506	D	-
2507.10496	D	-
2507.11273	K	KL
2507.14204	K	KE
2507.14849	D	-
2507.15087	D	-
2507.15882	D	-
2507.16697	D	-
2507.19353	K	AR
2507.19409	D	-
2507.19786	K	AP
2507.20145	D	-
2507.23083	K	AP
2508.00305	K	AP
2508.02215	K	KL
2508.02308	K	AP
2508.04664	D	-
2508.06447	K	AP
2508.07479	D	-
2508.08256	K	KE
2508.08457	K	SH
2508.09325	D	-
2508.09848	D	-
2508.10419	D	-
2508.12407	K	KE
2508.15099	K	MA
2508.18093	D	-
2508.18308	K	AP
2508.18756	K	MA
2508.20351	D	-
2509.01092	K	XP
2509.01185	D	-
2509.02864	D	-
2509.05218	K	AP
2509.06356	D	-
2509.06436	D	-
2509.09614	D	-
2509.10417	D	-
2509.13723	K	XP
2509.14391	K	AP
2509.15568	K	AP
2509.16278	K	AP
2509.16629	D	-
2509.18762	K	AP
2509.19569	K	AP
2509.21848	D	-
2509.21865	D	-
2509.23040	D	-
2509.23745	D	-
2510.00028	K	AP
2510.01288	D	-
2510.01585	D	-
2510.01715	D	-
2510.02330	K	AP
2510.03978	D	-
2510.04130	K	AP
2510.04568	D	-
2510.05381	K	AP
2510.06915	D	-
2510.07293	D	-
2510.07318	K	AH
2510.07414	D	-
2510.08798	K	KE
2510.09770	D	-
2510.10620	K	SP
2510.12051	K	XP
2510.12285	D	-
2510.12621	D	-
2510.12722	D	-
2510.13191	D	-
2510.13276	D	-
2510.13697	D	-
2510.15231	D	-
2510.16783	D	-
2510.17725	D	-
2510.17800	K	XP
2510.18173	D	-
2510.18691	D	-
2510.20385	D	-
2510.20941	D	-
2510.22109	K	AP
2510.22548	D	-
2510.22956	D	-
2510.23649	K	KL
2510.23730	D	-
2510.27015	D	-
2511.00489	D	-
2511.00821	K	AP
2511.04998	D	-
2511.05850	D	-
2511.06125	D	-
2511.06376	D	-
2511.06818	K	AV
2511.07378	D	-
2511.08128	K	XP
2511.08139	D	-
2511.08243	D	-
2511.09146	K	AP
2511.09868	D	-
2511.10029	K	AP
2511.10720	D	-
2511.10979	D	-
2511.11579	D	-
2511.11668	D	-
2511.13338	D	-
2511.13998	D	-
2511.17335	D	-
2511.17550	D	-
2511.18452	D	-
2511.18591	D	-
2511.20038	D	-
2511.21726	D	-
2511.23319	K	AP
2512.00722	K	KE
2512.02445	D	-
2512.02667	D	-
2512.03001	D	-
2512.03058	D	-
2512.04307	D	-
2512.04963	D	-
2512.05371	D	-
2512.05576	D	-
2512.06688	D	-
2512.07128	D	-
2512.07525	K	AP
2512.08082	K	AP
2512.09238	K	AS
2512.09275	D	-
2512.10411	K	CM
2512.11282	D	-
2512.12167	K	AP
2512.13109	K	AP
2512.13898	K	AP
2512.15550	K	KE
2512.15600	D	-
2512.15649	D	-
2512.19323	D	-
2512.20687	K	MA
2512.21616	D	-
2512.23065	D	-
2512.23675	K	AP
2512.23966	K	CM
2601.00426	D	-
2601.02728	K	AP
2601.02872	K	AP
2601.03025	D	-
2601.05807	D	-
2601.06113	K	AP
2601.06463	K	MA
2601.08297	K	AP
2601.09714	D	-
2601.09723	D	-
2601.10108	D	-
2601.11516	D	-
2601.11659	K	MR
2601.11969	D	-
2601.12051	D	-
2601.12465	D	-
2601.12906	K	AP
2601.13155	K	AP
2601.13734	K	AP
2601.15300	D	-
2601.15540	D	-
2601.16450	D	-
2601.17367	K	AS
2601.17702	K	KE
2601.19916	D	-
2601.20276	D	-
2601.21709	K	AV
2601.21826	D	-
2601.22231	D	-
2602.00015	D	-
2602.00746	D	-
2602.02499	K	AP
2602.03184	K	KE
2602.03226	K	XP
2602.03227	K	AP
2602.04607	D	-
2602.04764	D	-
2602.05258	K	AP
2602.06275	D	-
2602.07962	D	-
2602.10021	D	-
2602.10146	D	-
2602.10560	D	-
2602.10881	D	-
2602.10959	K	AP
2602.11212	K	AR
2602.12189	D	-
2602.12235	K	XP
2602.13680	K	AH
2602.14050	K	AP
2602.14100	D	-
2602.15028	D	-
2602.16069	D	-
2602.16092	K	DD
2602.17183	D	-
2602.20732	K	KE
2602.21800	D	-
2602.22716	D	-
2603.04814	D	-
2603.06199	K	AS
2603.07023	D	-
2603.07240	D	-
2603.08329	D	-
2603.08453	K	KE
2603.08881	D	-
2603.09616	K	AV
2603.09835	D	-
2603.09982	D	-
2603.10123	K	AP
2603.11495	D	-
2603.11611	K	AP
2603.12191	D	-
2603.12265	D	-
2603.12545	D	-
2603.13154	D	-
2603.14903	D	-
2603.15563	D	-
2603.15653	D	-
2603.17668	D	-
2603.17965	D	-
2603.18017	K	AP
2603.20105	D	-
2603.20432	D	-
2603.20586	K	AV
2603.21719	D	-
2603.23508	D	-
2603.24721	D	-
2603.25030	D	-
2603.25973	D	-
2603.25977	D	-
2604.00235	K	AK
2604.01466	D	-
2604.01826	D	-
2604.02650	K	AP
2501.05370	D	-
2501.12162	K	DS
2501.19309	K	DS
2501.19324	K	DS
2502.02040	K	DE
2502.02493	K	DS
2502.04557	K	DS
2502.05202	K	DS
2502.05609	K	DS
2502.06282	K	DS
2502.06352	D	-
2502.08020	D	-
2502.08923	K	DS
2502.11018	K	DS
2502.13652	K	DS
2502.14856	K	DS
2502.15197	K	DS
2502.15572	K	DS
2502.16880	K	DS
2502.18779	K	DS
2502.19732	K	DS
2502.20330	K	DS
2502.20704	K	DS
2503.00491	D	-
2503.00784	K	DS
2503.01840	K	DS
2503.02550	K	SG
2503.03434	K	DS
2503.05096	K	DS
2503.05330	K	DS
2503.07807	K	DS
2503.10135	K	DS
2503.10325	K	DS
2503.13565	K	DS
2503.14153	D	-
2503.18076	D	-
2503.18989	K	SE
2504.00030	K	DS
2504.04104	K	DS
2504.05598	K	DS
2504.06419	K	DS
2504.15475	K	DS
2504.18583	K	DS
2504.20456	K	DJ
2505.01572	K	DS
2505.03983	D	-
2505.04723	D	-
2505.07680	K	DS
2505.07858	K	DS
2505.08600	K	DS
2505.10526	K	DS
2505.12398	K	DS
2505.13204	K	DS
2505.13254	K	DS
2505.14260	K	DS
2505.15141	K	DS
2505.15340	K	RT
2505.16162	K	DS
2505.17074	K	DS
2505.18629	K	DS
2505.19201	K	DS
2505.19645	K	DS
2505.20316	D	-
2505.20776	K	DS
2505.22179	K	DS
2505.23219	K	SE
2505.24196	K	DS
2505.24544	K	DS
2506.01206	K	DS
2506.01986	K	DS
2506.02391	K	DS
2506.02780	K	DS
2506.03206	K	DS
2506.03566	K	DS
2506.05632	K	DS
2506.08373	K	KE
2506.09397	K	SE
2506.11309	K	DS
2506.14158	K	DS
2506.19830	K	DS
2506.20675	K	DS
2506.22694	K	DS
2507.02620	K	DS
2507.02659	K	DS
2507.09252	D	-
2507.18181	D	-
2507.23777	D	-
2508.04462	K	DS
2508.07227	K	SH
2508.08192	K	DS
2508.09072	K	DS
2508.12590	D	-
2508.15044	D	-
2508.17739	D	-
2508.21706	K	EI
2509.01083	K	DS
2509.01564	D	-
2509.04474	K	DS
2509.11815	K	DS
2509.11961	K	DS
2509.13848	D	-
2509.15235	K	DS
2509.18344	K	DS
2509.19368	K	DS
2509.19873	K	SH
2509.20416	K	DS
2509.21689	D	-
2509.21740	D	-
2509.21792	K	TR
2509.22134	K	DS
2509.22496	D	-
2509.24248	K	RE
2510.02128	D	-
2510.02358	K	DS
2510.03929	K	DI
2510.05421	K	DS
2510.07535	K	DS
2510.09942	D	-
2510.10302	K	EI
2510.11331	D	-
2510.12966	K	DS
2510.13161	K	DS
2510.13847	K	DS
2510.15312	K	SE
2510.18525	K	DS
2510.19705	K	DS
2510.20031	D	-
2510.22641	K	DS
2510.26475	K	TR
2510.26527	K	DS
2510.26577	K	DS
2510.26843	K	DS
2511.00351	K	DS
2511.00606	K	DS
2511.01282	K	DS
2511.01695	D	-
2511.02017	K	DS
2511.09844	K	DS
2511.11733	K	SP
2511.12031	K	DS
2511.13841	K	TR
2511.15898	K	DS
2511.20340	K	DS
2511.21669	K	SE
2512.01278	K	DS
2512.08537	D	-
2512.09963	D	-
2512.11718	K	DS
2512.13194	K	DS
2512.15773	D	-
2512.17250	D	-
2512.21857	D	-
2512.21911	K	DS
2512.23858	K	DS
2601.00644	D	-
2601.05724	K	DS
2601.07353	K	DS
2601.08273	K	DS
2601.11580	K	DS
2601.12212	K	DS
2601.18902	K	DS
2601.19278	K	DS
2601.20357	K	DS
2601.21622	K	DS
2601.23180	K	DS
2602.00523	K	DS
2602.01274	K	DS
2602.01428	D	-
2602.01469	K	DS
2602.01613	K	PL
2602.01762	K	DS
2602.05499	K	DS
2602.08060	K	DS
2602.09113	K	SN
2602.15318	K	DS
2602.16052	K	DS
2602.16760	D	-
2602.16961	K	DS
2602.16994	K	DS
2602.18447	K	RE
2602.18931	K	SP
2602.19580	D	-
2602.21224	K	DS
2603.01399	K	DS
2603.01639	K	DS
2603.02631	K	XP
2603.03333	K	DS
2603.03383	K	SH
2603.05210	K	DS
2603.08088	K	DS
2603.09527	K	DS
2603.11053	K	DS
2603.11397	D	-
2603.19133	K	SE
2603.19610	K	DS
2603.27027	K	DS
2502.09419	K	DM
2503.04784	D	-
2504.03159	D	-
2505.10518	K	DM
2505.17505	K	DM
2505.22757	K	DM
2506.07833	K	DM
2507.11851	K	DM
2507.15130	D	-
2508.19228	K	DM
2509.18362	K	DM
2509.23186	K	DM
2510.14751	K	DM
2511.10232	D	-
2601.21744	K	DP
2603.00364	K	QG
2603.23911	K	DM
2501.13767	D	-
2502.04537	D	-
2502.05415	D	-
2503.07630	D	-
2503.20533	K	DJ
2504.19989	D	-
2506.07091	D	-
2506.13485	D	-
2506.18582	K	DJ
2508.08895	K	DJ
2508.12586	D	-
2508.12685	D	-
2509.20072	D	-
2510.00515	K	XV
2512.01389	D	-
2512.17065	K	DD
2601.09921	D	-
2601.12389	D	-
2601.13599	K	DD
2601.18220	D	-
2603.00030	K	DJ
2501.05068	D	-
2501.13133	D	-
2502.00234	K	DI
2502.01384	K	DD
2502.03540	K	DD
2502.06079	D	-
2502.06768	K	DD
2502.06822	D	-
2502.08696	D	-
2502.09622	K	DD
2502.09767	K	DD
2502.09797	D	-
2502.09992	K	DD
2502.11564	K	DD
2502.19765	D	-
2502.19805	D	-
2503.00307	K	DD
2503.04482	K	DD
2503.08295	K	DD
2503.09573	K	DD
2503.09790	K	DC
2503.10683	K	DD
2503.17382	K	DD
2503.20176	D	-
2503.20853	K	DD
2504.12216	K	DD
2504.14666	D	-
2504.16431	K	DD
2505.10446	K	DD
2505.14455	K	DD
2505.18456	K	DD
2505.18495	K	DD
2505.19656	D	-
2505.20199	K	DD
2505.22165	K	DD
2505.22524	K	DD
2505.23061	K	DC
2506.10892	K	DD
2506.13579	K	DD
2506.14429	K	DD
2506.20639	K	DD
2506.23088	D	-
2507.04341	K	DD
2507.04504	D	-
2507.07050	K	DD
2507.07586	K	DD
2507.08018	K	DD
2507.08838	K	DD
2507.08965	K	DD
2507.10475	D	-
2507.15857	K	DD
2507.18452	D	-
2507.19081	D	-
2507.19227	D	-
2508.01473	D	-
2508.03042	D	-
2508.09138	K	DD
2508.10111	K	DC
2508.10995	D	-
2508.12398	D	-
2508.13021	K	DD
2508.13148	K	DD
2508.14748	D	-
2508.14896	K	QG
2508.19529	K	DD
2509.00062	D	-
2509.00707	K	DD
2509.01025	K	DD
2509.05056	D	-
2509.06949	K	DD
2509.10396	K	DD
2509.13136	D	-
2509.15188	K	DI
2509.16622	D	-
2509.16756	K	DD
2509.18164	K	DD
2509.19962	K	DI
2509.21835	K	DD
2509.22636	D	-
2509.23146	K	DD
2509.23286	D	-
2509.23405	K	DD
2509.23653	K	DD
2509.23924	K	DD
2509.24014	K	DI
2509.24974	K	DD
2509.25035	K	DI
2509.25604	K	DD
2510.00565	D	-
2510.01047	K	DD
2510.01274	D	-
2510.01329	K	DD
2510.02212	K	DD
2510.02880	K	DD
2510.02902	D	-
2510.03274	K	Q2
2510.03280	K	DD
2510.03289	K	DD
2510.03680	K	DD
2510.04071	K	DD
2510.04093	D	-
2510.04605	D	-
2510.05040	K	DD
2510.05148	D	-
2510.05725	K	DD
2510.06131	D	-
2510.06190	K	DD
2510.08554	K	DD
2510.08632	K	DD
2510.10481	K	DD
2510.11052	K	DD
2510.14961	K	RL
2510.15244	K	DD
2510.15731	K	DD
2510.17206	K	DD
2510.18087	K	DD
2510.21473	K	DD
2510.22926	K	DD
2510.23606	K	DD
2510.23658	K	DD
2510.25544	K	DD
2510.26200	K	DD
2510.26799	D	-
2510.27469	K	DD
2511.00203	D	-
2511.02083	D	-
2511.03276	K	DD
2511.04647	K	DD
2511.05563	K	DD
2511.08150	D	-
2511.09611	D	-
2511.15208	K	DD
2511.19152	K	DD
2511.22146	K	DD
2512.00670	K	DI
2512.03759	K	DD
2512.04135	K	DD
2512.10858	K	DD
2512.12168	K	DD
2512.15596	K	DD
2512.19004	K	DI
2512.21336	K	DD
2512.21446	K	DI
2512.22288	K	DD
2512.22615	K	DD
2512.22630	K	DD
2601.02799	K	DD
2601.06562	K	DI
2601.07347	D	-
2601.07351	K	DD
2601.07894	K	DD
2601.10403	K	DD
2601.11342	D	-
2601.12376	D	-
2601.14041	K	DD
2601.14266	D	-
2601.14446	D	-
2601.14778	D	-
2601.15892	K	DD
2601.16971	K	DD
2601.19657	K	DD
2601.20125	D	-
2601.20168	K	XV
2601.20339	K	DD
2601.21768	K	DD
2601.22035	K	DD
2601.22629	K	DD
2601.23161	D	-
2602.00150	K	DD
2602.00388	D	-
2602.00792	K	DD
2602.01362	K	DD
2602.01849	K	DD
2602.02178	K	DD
2602.02727	D	-
2602.03477	D	-
2602.03496	K	DD
2602.03769	K	DD
2602.04096	K	DD
2602.04188	D	-
2602.05859	D	-
2602.06056	D	-
2602.06849	K	DD
2602.07035	D	-
2602.07546	K	DD
2602.08048	D	-
2602.08905	K	DD
2602.09501	K	DD
2602.11047	D	-
2602.12153	K	DD
2602.12528	D	-
2602.15014	K	DD
2602.15870	K	DD
2602.17664	K	PG
2602.17688	K	DD
2602.18449	D	-
2602.19565	D	-
2602.19980	K	DD
2602.20126	K	DD
2602.21472	K	DD
2602.22246	D	-
2602.22505	K	DD
2602.22661	K	DD
2602.22871	K	DD
2602.23225	K	DD
2602.23968	K	DD
2603.01190	D	-
2603.01367	K	DD
2603.01563	K	DD
2603.01776	K	QG
2603.02333	D	-
2603.02547	K	DD
2603.04893	K	DD
2603.06123	K	DD
2603.06743	K	DD
2603.09184	K	DD
2603.13243	K	DD
2603.13284	D	-
2603.15803	K	DD
2603.17677	D	-
2603.19232	D	-
2603.20155	K	DD
2603.20466	D	-
2603.21342	K	DD
2603.22075	D	-
2603.22248	K	DD
2603.23507	K	DD
2603.26675	K	DD
2604.00375	K	DD
2604.00666	K	DD
2604.01106	D	-
2604.01624	D	-
2604.02718	K	DD
2604.03537	K	DD
2604.03677	K	DD
2505.15781	K	DI
2505.21400	K	DI
2505.21467	K	DI
2505.22618	K	DI
2505.24857	K	DI
2506.00413	K	DI
2506.10848	K	DI
2506.13759	K	DD
2507.11097	D	-
2507.18578	K	DI
2508.00819	K	DI
2508.02558	K	DI
2508.08712	K	DJ
2508.09192	K	DI
2508.10736	K	DI
2508.14148	K	DI
2509.04185	K	DJ
2509.23094	K	DI
2509.24007	K	DI
2509.25188	K	DI
2509.26328	K	DI
2509.26432	K	DI
2509.26488	K	DI
2510.00294	K	DI
2510.02291	D	-
2510.04147	K	DI
2510.05090	K	DI
2510.07081	K	DI
2510.08666	K	DI
2510.09309	K	DI
2510.09544	K	DI
2510.14973	K	DI
2510.18480	K	DI
2510.21961	K	DI
2510.22852	K	DI
2510.24605	K	DI
2511.02077	K	DI
2511.08923	K	DI
2511.19269	K	DI
2511.21103	K	DI
2512.02044	K	DI
2512.02892	K	DI
2512.09350	D	-
2512.13586	K	DI
2512.14681	K	DJ
2512.15176	K	DS
2512.16229	K	DI
2512.17077	K	DI
2512.20573	K	DS
2512.22234	K	DI
2512.22737	K	DI
2512.25014	K	DI
2601.02076	K	DI
2601.02236	K	DI
2601.04205	K	DI
2601.17868	D	-
2601.17902	D	-
2601.22031	K	DI
2601.22527	K	DI
2602.00286	K	DI
2602.00879	K	DI
2602.02159	K	DI
2602.04399	K	DI
2602.06953	K	DI
2602.07451	D	-
2602.08607	D	-
2602.10953	K	DI
2602.22868	K	DI
2602.23792	K	DI
2603.04514	K	DI
2603.05454	K	DI
2603.10088	K	DI
2603.15340	K	DI
2603.18489	K	DI
2603.21176	D	-
2604.02560	K	DI
2501.02336	K	DE
2501.16394	D	-
2502.06474	D	-
2502.12214	K	RL
2502.13842	K	RL
2503.02053	D	-
2503.08524	K	DE
2503.23798	K	DE
2504.06949	K	DE
2504.08850	K	DE
2504.10536	D	-
2504.10724	K	DE
2504.13984	K	DE
2504.15895	K	RE
2504.21831	D	-
2505.07686	K	RE
2505.14467	K	DE
2505.17420	K	DE
2505.17616	D	-
2505.18512	D	-
2505.21594	K	SE
2506.03700	K	DE
2506.05404	D	-
2506.06884	D	-
2506.17249	D	-
2508.14138	D	-
2509.05915	K	DE
2509.16598	D	-
2510.01795	D	-
2510.13876	K	DE
2510.14211	K	DE
2510.19176	K	RE
2510.23766	K	DE
2512.05325	K	RE
2512.15372	D	-
2512.15705	K	DE
2601.03700	K	DE
2602.08864	K	RL
2603.01914	K	RL
2603.12269	D	-
2603.15619	K	MA
2603.21365	K	DE
2603.23701	K	DE
2501.10868	K	DC
2502.05111	K	DC
2502.09061	K	DC
2502.13527	D	-
2502.14969	D	-
2502.18878	K	DC
2503.03194	D	-
2503.18050	K	DC
2504.03995	D	-
2504.09135	K	DC
2504.09246	K	DC
2504.17562	D	-
2505.04016	K	DC
2505.20139	D	-
2505.24479	D	-
2506.00815	D	-
2506.01151	K	DC
2506.14901	D	-
2507.01810	D	-
2507.15343	K	MA
2508.10366	D	-
2508.10369	D	-
2508.15866	K	DC
2508.15910	D	-
2509.08182	D	-
2509.17338	D	-
2509.21791	D	-
2509.23417	D	-
2509.26616	D	-
2510.08623	D	-
2510.13183	D	-
2510.17376	K	DC
2510.17883	D	-
2511.11018	K	DC
2511.18335	D	-
2511.21750	D	-
2512.23712	D	-
2601.09717	D	-
2601.12014	D	-
2602.14295	D	-
2602.15858	D	-
2603.01788	D	-
2603.03306	K	DC
2603.05540	K	DC
2603.18014	D	-
2604.03616	K	DC
2501.02518	D	-
2501.06553	D	-
2501.08523	D	-
2502.02830	D	-
2502.03628	D	-
2502.03685	K	DP
2502.06217	D	-
2502.07170	D	-
2502.10058	D	-
2502.11476	D	-
2502.11751	D	-
2502.14037	K	DP
2502.15654	D	-
2502.17450	D	-
2502.18389	D	-
2503.00029	K	DP
2503.00361	D	-
2503.00831	K	DP
2503.08342	D	-
2503.13107	D	-
2503.13288	K	RT
2503.20362	D	-
2503.21720	D	-
2503.21929	K	DP
2503.23415	D	-
2504.10478	K	TR
2504.12137	D	-
2504.13227	D	-
2504.15266	K	DP
2504.18256	D	-
2505.02391	D	-
2505.11183	K	DP
2505.14906	D	-
2505.16652	D	-
2505.17061	D	-
2505.17122	D	-
2505.19371	K	DP
2505.19678	D	-
2505.20862	D	-
2505.23657	K	DP
2506.13681	K	DP
2506.16043	K	RT
2506.17296	D	-
2506.18082	D	-
2507.02226	D	-
2507.03038	K	DP
2507.04404	K	DP
2507.04408	D	-
2507.05880	D	-
2507.07685	D	-
2507.07993	D	-
2508.01653	D	-
2508.05534	D	-
2508.08149	D	-
2508.13580	D	-
2508.16267	D	-
2508.16701	D	-
2508.20757	K	DP
2509.08383	D	-
2509.14718	D	-
2509.16696	D	-
2509.23088	D	-
2509.23234	K	DP
2509.23379	D	-
2509.26307	D	-
2510.01218	K	DP
2510.13315	D	-
2510.13681	D	-
2510.15480	D	-
2510.20208	D	-
2510.26697	K	DP
2511.04835	D	-
2512.01922	D	-
2512.03803	D	-
2512.04643	D	-
2512.13576	D	-
2512.17189	D	-
2601.01156	D	-
2601.01714	K	DP
2601.03500	D	-
2601.15296	K	DP
2601.22536	K	DP
2602.11737	D	-
2602.18232	K	DP
2602.18292	K	DP
2602.20696	D	-
2603.18428	K	DP
2603.21301	D	-
2604.00018	K	DP
2509.24296	D	-
2510.06303	K	CA
2512.06776	K	CA
2512.15713	K	CA
2512.24143	D	-
2603.01780	D	-
2603.06617	K	DD
2501.15570	K	CL
2502.13145	K	CL
2503.01496	K	CL
2503.03269	K	AL
2503.24067	K	AH
2504.14366	K	CL
2505.03005	K	CL
2505.22135	K	CL
2505.24531	D	-
2506.09316	K	CL
2506.17671	K	CL
2507.03340	K	CL
2508.16998	D	-
2509.18467	K	CL
2509.21936	K	AL
2510.05901	K	CL
2511.00564	D	-
2512.14925	D	-
2512.20569	K	CL
2601.22156	K	CL
2602.02180	K	CL
2602.04915	K	AL
2602.11374	K	CL
2502.07864	K	CM
2502.14837	K	CM
2503.11132	K	CM
2505.17272	K	CM
2506.01084	K	TK
2510.14624	K	XV
2510.16807	K	KX
2603.17946	K	CM
2501.15316	K	CU
2502.03009	K	CU
2502.12325	K	CU
2502.19261	K	CU
2503.11144	K	CU
2506.12597	K	CU
2507.18671	K	CU
2509.00679	K	CU
2509.02377	D	-
2510.01185	K	CU
2510.02194	D	-
2603.13364	K	CU
2603.29765	K	CU
2503.19693	K	CT
2503.20083	K	CT
2504.17025	K	CT
2506.01535	D	-
2506.03523	K	CT
2506.19993	D	-
2508.15807	K	CT
2511.14365	D	-
2512.03989	K	CT
2602.21669	K	CT
2501.00061	K	CG
2501.05559	D	-
2502.00997	K	CG
2502.02421	K	CG
2502.04030	K	CG
2502.04959	K	CG
2502.06876	D	-
2502.09056	K	CG
2502.10339	K	CG
2502.10436	K	CG
2502.10749	K	CG
2502.10762	D	-
2502.11533	D	-
2502.12420	K	CG
2502.15434	K	CG
2502.16094	D	-
2502.16770	D	-
2502.17159	D	-
2502.20186	K	CG
2503.00596	D	-
2503.02103	D	-
2503.03874	K	CG
2503.04834	K	CG
2503.05320	K	CG
2503.08099	K	CG
2503.12649	K	CG
2503.14897	D	-
2503.18008	D	-
2503.21088	D	-
2503.21272	K	CG
2504.01789	D	-
2504.02620	D	-
2504.04626	D	-
2504.10902	K	CG
2504.11268	D	-
2504.18992	K	CG
2505.00649	D	-
2505.06977	K	CG
2505.10717	D	-
2505.11204	K	CG
2505.12021	K	CG
2505.12082	K	CG
2505.14009	K	CG
2505.14136	K	CG
2505.15875	K	CG
2505.16066	K	CG
2505.18356	K	CG
2505.18548	D	-
2505.18713	D	-
2505.18752	D	-
2505.19892	D	-
2505.20144	D	-
2505.22697	K	CG
2505.23117	K	CG
2505.23561	D	-
2505.23859	K	CG
2505.24262	D	-
2506.01194	D	-
2506.02478	K	CG
2506.03189	D	-
2506.03426	D	-
2506.09048	D	-
2506.12384	D	-
2506.16506	K	CG
2506.18135	K	CG
2507.09846	K	TO
2508.00360	D	-
2508.06163	K	CG
2508.17926	D	-
2508.19839	D	-
2509.01363	K	CG
2509.01548	D	-
2509.08255	D	-
2509.11167	K	CG
2509.12951	D	-
2509.17348	D	-
2509.17786	K	CG
2509.19476	D	-
2509.19727	D	-
2509.22034	K	CG
2509.25712	K	CG
2510.01845	D	-
2510.03782	D	-
2510.08987	D	-
2510.09658	K	CG
2510.17890	K	CG
2510.19782	D	-
2510.20479	D	-
2510.21223	K	CG
2510.26546	D	-
2510.27265	D	-
2511.02451	D	-
2511.10683	D	-
2511.10712	D	-
2511.10850	K	CG
2511.11851	D	-
2511.13373	D	-
2511.14569	D	-
2511.19561	K	CG
2511.21437	K	CG
2512.02689	D	-
2512.16245	D	-
2512.19320	K	CG
2601.05560	K	CG
2601.06780	D	-
2601.07309	D	-
2601.07645	D	-
2601.09473	K	CG
2601.16127	D	-
2601.17858	K	TD
2601.21115	K	CG
2601.22030	D	-
2601.22748	D	-
2602.04937	K	CG
2602.05943	K	CG
2602.06552	K	CG
2602.08218	K	CG
2602.09413	K	CG
2602.11717	K	CG
2602.18658	D	-
2602.24288	D	-
2603.01416	D	-
2603.04894	D	-
2603.04972	K	CG
2603.06242	K	CG
2603.09463	K	CG
2603.09938	K	CG
2603.28263	D	-
2604.00627	D	-
2604.01329	K	CG
2604.01538	D	-
2504.00623	K	CO
2508.08011	K	CO
2510.08531	D	-
2601.19089	K	TP
2603.18911	D	-
2604.00489	D	-
2501.05248	K	PS
2501.16376	K	PU
2501.18015	K	PU
2501.18980	K	PU
2501.19090	K	PL
2502.00258	K	PU
2502.01705	K	PU
2502.12444	K	PU
2503.04992	K	PU
2503.22451	K	PU
2504.14365	K	SH
2505.10782	K	SE
2505.19433	K	PU
2505.21171	K	PU
2505.23049	K	PU
2506.10205	K	PU
2509.25996	K	PU
2510.05528	K	PU
2511.13061	K	PU
2601.09694	K	PU
2602.06183	K	PU
2603.05168	K	PU
2603.05232	K	PU
2603.05878	K	PU
2603.16001	D	-
2603.25325	D	-
2501.02086	K	PS
2501.08504	D	-
2501.09412	K	PS
2501.15255	K	PS
2501.15278	K	PS
2501.16214	K	XP
2501.17771	K	PS
2501.18638	D	-
2502.00046	D	-
2502.00744	D	-
2502.03984	D	-
2502.04348	K	PS
2502.07771	D	-
2502.08323	D	-
2502.10735	K	PS
2502.14008	K	PS
2502.14413	K	PS
2502.14902	D	-
2502.14910	K	PS
2502.15618	K	PS
2502.15796	D	-
2502.15910	D	-
2502.16638	D	-
2502.19159	K	PS
2503.01542	K	PS
2503.04377	K	PS
2503.06184	K	PS
2503.06291	K	PS
2503.07605	K	PS
2503.09657	K	PS
2503.10041	D	-
2503.11103	D	-
2503.11164	K	PS
2503.15369	D	-
2503.18377	K	PS
2503.21714	D	-
2504.03794	K	PS
2504.05346	K	PS
2504.06323	K	PS
2504.09897	D	-
2504.14569	K	PS
2504.14810	D	-
2505.01731	K	PS
2505.02819	K	PS
2505.03373	K	PS
2505.12216	K	PS
2505.13547	D	-
2505.16743	K	PS
2505.18350	K	PS
2505.18799	D	-
2505.21987	K	PS
2505.22689	K	PS
2505.23807	K	PS
2505.24680	K	PS
2506.02210	D	-
2506.02561	K	PS
2506.02951	D	-
2506.03510	K	PS
2506.04179	K	PS
2506.06866	K	PU
2506.08436	K	PS
2506.12826	D	-
2506.20480	K	PS
2507.00390	K	EC
2507.02909	D	-
2507.04517	K	PS
2507.06449	D	-
2507.07064	D	-
2507.07527	D	-
2507.09185	D	-
2507.12750	D	-
2507.14344	D	-
2507.18212	K	PS
2507.23362	D	-
2508.01236	D	-
2508.02381	K	PS
2508.05239	K	PS
2508.09471	K	PS
2508.11733	D	-
2508.15828	K	PS
2508.17209	D	-
2508.20032	D	-
2508.20122	D	-
2509.00096	D	-
2509.00958	D	-
2509.05584	D	-
2509.06836	K	PS
2509.10844	D	-
2509.20802	D	-
2509.23883	D	-
2510.03282	D	-
2510.07782	K	PS
2510.13713	K	PS
2510.13832	K	PS
2510.15304	K	PS
2510.18636	D	-
2510.22489	K	PS
2510.22763	D	-
2510.23652	K	PS
2511.00699	K	RT
2511.02213	K	PS
2511.07482	D	-
2511.08595	D	-
2511.14293	D	-
2511.17205	K	PS
2511.18864	K	PS
2511.19495	K	PG
2511.19518	D	-
2511.19566	K	PS
2511.19676	D	-
2511.21398	D	-
2512.00880	D	-
2512.02185	K	PS
2512.03343	D	-
2512.05385	D	-
2512.07090	K	PS
2512.10922	K	PS
2512.13886	K	PS
2512.19125	D	-
2512.20636	K	PS
2512.23014	K	PS
2512.23087	K	TR
2601.02674	K	PS
2601.05257	D	-
2601.07212	K	PS
2601.17532	D	-
2601.18091	K	PS
2601.19503	K	PS
2601.22632	K	PS
2602.01975	K	PS
2602.02883	D	-
2602.02891	K	PS
2602.04919	K	PS
2602.04926	D	-
2602.07375	K	PS
2602.07804	K	PS
2602.08858	K	PS
2602.21652	K	PS
2603.06270	D	-
2603.08083	K	PS
2603.11489	D	-
2603.11881	K	PS
2603.14219	D	-
2603.20275	D	-
2603.27661	D	-
2604.02956	D	-
2501.16337	D	-
2503.16672	K	PA
2504.19449	K	PA
2505.07239	D	-
2505.14884	K	PA
2505.17701	K	PA
2505.19235	D	-
2505.19427	K	PA
2506.06644	K	PA
2506.16500	K	TF
2506.20194	K	PA
2507.01299	K	PA
2507.08771	K	PA
2507.14179	K	PA
2508.02128	K	PA
2509.00454	K	PA
2510.09380	D	-
2510.26277	D	-
2511.04477	K	PA
2601.08441	D	-
2602.14452	K	PA
2603.12272	K	PA
2603.14110	K	PA
2604.03258	K	PA
2501.14713	K	PL
2501.16372	K	PL
2501.18596	K	PL
2501.19135	K	PL
2502.01403	K	PL
2502.02723	K	PL
2503.12340	K	PL
2503.22074	D	-
2505.17856	D	-
2505.20112	K	PL
2505.23966	K	PL
2506.02077	K	PL
2506.20353	K	PL
2507.03294	K	PL
2507.08091	K	TO
2507.09616	K	PL
2508.04581	K	PL
2508.16680	K	PL
2509.11254	D	-
2509.23472	K	TF
2509.25622	K	PL
2510.09332	K	PL
2510.16292	D	-
2510.18723	D	-
2510.19385	K	PL
2510.19389	K	PL
2510.26446	K	PL
2511.02681	K	PL
2512.01980	K	PL
2512.03062	K	PL
2512.03383	K	PL
2512.13494	K	PL
2512.13733	K	PL
2601.05684	K	QG
2601.07839	K	PL
2601.17112	K	PL
2602.02848	K	PL
2602.03051	K	PL
2602.24283	K	TO
2603.01376	K	PL
2603.28534	D	-
2604.00821	K	PL
2604.02119	K	PL
2604.02570	D	-
2604.02659	K	PL
2604.03110	D	-
2604.03582	D	-
2501.00031	D	-
2501.00152	D	-
2501.00343	K	PD
2501.01709	D	-
2501.02754	D	-
2501.02795	D	-
2501.03273	D	-
2501.05554	D	-
2501.06405	D	-
2501.07681	D	-
2501.08885	D	-
2501.09009	D	-
2501.09126	D	-
2501.09757	D	-
2501.12619	K	PD
2501.12660	D	-
2501.13341	D	-
2501.15108	D	-
2501.16239	D	-
2501.16329	D	-
2501.16734	D	-
2501.16937	K	PD
2501.18056	D	-
2502.01694	D	-
2502.01770	K	AS
2502.02671	K	PD
2502.03034	D	-
2502.03860	K	TR
2502.05223	D	-
2502.06189	D	-
2502.06659	D	-
2502.07436	K	PD
2502.07942	D	-
2502.10683	D	-
2502.10914	D	-
2502.11258	D	-
2502.11306	D	-
2502.11598	D	-
2502.11766	K	PD
2502.12143	K	PD
2502.15685	D	-
2502.15857	D	-
2502.17715	D	-
2502.17717	K	PD
2502.18001	K	PD
2502.18020	D	-
2502.19009	D	-
2502.19545	D	-
2502.19557	K	PD
2502.19712	D	-
2502.20339	K	PD
2502.20350	D	-
2502.20389	D	-
2502.21074	K	RL
2503.00736	D	-
2503.01461	K	PD
2503.01653	D	-
2503.01754	D	-
2503.02832	K	PD
2503.03008	D	-
2503.03730	D	-
2503.04357	D	-
2503.06790	D	-
2503.07067	K	PD
2503.07669	D	-
2503.07826	D	-
2503.08727	D	-
2503.09313	D	-
2503.09878	D	-
2503.10460	K	TR
2503.12067	D	-
2503.12369	D	-
2503.13060	D	-
2503.14495	D	-
2503.14749	D	-
2503.15737	D	-
2503.15983	D	-
2503.16385	K	PD
2503.16511	K	PD
2503.16870	K	PD
2503.16873	D	-
2503.16970	D	-
2503.17336	D	-
2503.17494	K	PD
2503.19406	D	-
2503.19633	K	TD
2503.21269	D	-
2503.23219	D	-
2503.23312	D	-
2503.23721	D	-
2503.24198	K	RE
2504.00048	D	-
2504.01738	K	PD
2504.01943	K	TD
2504.02010	K	PG
2504.02094	D	-
2504.02438	D	-
2504.02521	K	PD
2504.04699	D	-
2504.06036	D	-
2504.07029	D	-
2504.07158	K	MR
2504.08752	D	-
2504.08838	K	DS
2504.08874	D	-
2504.10538	D	-
2504.10647	D	-
2504.10738	D	-
2504.11426	K	PD
2504.13825	K	PD
2504.14772	K	PD
2504.15362	D	-
2504.16056	D	-
2504.16408	D	-
2504.16856	D	-
2504.17220	D	-
2504.17480	D	-
2504.17565	K	TD
2504.19024	K	PD
2504.19565	D	-
2504.20000	D	-
2505.01693	D	-
2505.02138	D	-
2505.05360	D	-
2505.06027	D	-
2505.06267	D	-
2505.06803	D	-
2505.07105	D	-
2505.07162	D	-
2505.07164	D	-
2505.07675	D	-
2505.07861	K	PL
2505.08151	D	-
2505.10719	D	-
2505.11221	D	-
2505.11731	D	-
2505.11829	D	-
2505.11837	D	-
2505.13111	K	PD
2505.14052	K	PD
2505.14216	K	TR
2505.14464	K	TD
2505.15255	D	-
2505.15442	K	PD
2505.15572	D	-
2505.16142	K	PD
2505.16297	K	PD
2505.17612	K	PD
2505.17952	D	-
2505.18040	D	-
2505.18053	D	-
2505.18120	D	-
2505.18166	K	PD
2505.18358	D	-
2505.18642	K	PD
2505.18656	D	-
2505.18952	K	PD
2505.19504	D	-
2505.19722	D	-
2505.20014	D	-
2505.20133	K	CT
2505.20335	K	PD
2505.21067	K	PD
2505.21317	D	-
2505.21518	D	-
2505.21959	D	-
2505.22037	D	-
2505.22131	K	PD
2505.22517	D	-
2505.24842	D	-
2505.24850	K	PD
2506.00419	D	-
2506.00910	D	-
2506.01420	D	-
2506.02208	K	PD
2506.03229	D	-
2506.03541	D	-
2506.03857	D	-
2506.04734	D	-
2506.05695	K	PD
2506.06278	D	-
2506.07055	D	-
2506.07851	K	PD
2506.08678	D	-
2506.09883	D	-
2506.10452	D	-
2506.10508	D	-
2506.11120	K	PS
2506.11516	D	-
2506.11752	K	RL
2506.11892	D	-
2506.12038	K	Q2
2506.12937	D	-
2506.13038	D	-
2506.13358	D	-
2506.14728	D	-
2506.14948	D	-
2506.15118	D	-
2506.15702	D	-
2506.15717	K	PD
2506.16170	D	-
2506.16777	D	-
2506.17486	D	-
2506.18716	D	-
2506.19171	D	-
2506.19952	D	-
2506.21220	D	-
2507.01921	K	TD
2507.02315	D	-
2507.02911	D	-
2507.02982	D	-
2507.04680	D	-
2507.04820	D	-
2507.05617	D	-
2507.05707	D	-
2507.07147	D	-
2507.07630	D	-
2507.08151	D	-
2507.08224	D	-
2507.08336	D	-
2507.08520	D	-
2507.08619	D	-
2507.08877	D	-
2507.09850	D	-
2507.10155	K	PD
2507.14447	D	-
2507.14686	D	-
2507.15680	D	-
2507.16226	D	-
2507.19102	D	-
2507.19686	D	-
2507.19741	D	-
2507.19780	D	-
2507.20278	D	-
2507.21179	D	-
2507.22094	D	-
2508.01595	D	-
2508.02148	D	-
2508.02618	D	-
2508.03099	D	-
2508.03628	D	-
2508.04539	D	-
2508.04816	D	-
2508.05234	D	-
2508.06135	K	PD
2508.06781	D	-
2508.07054	D	-
2508.07264	D	-
2508.07616	D	-
2508.08273	D	-
2508.08274	D	-
2508.09423	D	-
2508.09453	D	-
2508.09666	D	-
2508.10899	D	-
2508.12597	D	-
2508.12727	D	-
2508.13167	D	-
2508.15423	D	-
2508.16861	K	PD
2508.18992	D	-
2508.19487	D	-
2508.20557	D	-
2508.21561	D	-
2509.00039	D	-
2509.00309	K	TR
2509.01088	D	-
2509.01215	D	-
2509.04821	D	-
2509.05226	K	RE
2509.05602	D	-
2509.07858	D	-
2509.08814	K	PD
2509.09226	D	-
2509.14526	K	PD
2509.14622	D	-
2509.14930	D	-
2509.15224	D	-
2509.15472	D	-
2509.15608	D	-
2509.15661	D	-
2509.16944	D	-
2509.16965	K	PD
2509.19044	D	-
2509.19215	D	-
2509.20820	D	-
2509.20854	K	QG
2509.21487	D	-
2509.22921	K	PD
2509.22984	D	-
2509.23077	D	-
2509.23097	D	-
2509.23252	D	-
2509.23574	D	-
2509.23619	D	-
2509.23667	D	-
2509.23886	D	-
2509.23990	D	-
2509.25100	K	PD
2509.25253	K	PD
2509.26226	K	TR
2509.26235	D	-
2510.00143	D	-
2510.00347	D	-
2510.00482	D	-
2510.01375	D	-
2510.03134	D	-
2510.05064	K	PD
2510.05490	D	-
2510.06101	K	PD
2510.06240	D	-
2510.06410	D	-
2510.06645	D	-
2510.07227	K	TP
2510.07842	K	PD
2510.07923	D	-
2510.09607	D	-
2510.10116	D	-
2510.10987	D	-
2510.11056	D	-
2510.11176	D	-
2510.11545	D	-
2510.11615	K	PD
2510.12014	D	-
2510.13166	D	-
2510.13390	D	-
2510.13998	K	Q1
2510.15992	D	-
2510.16716	D	-
2510.16968	D	-
2510.17421	D	-
2510.17555	D	-
2510.17598	D	-
2510.18541	D	-
2510.18583	D	-
2510.19290	D	-
2510.19779	K	DS
2510.21631	D	-
2510.21879	D	-
2510.24021	K	PD
2510.25801	D	-
2510.26037	D	-
2510.26271	D	-
2510.27077	D	-
2510.27684	D	-
2511.01354	K	PD
2511.01470	K	RE
2511.02833	K	PD
2511.03005	D	-
2511.05085	K	PD
2511.05170	D	-
2511.05184	D	-
2511.05528	D	-
2511.05704	D	-
2511.05855	D	-
2511.07110	D	-
2511.07998	D	-
2511.08914	K	QG
2511.10643	K	PD
2511.10942	D	-
2511.11574	D	-
2511.14499	D	-
2511.14716	D	-
2511.14763	D	-
2511.14981	D	-
2511.17041	D	-
2511.17448	D	-
2511.17577	K	PS
2511.17638	D	-
2511.21106	D	-
2511.22044	D	-
2512.02555	D	-
2512.05740	D	-
2512.08088	D	-
2512.08700	D	-
2512.09329	D	-
2512.09403	D	-
2512.11325	D	-
2512.11582	D	-
2512.12461	D	-
2512.13421	D	-
2512.14645	D	-
2512.17053	D	-
2512.18174	D	-
2512.18554	D	-
2512.19093	D	-
2512.20908	D	-
2512.21526	D	-
2512.21576	D	-
2512.22238	D	-
2512.22239	D	-
2601.00202	D	-
2601.00359	D	-
2601.00504	D	-
2601.00926	D	-
2601.02563	D	-
2601.03717	D	-
2601.03743	D	-
2601.05144	D	-
2601.05913	D	-
2601.05960	D	-
2601.07469	D	-
2601.08169	D	-
2601.08412	D	-
2601.09059	D	-
2601.09865	K	QG
2601.10064	K	PD
2601.10114	D	-
2601.10321	D	-
2601.11630	D	-
2601.16219	D	-
2601.17625	D	-
2601.18734	K	PD
2601.18909	D	-
2601.19588	D	-
2601.20088	K	QF
2601.20802	K	TR
2601.21283	D	-
2601.21968	K	PD
2601.22949	D	-
2602.00372	K	PL
2602.00852	D	-
2602.00871	D	-
2602.01395	K	PD
2602.01547	D	-
2602.01937	D	-
2602.01956	D	-
2602.03006	D	-
2602.04412	D	-
2602.04699	D	-
2602.04942	K	TR
2602.05182	D	-
2602.05452	D	-
2602.09294	D	-
2602.09483	D	-
2602.12172	D	-
2602.12275	K	PD
2602.12674	K	PD
2602.12936	D	-
2602.13567	K	PD
2602.14301	D	-
2602.14428	D	-
2602.15734	D	-
2602.15845	D	-
2602.16093	K	PD
2602.18749	D	-
2602.19005	D	-
2602.19516	D	-
2602.19822	D	-
2602.20164	D	-
2602.20676	D	-
2602.20800	D	-
2602.21221	K	XP
2602.21857	D	-
2602.22250	D	-
2602.22351	D	-
2602.22613	D	-
2603.00136	D	-
2603.04289	D	-
2603.05198	D	-
2603.05517	D	-
2603.06618	D	-
2603.07223	D	-
2603.07710	D	-
2603.07835	D	-
2603.08719	D	-
2603.10587	D	-
2603.10877	D	-
2603.11137	K	PD
2603.11342	D	-
2603.12270	D	-
2603.13017	D	-
2603.13274	K	RE
2603.13401	D	-
2603.13765	D	-
2603.13776	D	-
2603.14458	D	-
2603.14827	D	-
2603.15166	D	-
2603.16917	K	TK
2603.18688	D	-
2603.19266	K	PD
2603.19293	D	-
2603.20406	D	-
2603.21426	D	-
2603.21482	D	-
2603.22355	K	PD
2603.23871	K	TR
2603.24361	D	-
2603.24518	D	-
2603.24644	D	-
2603.25737	D	-
2603.26246	D	-
2603.26249	D	-
2603.28119	D	-
2603.29497	D	-
2604.00223	K	PD
2604.02288	K	TR
2604.03192	D	-
2604.03506	D	-
2501.00339	K	PS
2501.06126	K	PG
2501.15296	K	PG
2502.00922	K	PG
2502.01717	K	PG
2502.06415	K	PG
2502.11493	K	XP
2502.15092	K	PL
2502.15443	K	PG
2502.18424	K	PG
2502.18518	D	-
2503.04982	D	-
2503.17101	K	PL
2504.04215	D	-
2504.13237	K	PG
2505.00025	D	-
2505.03031	K	PG
2505.03801	K	PG
2505.11076	K	Q1
2505.14871	K	PL
2505.16956	D	-
2505.21835	K	PG
2505.24451	D	-
2506.02818	K	PG
2507.16872	D	-
2508.04307	D	-
2509.01221	D	-
2511.14694	D	-
2512.16855	D	-
2602.23795	K	PG
2603.17917	K	PG
2603.28845	K	PG
2501.09410	D	-
2501.09636	D	-
2501.12430	D	-
2501.12431	D	-
2501.13074	K	EA
2501.14346	D	-
2501.16220	D	-
2501.18936	D	-
2502.00281	K	AV
2502.00354	D	-
2502.00806	D	-
2502.01976	K	SG
2502.02523	D	-
2502.06094	D	-
2502.06832	D	-
2502.08381	D	-
2502.08773	K	SG
2502.11059	D	-
2502.11096	D	-
2502.12455	K	EA
2502.12464	D	-
2502.12947	K	EC
2502.13577	D	-
2502.15451	K	ET
2502.16696	D	-
2502.17187	D	-
2502.17298	K	EC
2502.20395	D	-
2502.20576	K	SG
2503.00049	D	-
2503.00413	D	-
2503.02369	D	-
2503.02495	K	EA
2503.03213	D	-
2503.03797	D	-
2503.04144	D	-
2503.04783	D	-
2503.05139	K	MR
2503.05324	K	SP
2503.05447	K	EA
2503.06823	K	EI
2503.06881	K	EC
2503.07137	K	EA
2503.07639	D	-
2503.07640	D	-
2503.09445	D	-
2503.10617	D	-
2503.10725	K	EI
2503.11695	D	-
2503.12592	D	-
2503.12662	D	-
2503.13268	D	-
2503.13575	D	-
2503.17793	K	MR
2503.18338	D	-
2503.19776	D	-
2503.20377	K	SH
2503.20750	D	-
2503.21227	D	-
2503.21464	D	-
2503.21971	D	-
2503.22402	D	-
2503.22517	D	-
2503.23007	K	EA
2503.23362	D	-
2504.01018	D	-
2504.02383	D	-
2504.03454	D	-
2504.03739	D	-
2504.04444	K	EA
2504.07964	K	EA
2504.08744	D	-
2504.09265	K	EA
2504.09345	K	EI
2504.10693	K	SB
2504.12234	D	-
2504.15299	K	EI
2504.18598	D	-
2504.21063	D	-
2504.21111	D	-
2505.00792	K	EA
2505.03531	K	EI
2505.03804	K	EC
2505.04201	D	-
2505.06839	K	EA
2505.07260	K	EA
2505.07290	D	-
2505.08719	D	-
2505.08944	K	EI
2505.10860	K	EA
2505.11415	K	EI
2505.11856	D	-
2505.13880	D	-
2505.14088	D	-
2505.14173	D	-
2505.14336	D	-
2505.15946	D	-
2505.16256	D	-
2505.17619	D	-
2505.18451	K	PA
2505.18455	D	-
2505.18586	D	-
2505.18670	D	-
2505.19284	D	-
2505.19947	K	SG
2505.19970	K	RE
2505.20925	D	-
2505.21191	D	-
2505.22323	K	EA
2505.22582	D	-
2505.23098	D	-
2505.23249	D	-
2505.23830	D	-
2505.23854	D	-
2505.24095	K	SB
2505.24378	D	-
2505.24593	D	-
2505.24597	D	-
2506.00965	D	-
2506.01833	D	-
2506.02041	D	-
2506.02460	D	-
2506.02890	K	EA
2506.03591	D	-
2506.04667	K	EI
2506.05426	D	-
2506.05901	D	-
2506.06318	D	-
2506.06406	D	-
2506.06579	K	SG
2506.06858	D	-
2506.07366	K	EI
2506.08054	D	-
2506.08424	D	-
2506.09351	K	CU
2506.09440	K	MR
2506.10016	D	-
2506.11006	D	-
2506.11052	D	-
2506.12365	D	-
2506.12388	D	-
2506.12417	K	EI
2506.12453	D	-
2506.13192	D	-
2506.13541	K	AV
2506.14038	K	EA
2506.14436	D	-
2506.14970	D	-
2506.16419	K	EA
2506.16428	D	-
2506.17368	D	-
2506.18145	K	EA
2506.18945	K	EA
2506.19077	D	-
2506.20650	D	-
2506.20986	D	-
2506.21199	D	-
2506.21328	K	EA
2506.21393	D	-
2506.21638	D	-
2506.22389	K	MA
2507.01351	D	-
2507.02822	D	-
2507.03221	D	-
2507.04631	D	-
2507.04638	D	-
2507.06567	K	EI
2507.07108	D	-
2507.11181	K	EA
2507.11834	D	-
2507.12566	D	-
2507.13107	D	-
2507.13812	D	-
2507.15303	D	-
2507.15385	D	-
2507.15465	K	SG
2507.17033	D	-
2507.19077	D	-
2507.19142	K	SH
2507.20535	D	-
2507.21199	D	-
2507.22050	D	-
2507.22371	D	-
2507.22937	D	-
2507.23279	K	EA
2508.00185	D	-
2508.01261	K	EA
2508.01598	D	-
2508.01625	K	EC
2508.01805	D	-
2508.02133	D	-
2508.02322	K	EC
2508.02853	D	-
2508.04903	D	-
2508.06036	D	-
2508.07738	D	-
2508.07785	K	EA
2508.08535	D	-
2508.09204	D	-
2508.09752	K	ET
2508.09779	D	-
2508.09886	D	-
2508.10672	D	-
2508.11291	D	-
2508.11679	D	-
2508.11999	D	-
2508.12594	K	AL
2508.12801	K	EA
2508.13676	D	-
2508.13921	D	-
2508.15036	D	-
2508.15688	D	-
2508.16568	D	-
2508.16802	D	-
2508.17595	D	-
2508.18376	K	EA
2508.18632	D	-
2508.18663	D	-
2508.18672	K	EA
2508.19268	D	-
2508.19373	K	EI
2508.19594	D	-
2508.21505	D	-
2509.00925	K	DE
2509.02408	K	EI
2509.02512	K	EC
2509.02785	D	-
2509.03695	D	-
2509.04479	D	-
2509.06298	D	-
2509.06465	D	-
2509.07571	D	-
2509.07727	K	EC
2509.08486	D	-
2509.09660	D	-
2509.09782	D	-
2509.10513	D	-
2509.10530	K	EA
2509.10919	D	-
2509.12141	D	-
2509.12629	D	-
2509.12715	D	-
2509.14269	D	-
2509.14671	D	-
2509.14899	D	-
2509.15361	D	-
2509.17238	K	RT
2509.17894	D	-
2509.18133	D	-
2509.20577	D	-
2509.21124	D	-
2509.21163	D	-
2509.21391	D	-
2509.22572	K	RT
2509.22745	D	-
2509.23012	K	EA
2509.23830	D	-
2509.24483	D	-
2509.25535	D	-
2509.25678	D	-
2509.25689	K	EC
2509.25889	D	-
2509.25913	K	EA
2509.25934	D	-
2510.00621	D	-
2510.00701	D	-
2510.00844	D	-
2510.02324	D	-
2510.02388	D	-
2510.02463	D	-
2510.02850	D	-
2510.03293	K	EA
2510.04286	K	EA
2510.04670	D	-
2510.04694	D	-
2510.05164	K	SG
2510.06189	D	-
2510.06275	D	-
2510.07825	D	-
2510.08256	D	-
2510.08396	D	-
2510.08629	D	-
2510.08731	K	SG
2510.10962	K	EC
2510.11001	K	MA
2510.11370	K	TR
2510.12974	D	-
2510.13079	K	EA
2510.13462	D	-
2510.13467	D	-
2510.13831	K	DE
2510.14353	D	-
2510.14853	K	EA
2510.15683	D	-
2510.16411	K	EA
2510.16448	D	-
2510.17483	K	EA
2510.18550	D	-
2510.18825	D	-
2510.19227	D	-
2510.20098	D	-
2510.20519	D	-
2510.21715	D	-
2510.21788	D	-
2510.21867	D	-
2510.23027	K	TR
2510.23671	D	-
2510.25091	D	-
2510.27004	D	-
2510.27051	D	-
2511.01197	D	-
2511.02237	K	EI
2511.02302	K	QT
2511.03251	D	-
2511.03270	D	-
2511.05630	D	-
2511.05745	D	-
2511.06441	D	-
2511.06494	K	EA
2511.07419	K	EA
2511.07424	K	SG
2511.08968	D	-
2511.09062	D	-
2511.09567	D	-
2511.10054	K	EI
2511.10233	D	-
2511.10676	K	EI
2511.10971	K	EA
2511.11236	D	-
2511.11621	D	-
2511.13983	D	-
2511.14093	D	-
2511.15870	D	-
2511.16947	K	ET
2511.17400	D	-
2511.18116	D	-
2511.18314	D	-
2511.19023	D	-
2511.19822	K	EC
2511.20662	D	-
2511.20683	D	-
2511.20975	D	-
2511.21089	K	CU
2511.21408	K	MA
2511.21701	D	-
2511.22788	D	-
2511.22935	D	-
2511.22955	D	-
2511.23321	D	-
2512.00740	D	-
2512.02810	D	-
2512.06678	D	-
2512.07857	D	-
2512.08814	D	-
2512.08968	D	-
2512.12219	D	-
2512.14048	D	-
2512.14080	K	ET
2512.14757	D	-
2512.14806	D	-
2512.16473	K	EI
2512.16963	D	-
2512.17073	K	EI
2512.17985	D	-
2512.18452	K	EA
2512.19551	D	-
2512.19765	K	EA
2512.20291	D	-
2512.20635	D	-
2512.21008	D	-
2512.21707	D	-
2512.22036	K	SP
2512.22741	D	-
2512.23029	D	-
2512.23273	D	-
2512.23447	K	EA
2512.23562	D	-
2512.23938	D	-
2512.24614	D	-
2601.00583	D	-
2601.00942	D	-
2601.01260	D	-
2601.01310	K	EI
2601.02943	D	-
2601.03577	K	EA
2601.04254	D	-
2601.05191	D	-
2601.05851	D	-
2601.06356	D	-
2601.08215	K	EA
2601.09043	D	-
2601.10159	D	-
2601.11564	D	-
2601.11616	D	-
2601.12137	D	-
2601.12316	D	-
2601.12996	D	-
2601.13133	D	-
2601.14050	D	-
2601.15370	K	EA
2601.17680	K	EA
2601.17855	K	SB
2601.18089	K	EA
2601.19723	D	-
2601.20300	D	-
2601.20380	D	-
2601.20755	K	SG
2601.21204	K	MA
2601.21420	K	EA
2601.22318	D	-
2601.22323	K	SG
2602.00003	D	-
2602.00296	D	-
2602.00939	D	-
2602.01466	K	EA
2602.01858	D	-
2602.02163	D	-
2602.02842	D	-
2602.03510	D	-
2602.04105	D	-
2602.04448	D	-
2602.05920	D	-
2602.06822	K	PS
2602.07381	D	-
2602.08019	K	EA
2602.08621	D	-
2602.08741	D	-
2602.09001	K	EA
2602.09316	K	EC
2602.09902	D	-
2506.12040	K	Q0
2602.06694	K	Q0
2508.06753	K	Q1
2509.23729	K	Q1
2510.18650	K	Q1
2512.21651	K	Q1
2601.13563	K	Q1
2603.16382	D	-
2604.06798	K	Q1
2604.18556	K	Q1
2605.00422	K	Q1
2605.02853	D	-
2605.10655	K	Q1
2605.18933	K	Q1
2606.00365	K	Q1
2606.04050	K	Q1
2606.13054	K	Q1
2606.21448	K	KQ
2606.22249	K	Q1
2606.25674	D	-
2606.26650	K	Q1
2607.12789	K	AV
2607.13511	K	Q1
2607.14630	K	Q1
2608.01078	K	Q1
2608.09595	K	Q1
2608.24469	K	Q1
2608.28809	K	Q1
2609.00224	K	Q1
2609.01962	K	Q1
2609.06161	K	Q1
2609.13031	D	-
2609.16338	K	Q1
2609.21038	D	-
2512.04746	K	Q2
2602.02001	K	Q2
2602.04163	K	Q2
2602.05367	K	Q2
2604.07674	D	-
2604.07888	K	Q2
2604.08118	K	Q2
2604.19884	K	Q2
2605.04738	K	Q2
2605.11222	K	Q2
2605.18800	K	Q2
2605.19645	K	Q2
2605.20193	D	-
2605.24019	K	Q2
2605.24144	K	Q2
2605.25203	K	Q2
2605.29843	K	Q2
2606.02823	K	Q2
2606.10520	K	Q2
2606.10531	K	Q2
2606.21257	K	Q2
2606.23419	K	Q2
2607.07964	K	Q2
2607.08643	K	Q2
2607.08734	K	Q2
2608.04048	K	Q2
2608.08188	K	Q2
2608.12026	K	Q2
2608.13966	K	Q2
2608.15567	K	Q2
2608.25977	D	-
2609.09867	K	Q2
2609.11687	K	Q2
2609.16391	D	-
2609.25492	D	-
2601.21626	K	Q3
2604.11080	K	Q3
2605.02404	K	Q3
2605.04084	K	Q3
2605.15208	D	-
2605.19929	D	-
2606.25519	K	Q3
2607.00908	K	Q3
2607.10137	K	Q3
2608.11045	K	Q3
2609.24875	D	-
2504.12334	D	-
2509.15206	D	-
2511.11663	K	Q4
2511.22316	K	Q4
2512.00956	K	Q4
2601.22347	K	Q4
2602.00165	K	Q4
2602.06181	D	-
2603.04956	K	Q4
2604.04013	K	Q4
2604.11465	D	-
2604.12782	K	Q4
2604.15167	K	Q4
2604.18128	K	Q4
2604.19342	D	-
2604.24008	K	Q4
2605.02196	D	-
2605.08692	K	Q4
2605.10959	D	-
2605.13915	K	Q4
2605.14844	K	Q4
2605.15138	D	-
2605.16343	K	Q4
2605.17471	K	Q4
2605.17997	K	Q4
2605.26092	K	Q4
2605.26175	K	Q4
2605.27003	D	-
2605.31035	K	QF
2606.01556	K	Q4
2606.03002	D	-
2606.04349	D	-
2606.07116	K	Q4
2606.08761	K	Q4
2606.09927	K	Q4
2606.10154	D	-
2606.11244	K	Q4
2606.12487	K	Q4
2606.26488	D	-
2606.28432	D	-
2606.29337	D	-
2606.29581	D	-
2607.01127	K	Q4
2607.08779	K	Q4
2607.11317	D	-
2607.12792	D	-
2607.16973	D	-
2607.18867	D	-
2607.20757	K	Q4
2607.22872	D	-
2607.24440	D	-
2607.25451	D	-
2607.27275	K	Q4
2607.27694	K	Q4
2607.27704	K	Q4
2607.28292	D	-
2607.29397	D	-
2608.02703	K	Q4
2608.03854	D	-
2608.07066	D	-
2608.08139	D	-
2608.09291	K	SE
2608.13293	D	-
2608.15531	K	Q4
2608.18578	D	-
2608.20873	K	Q4
2608.20953	K	Q4
2608.23144	K	Q4
2608.26402	D	-
2608.27512	D	-
2609.00049	K	Q4
2609.00450	K	Q4
2609.04748	K	KP
2609.06922	D	-
2609.07901	D	-
2609.10439	D	-
2609.21450	K	Q4
2609.22216	D	-
2609.24799	D	-
2609.26173	K	Q4
2512.02010	K	QF
2601.07475	K	QF
2604.17789	K	QF
2605.12245	K	QF
2605.12327	K	QF
2605.12464	K	QF
2605.19561	K	QF
2605.20315	K	QF
2606.23406	K	QF
2606.28962	D	-
2606.29239	D	-
2608.01847	K	QF
2608.03867	K	QF
2608.26581	K	QF
2608.28113	K	QF
2609.00066	K	QF
2609.09721	K	AK
2609.14060	D	-
2609.19683	K	QF
2609.22106	K	QF
2508.18025	D	-
2512.18934	K	Q8
2604.04297	D	-
2604.04701	K	Q8
2605.14929	K	Q8
2605.26189	K	Q8
2605.26339	K	Q8
2605.28827	D	-
2606.03026	D	-
2606.12280	D	-
2608.06763	K	Q8
2608.18182	D	-
2608.21952	K	Q8
2608.22322	K	TO
2608.23582	D	-
2608.24615	D	-
2608.28003	K	Q8
2609.01587	K	Q8
2609.06473	D	-
2609.15810	D	-
2609.19743	D	-
2609.23444	D	-
2609.29999	D	-
2505.19342	K	SP
2507.18073	K	QM
2511.06516	K	QM
2512.07419	D	-
2512.12930	K	SH
2602.01027	K	QM
2602.20191	K	QM
2604.26378	K	QM
2605.18475	K	QM
2605.25054	D	-
2605.26660	K	QM
2606.00079	K	QM
2606.04063	K	QM
2606.04115	K	QM
2606.04620	K	QM
2606.07819	K	QM
2606.17118	K	QM
2606.31303	D	-
2607.02893	K	QM
2607.14618	K	QM
2607.17733	K	QM
2607.23047	K	QM
2608.02700	D	-
2608.24945	K	QM
2608.27513	K	QM
2608.30564	K	QM
2609.07664	K	QM
2609.25916	K	QM
2501.17116	K	QT
2505.01043	K	QT
2509.22536	K	QT
2510.04212	K	QT
2510.27527	K	QT
2601.22813	K	QT
2602.18851	K	QT
2603.00040	K	QT
2603.10444	K	QT
2604.02525	K	QT
2605.09825	K	QT
2606.00539	K	QT
2606.07618	K	QF
2606.15682	K	QT
2606.20381	K	QT
2607.07494	K	QT
2607.10611	K	QT
2607.24953	K	QT
2609.23536	K	QT
2502.00527	K	KQ
2505.00598	D	-
2505.10202	K	QG
2505.13963	D	-
2505.17595	K	QG
2507.14811	D	-
2507.18553	K	QG
2508.03351	D	-
2508.04853	K	QG
2509.21173	D	-
2510.09711	D	-
2601.00282	D	-
2601.03484	D	-
2601.12033	D	-
2601.17187	K	QG
2602.02726	D	-
2602.03120	K	QG
2602.05790	K	QG
2602.05902	K	QG
2602.10431	K	QG
2602.17681	K	QG
2602.18109	D	-
2603.11021	K	QG
2604.04514	D	-
2604.07955	K	QG
2604.10091	K	QG
2604.13806	K	QG
2604.17816	D	-
2604.21649	D	-
2604.22290	D	-
2605.05693	K	QG
2605.06082	D	-
2605.06207	D	-
2605.08755	K	QG
2605.08894	K	QG
2605.10793	K	QG
2605.13768	K	QG
2605.15152	D	-
2605.15507	K	QG
2605.19972	K	QG
2605.25469	K	QG
2605.25880	K	QG
2605.29756	K	QG
2606.01850	D	-
2606.02288	K	QG
2606.02628	D	-
2606.05429	K	QG
2606.09012	K	QG
2606.10890	K	QG
2606.12876	K	QG
2606.18851	D	-
2606.19558	K	QG
2606.20847	D	-
2606.22153	D	-
2606.27313	D	-
2607.03328	D	-
2607.09999	D	-
2607.10021	D	-
2607.11215	D	-
2607.21063	D	-
2607.21076	D	-
2607.26316	D	-
2607.27944	D	-
2608.05783	D	-
2608.07019	K	QG
2608.08447	D	-
2608.20988	K	QG
2608.24173	K	QG
2608.25053	K	SE
2608.26926	K	QG
2608.27875	K	QG
2608.29667	K	QG
2609.05881	K	SG
2609.11716	K	QG
2609.26241	D	-
2609.27355	D	-
2502.15075	K	KQ
2505.18231	K	KQ
2505.18610	K	KQ
2602.23200	K	KQ
2604.04722	K	KQ
2604.16957	K	KQ
2604.19157	K	KQ
2605.02262	D	-
2605.02905	K	KQ
2605.03562	K	KQ
2605.03884	K	KQ
2605.05699	K	KQ
2605.06675	K	KQ
2605.08317	K	KQ
2605.11478	K	KQ
2605.17170	K	KQ
2605.17757	K	KQ
2605.19660	K	KQ
2605.20868	K	KQ
2605.21226	K	KQ
2605.26266	D	-
2605.27646	K	KQ
2606.03458	K	KQ
2606.09864	D	-
2606.20474	K	KQ
2606.24033	K	KQ
2607.01065	K	KQ
2607.01831	K	KQ
2607.16248	K	KQ
2607.17019	D	-
2607.28699	D	-
2608.02691	K	KQ
2608.04074	K	KQ
2608.28911	K	KQ
2608.30076	K	KQ
2608.30996	D	-
2609.04263	K	KQ
2609.05764	K	SH
2609.11582	D	-
2609.19880	K	KQ
2502.01068	K	KE
2502.01941	K	KE
2502.03805	K	KE
2502.16886	K	KE
2508.15806	K	KE
2509.17396	K	KE
2510.00231	K	KE
2510.01290	K	KE
2510.07651	K	KE
2510.08525	K	KE
2510.18586	K	SG
2511.02230	K	SB
2511.03092	K	SH
2512.07993	K	KE
2601.07667	K	KE
2601.13684	K	KE
2602.02599	K	KE
2602.03203	K	KE
2602.08585	K	KE
2602.08686	K	KE
2602.10238	K	KE
2603.00188	D	-
2603.11504	K	KE
2603.22910	K	KE
2604.05012	K	KE
2604.05404	D	-
2604.05887	D	-
2604.06694	D	-
2604.10235	K	KE
2604.10900	K	KE
2604.11288	K	KE
2604.11501	K	KE
2604.12376	D	-
2604.13349	D	-
2604.15356	K	KE
2604.17695	K	KE
2604.17935	K	KE
2604.18002	K	KE
2604.21335	K	KE
2604.24647	K	KE
2604.25975	K	KE
2604.26968	K	KO
2605.01280	D	-
2605.04075	D	-
2605.05971	K	KE
2605.06676	K	KE
2605.07234	K	KE
2605.08234	K	KE
2605.08840	K	KE
2605.09649	K	KE
2605.13734	K	KE
2605.14877	D	-
2605.16439	D	-
2605.17447	D	-
2605.17613	K	KE
2605.18053	K	KE
2605.19218	D	-
2605.22106	K	KE
2605.22148	D	-
2605.22269	D	-
2605.22337	K	KE
2605.22884	K	KE
2605.23258	K	KE
2605.24786	K	KE
2605.25085	K	KE
2605.25422	D	-
2605.25475	K	KE
2605.26678	K	KE
2605.29873	K	KE
2605.31105	K	KE
2606.01563	K	KE
2606.01790	D	-
2606.02964	K	SG
2606.03075	D	-
2606.03928	K	KE
2606.04628	D	-
2606.05698	D	-
2606.06302	K	KE
2606.09508	K	KE
2606.09916	K	KE
2606.11164	K	KE
2606.11213	D	-
2606.14782	D	-
2606.15157	K	KE
2606.15555	K	SB
2606.17016	K	KE
2606.17872	D	-
2606.20954	D	-
2606.22528	D	-
2606.22953	D	-
2606.23961	K	KE
2606.24467	K	KE
2606.26472	K	KE
2606.26875	K	KE
2606.29563	K	KE
2606.31145	K	KE
2607.00760	K	KE
2607.01237	K	KE
2607.01520	K	KE
2607.02525	K	SB
2607.05061	K	KE
2607.05399	K	KE
2607.06519	K	KE
2607.06523	K	KE
2607.08032	K	KE
2607.10582	K	KE
2607.11942	K	KE
2607.12550	K	KE
2607.13205	K	KE
2607.15498	K	KE
2607.16213	K	KE
2607.20524	D	-
2607.21475	K	KE
2607.23815	D	-
2607.24331	K	KE
2607.24667	D	-
2607.27600	K	KE
2607.29591	K	KE
2608.01247	K	KE
2608.01631	D	-
2608.02901	K	KE
2608.03276	K	KE
2608.05326	K	KE
2608.05863	D	-
2608.07001	K	KE
2608.07440	D	-
2608.07855	K	KE
2608.08569	D	-
2608.08878	K	KE
2608.09412	K	KE
2608.13263	K	SM
2608.14191	K	KE
2608.14555	K	KE
2608.15797	K	KE
2608.18098	D	-
2608.23296	K	KE
2608.23834	K	KE
2608.24063	K	KE
2608.25230	K	KE
2608.27128	K	KE
2608.28293	K	KE
2609.00243	D	-
2609.01338	K	SE
2609.03235	K	KE
2609.03430	K	KE
2609.03515	K	KE
2609.03949	K	KE
2609.04971	K	KE
2609.05767	D	-
2609.06663	D	-
2609.06940	D	-
2609.07966	K	KE
2609.08131	K	KE
2609.08279	D	-
2609.13012	D	-
2609.14872	K	KE
2609.16617	D	-
2609.22157	K	KE
2609.23314	K	KE
2609.24298	K	KE
2609.27470	D	-
2609.27981	K	KE
2609.28870	K	KP
2509.21623	K	KL
2601.21686	K	KL
2605.30351	D	-
2606.08382	K	KL
2607.13093	D	-
2608.23843	K	KL
2503.18893	K	KX
2507.21433	K	KX
2602.01053	K	KX
2604.13556	K	KX
2604.18396	K	DE
2605.22786	D	-
2605.23640	K	KP
2606.01751	K	KX
2606.06467	K	AS
2606.09937	K	KX
2606.31093	D	-
2608.08684	K	KX
2608.15943	K	KX
2608.18486	K	MA
2608.30963	K	KX
2609.24991	D	-
2609.28006	K	KX
2505.02922	K	KO
2604.08426	K	KO
2604.18529	K	KO
2604.26557	K	KO
2605.03375	K	KO
2606.08635	K	SD
2606.14779	K	KO
2606.16135	K	KO
2607.07144	D	-
2607.09153	D	-
2607.26475	K	KO
2607.28150	K	SD
2608.03893	K	KO
2608.10545	D	-
2609.00891	K	KO
2609.17652	K	KO
2609.25053	K	KO
2609.26828	K	KO
2510.10129	K	KP
2511.03475	K	KP
2602.09725	K	KP
2602.22812	K	KP
2603.10726	K	KP
2604.24971	K	KP
2605.03644	K	KP
2605.05219	K	KP
2605.05696	K	KP
2605.06472	K	KP
2605.11232	D	-
2605.18825	K	KP
2605.22850	K	KP
2605.23163	D	-
2605.24022	K	KP
2605.25247	D	-
2605.30613	D	-
2606.01065	K	KP
2606.06256	K	KP
2606.13126	K	KP
2606.17059	K	KP
2606.17107	K	KP
2606.19667	K	KP
2606.21842	D	-
2606.23581	K	KP
2606.28958	D	-
2607.01299	K	KP
2607.10987	D	-
2607.17715	K	KP
2607.19957	D	-
2607.21599	K	KP
2607.21604	K	KP
2607.22648	K	KP
2607.28069	K	KP
2607.28979	K	KP
2608.00902	K	KP
2608.01126	D	-
2608.01526	K	KP
2608.01657	D	-
2608.04893	D	-
2608.07458	K	KP
2608.09225	D	-
2608.10824	D	-
2608.11231	K	KP
2608.14624	K	KP
2608.15584	K	KP
2608.17485	D	-
2608.19662	K	KP
2608.20732	D	-
2608.21362	K	KP
2609.05821	D	-
2609.08566	D	-
2609.10266	K	KP
2609.10790	K	SM
2609.17983	K	KP
2609.27746	K	KP
2609.30017	D	-
2503.07518	K	KE
2504.21228	D	-
2505.15269	D	-
2505.17138	K	PS
2511.00868	K	KG
2511.22681	D	-
2601.14724	D	-
2602.06471	K	MA
2603.13420	D	-
2603.14371	D	-
2604.07716	K	AL
2604.09852	K	RE
2604.10044	K	KG
2604.10539	K	KG
2604.15409	K	KG
2604.25080	K	KO
2605.00831	K	SG
2605.06225	D	-
2605.07068	D	-
2605.08029	D	-
2605.08913	K	SE
2605.09735	K	SG
2605.14037	K	KE
2605.30574	K	KG
2606.00024	K	AS
2606.04557	K	XP
2606.05014	K	MA
2606.05711	D	-
2606.13361	D	-
2606.13594	D	-
2606.13945	D	-
2606.14783	D	-
2606.16824	K	SG
2606.17034	D	-
2606.18587	K	AV
2606.21238	K	KP
2606.23050	D	-
2606.25353	K	SH
2607.01792	D	-
2607.08057	K	KG
2607.14431	D	-
2607.22389	K	SH
2607.28495	D	-
2608.03228	K	KL
2608.07915	K	KQ
2608.12331	K	KE
2608.12385	K	MA
2608.15939	D	-
2608.16477	D	-
2608.16944	K	SB
2608.22704	D	-
2608.23599	D	-
2608.30647	D	-
2609.02737	K	AS
2609.04434	K	AH
2609.04875	D	-
2609.06853	D	-
2609.09768	K	KP
2609.12774	D	-
2609.24635	D	-
2609.28029	K	KG
2504.17768	K	AS
2505.05772	K	SH
2508.07101	K	AS
2508.09001	K	AS
2508.18224	K	AS
2509.07120	D	-
2510.05688	K	AS
2510.17196	K	AS
2510.18830	K	AS
2510.21270	K	AS
2510.24606	K	AS
2511.08851	D	-
2511.20102	K	AS
2512.12087	K	AS
2512.16391	K	AS
2601.03043	K	AS
2601.22766	K	AS
2602.01219	K	AS
2602.03216	K	AS
2602.04711	D	-
2602.06283	K	AS
2602.08426	K	AS
2602.19143	D	-
2602.22575	K	AS
2603.02227	K	AS
2603.06274	K	AS
2603.14483	D	-
2603.23516	K	AS
2603.28458	K	AS
2604.07815	K	AS
2604.08584	K	AS
2604.08971	D	-
2604.13847	K	AS
2604.15180	K	AS
2604.26837	K	AS
2605.00887	D	-
2605.01910	K	AS
2605.02184	D	-
2605.02568	K	AS
2605.06763	K	AS
2605.07363	K	AS
2605.07719	K	AS
2605.10875	K	AS
2605.11881	D	-
2605.12110	K	AS
2605.15508	K	AS
2605.18753	K	AS
2605.18865	K	AS
2605.19893	K	AS
2605.21649	K	AS
2605.22476	D	-
2605.24518	D	-
2605.27740	K	AS
2606.06453	K	AS
2606.07703	K	AS
2606.09079	K	AS
2606.13392	K	AS
2606.13839	D	-
2606.19746	K	KO
2606.22874	K	AS
2606.25010	K	AS
2606.28560	K	AS
2606.30389	K	AS
2607.02980	K	AS
2607.07135	D	-
2607.07724	K	AS
2607.09052	K	AS
2607.11976	K	AS
2607.12293	D	-
2607.19358	K	AS
2607.20214	K	AS
2607.21752	K	AS
2607.21927	K	AS
2607.24593	K	AS
2607.25291	K	AS
2608.01676	D	-
2608.03555	K	SH
2608.04405	K	AS
2608.06849	K	AS
2608.08873	D	-
2608.19758	K	AS
2608.19920	K	AS
2609.00097	K	AS
2609.01925	K	AS
2609.02731	D	-
2609.07306	K	AS
2609.08450	K	AS
2609.09241	K	EI
2609.13141	K	AS
2609.20971	K	AS
2609.22884	K	AS
2609.23153	D	-
2609.23816	K	SH
2609.24202	D	-
2609.25869	D	-
2609.26368	K	AS
2505.23666	K	AL
2507.06457	K	AL
2508.08289	D	-
2510.04008	K	AL
2510.27258	K	AL
2512.11784	D	-
2512.12602	K	AL
2602.03922	K	AL
2602.09075	K	AL
2602.10056	K	AL
2602.10743	K	AL
2602.10796	K	AL
2602.21204	K	AL
2602.23197	D	-
2603.06642	D	-
2603.16513	D	-
2604.00754	D	-
2604.06169	K	AL
2604.10064	K	AL
2604.10946	D	-
2604.19021	K	AL
2604.19295	K	RT
2604.20368	D	-
2604.21100	K	AL
2605.05838	K	AL
2605.06946	K	AL
2605.07266	D	-
2605.07333	D	-
2605.08587	K	AL
2605.09727	D	-
2605.11196	K	AL
2605.13473	K	AL
2605.16640	K	AL
2605.18156	D	-
2605.18848	K	AL
2605.19049	K	AL
2605.21325	K	AL
2605.22791	K	AL
2605.27992	D	-
2605.28053	K	SG
2605.29157	K	AL
2605.31163	K	AL
2606.01294	K	AL
2606.04048	K	AL
2606.05253	D	-
2606.06034	K	AL
2606.06906	D	-
2606.10650	K	AL
2606.12058	D	-
2606.15569	D	-
2606.16429	K	CL
2606.21803	K	AL
2606.25342	D	-
2606.26560	K	AL
2606.27229	K	AL
2606.27748	K	AL
2607.00368	D	-
2607.02303	K	AL
2607.03441	D	-
2607.03660	D	-
2607.06546	D	-
2607.06988	D	-
2607.07718	D	-
2607.07953	K	AL
2607.09415	K	AL
2607.17419	K	AL
2607.18235	D	-
2607.18584	D	-
2607.18794	D	-
2608.12149	K	AL
2608.12569	D	-
2608.13668	K	AL
2608.15533	K	AL
2608.20961	K	AL
2608.21308	K	AL
2608.28444	K	AL
2608.30129	D	-
2609.04098	K	QF
2609.12814	K	AL
2609.14320	K	AL
2502.10178	D	-
2503.18970	K	AR
2504.17333	K	SH
2505.11578	D	-
2506.03162	D	-
2506.05233	K	AR
2506.08297	D	-
2508.09179	D	-
2508.19006	D	-
2509.11449	D	-
2509.15680	D	-
2509.19658	D	-
2509.20979	D	-
2509.22630	K	AR
2509.22813	D	-
2509.24118	D	-
2509.24552	K	AH
2510.00399	D	-
2510.09389	K	AR
2512.19011	D	-
2601.01972	D	-
2601.06212	D	-
2601.07961	D	-
2601.09495	K	AR
2601.17108	D	-
2601.21266	D	-
2601.21293	D	-
2601.21503	K	MA
2601.22488	K	AR
2602.04819	D	-
2602.06774	D	-
2602.07698	D	-
2602.09872	D	-
2602.13770	D	-
2602.14814	D	-
2602.17363	K	AR
2602.18333	D	-
2602.22719	D	-
2603.02226	D	-
2603.03612	K	AR
2603.07819	D	-
2603.14360	K	AR
2603.18031	D	-
2603.20997	K	AH
2604.00725	D	-
2604.05562	D	-
2604.06844	D	-
2604.07069	D	-
2604.07658	K	AR
2604.07759	D	-
2604.08050	D	-
2604.08661	D	-
2604.09164	D	-
2604.13440	K	QM
2604.13453	D	-
2604.13521	D	-
2604.14334	D	-
2604.14622	D	-
2604.16341	D	-
2604.17177	D	-
2604.18199	D	-
2604.18580	K	AR
2604.19826	D	-
2604.20595	D	-
2604.20915	D	-
2604.21957	D	-
2604.22771	D	-
2604.23818	D	-
2604.26078	D	-
2605.00292	D	-
2605.01862	D	-
2605.04421	D	-
2605.05113	D	-
2605.05722	D	-
2605.06997	K	AR
2605.07338	D	-
2605.07755	D	-
2605.08300	D	-
2605.08301	K	CL
2605.08318	D	-
2605.08696	K	AR
2605.08746	D	-
2605.09204	D	-
2605.09877	K	AR
2605.10643	D	-
2605.11034	D	-
2605.11855	D	-
2605.12282	D	-
2605.12770	D	-
2605.13202	D	-
2605.13833	D	-
2605.16351	D	-
2605.16404	D	-
2605.17108	K	AR
2605.19150	K	AR
2605.19758	D	-
2605.22031	D	-
2605.22416	K	SM
2605.24330	K	AR
2605.24928	D	-
2605.26099	D	-
2605.30100	D	-
2606.00155	D	-
2606.00601	K	SK
2606.00930	D	-
2606.01765	D	-
2606.02332	K	AH
2606.02602	D	-
2606.03825	K	MA
2606.04719	D	-
2606.06479	D	-
2606.09862	K	AV
2606.10530	D	-
2606.10932	K	Q1
2606.11500	D	-
2606.12364	K	AR
2606.16749	D	-
2606.17650	D	-
2606.18324	D	-
2606.18698	D	-
2606.19538	D	-
2606.20738	D	-
2606.23126	D	-
2606.23524	D	-
2606.26290	D	-
2606.29904	D	-
2606.31668	D	-
2607.00902	D	-
2607.01523	D	-
2607.02283	D	-
2607.03482	D	-
2607.07386	K	AR
2607.11949	D	-
2607.12370	D	-
2607.20228	D	-
2607.21000	D	-
2607.22361	D	-
2607.23580	D	-
2607.23972	D	-
2607.25357	K	AR
2607.26751	D	-
2607.28065	D	-
2608.02032	K	AR
2608.02346	D	-
2608.02347	K	AR
2608.02560	D	-
2608.02954	K	SH
2608.03425	D	-
2608.03941	K	TO
2608.05160	D	-
2608.08145	D	-
2608.08256	D	-
2608.08288	D	-
2608.10120	D	-
2608.13723	D	-
2608.14561	K	SB
2608.14691	D	-
2608.17442	D	-
2608.18592	D	-
2608.21840	D	-
2608.22613	K	SH
2608.24561	D	-
2608.25190	D	-
2608.27882	D	-
2608.30094	D	-
2608.30439	D	-
2609.04721	D	-
2609.06984	D	-
2609.07681	K	AR
2609.08692	D	-
2609.11372	D	-
2609.13899	D	-
2609.16183	K	AR
2609.16537	D	-
2609.16540	D	-
2609.17888	D	-
2609.17997	D	-
2609.21391	D	-
2609.22583	D	-
2609.24338	D	-
2609.24440	D	-
2609.24797	K	AL
2609.26635	D	-
2609.27373	D	-
2609.27964	K	TS
2609.29087	D	-
2609.29397	D	-
2609.29507	D	-
2609.29618	D	-
2507.08540	D	-
2509.15113	D	-
2510.04800	K	AH
2510.07019	K	AH
2510.09472	D	-
2601.11667	K	CL
2602.03681	K	AH
2603.02874	K	AH
2603.26380	K	AH
2604.07394	K	AH
2604.09127	D	-
2604.10337	D	-
2604.12437	D	-
2604.20556	D	-
2604.21454	D	-
2604.22520	D	-
2604.23345	D	-
2605.06886	D	-
2605.08199	D	-
2605.09516	K	AH
2605.20936	K	AH
2605.25463	D	-
2605.28769	K	AH
2606.04612	D	-
2606.07582	D	-
2606.09037	D	-
2606.11052	K	AH
2606.15378	K	AH
2606.16093	K	AH
2606.18056	K	AH
2606.18154	D	-
2606.20097	K	AH
2606.20936	K	AH
2606.23744	D	-
2607.13260	D	-
2607.18152	D	-
2607.19506	D	-
2607.24788	K	AH
2608.01651	K	DS
2608.03502	D	-
2608.14370	D	-
2608.15459	K	AH
2608.19395	K	SH
2608.21199	D	-
2608.21583	D	-
2608.23061	D	-
2608.23276	D	-
2608.28383	D	-
2609.02986	K	AH
2609.15545	K	AH
2609.16091	D	-
2609.16887	D	-
2609.22233	D	-
2506.01969	K	AK
2510.08726	K	SK
2511.20032	D	-
2601.21824	K	AK
2602.03067	D	-
2603.01960	K	AK
2604.12798	K	AK
2604.20819	K	AK
2604.25138	D	-
2604.25591	D	-
2605.05023	K	AK
2605.06446	D	-
2605.29517	D	-
2606.29256	D	-
2607.04302	K	AK
2607.09385	K	AK
2608.14560	K	SK
2608.18656	K	AK
2609.04105	K	AK
2609.12330	K	SK
2609.21264	K	AK
2609.24089	K	AK
2504.20966	K	AV
2506.02523	K	AV
2508.03668	D	-
2510.17021	D	-
2510.22067	D	-
2511.17194	D	-
2601.11471	K	AV
2601.12145	K	AV
2602.11534	D	-
2603.06591	K	AV
2603.11487	K	AV
2603.14337	D	-
2603.17771	K	AV
2604.03316	D	-
2604.07766	D	-
2604.10027	D	-
2604.10098	K	AV
2604.10697	D	-
2604.14702	K	AV
2604.14722	K	AV
2604.26353	D	-
2604.27124	D	-
2605.01229	D	-
2605.06611	K	AV
2605.08288	D	-
2605.11753	D	-
2605.13859	D	-
2605.13989	D	-
2605.15290	K	TP
2605.16112	D	-
2605.17887	K	AV
2605.21842	D	-
2605.22372	D	-
2605.25799	D	-
2605.26355	D	-
2606.01502	K	AV
2606.04032	K	AV
2606.05868	K	CM
2606.08105	K	AV
2606.16310	K	AV
2606.19150	K	PS
2606.20419	D	-
2606.20945	K	AV
2607.16727	D	-
2607.17644	K	SP
2607.19456	D	-
2607.20484	D	-
2607.23054	K	AV
2607.24554	D	-
2608.11805	K	AV
2609.07282	K	AV
2609.08574	K	AV
2609.13285	K	AV
2609.14715	D	-
2501.13428	K	AP
2502.14644	K	AP
2503.14800	D	-
2504.04745	D	-
2505.11166	K	AP
2505.13353	D	-
2505.16416	D	-
2505.17315	K	AP
2505.19293	K	AP
2505.20032	D	-
2505.20535	D	-
2505.21465	D	-
2505.22842	K	AP
2506.11418	K	KE
2506.17310	D	-
2507.02259	K	AP
2507.05257	D	-
2507.06415	K	AP
2507.22411	D	-
2508.03793	D	-
2508.13993	D	-
2508.14817	D	-
2509.00326	D	-
2509.09505	K	SG
2509.10534	K	AP
2509.19228	K	XP
2509.22259	D	-
2510.03174	D	-
2510.05554	K	AP
2510.07499	D	-
2510.09883	K	KE
2510.22102	D	-
2510.23095	D	-
2511.04707	D	-
2511.05313	K	AP
2511.07328	D	-
2511.10696	K	AS
2511.16326	D	-
2511.17388	K	AP
2511.19279	D	-
2512.07805	K	AP
2512.17220	D	-
2512.17452	K	KE
2512.23959	D	-
2512.24601	K	AP
2601.01322	D	-
2601.02023	D	-
2601.04424	D	-
2601.04876	D	-
2601.07449	D	-
2601.11020	K	AP
2601.11908	D	-
2601.11913	D	-
2601.14952	D	-
2601.15275	D	-
2601.15380	D	-
2601.18832	D	-
2601.20352	D	-
2601.20796	D	-
2601.22402	K	AP
2602.01766	K	AP
2602.01914	D	-
2602.02494	D	-
2602.05896	D	-
2602.07721	K	KE
2602.08329	K	AS
2602.08874	D	-
2602.10718	K	AK
2602.12192	D	-
2602.14200	D	-
2602.15257	D	-
2602.18493	D	-
2602.22175	K	AP
2603.02238	D	-
2603.03269	D	-
2603.04759	K	AP
2603.05353	K	KP
2603.10863	D	-
2603.17484	K	AP
2603.18446	D	-
2603.20843	K	AP
2603.25340	K	XP
2603.29069	D	-
2604.00004	K	AP
2604.01194	D	-
2604.02371	D	-
2604.03263	D	-
2604.04921	K	KE
2604.05114	D	-
2604.05217	D	-
2604.06070	K	AP
2604.06746	K	KE
2604.07809	K	AP
2604.07981	D	-
2604.09494	K	AP
2604.09742	K	AK
2604.10347	D	-
2604.10391	D	-
2604.10981	D	-
2604.11435	D	-
2604.12452	K	AP
2604.12537	D	-
2604.14339	K	AP
2604.14430	K	MA
2604.15732	K	SB
2604.16883	K	AS
2604.18103	K	AS
2604.18603	D	-
2604.18747	D	-
2604.19351	K	AS
2604.19769	K	KO
2604.20487	D	-
2604.20911	D	-
2604.22312	K	AK
2604.22575	K	MR
2604.23113	D	-
2604.24940	D	-
2604.25800	D	-
2604.26375	D	-
2604.27599	D	-
2604.28157	D	-
2605.00062	D	-
2605.02173	D	-
2605.04050	D	-
2605.04217	K	AP
2605.05066	K	AP
2605.06017	D	-
2605.06105	K	KE
2605.06416	D	-
2605.06554	K	AP
2605.07076	D	-
2605.07569	K	SP
2605.08505	D	-
2605.09472	D	-
2605.09778	K	AP
2605.09932	D	-
2605.10045	D	-
2605.10235	D	-
2605.10268	D	-
2605.10414	K	AP
2605.10828	D	-
2605.11744	K	AP
2605.11910	D	-
2605.12471	K	AP
2605.13021	D	-
2605.13831	D	-
2605.14589	K	AP
2605.14906	D	-
2605.15172	D	-
2605.15514	K	AP
2605.15741	D	-
2605.16360	K	KE
2605.16928	K	CM
2605.18071	K	KO
2605.18226	K	AP
2605.18421	D	-
2605.18565	D	-
2605.18856	K	KE
2605.19091	D	-
2605.19932	D	-
2605.20201	D	-
2605.21810	D	-
2605.23081	K	AK
2605.23170	D	-
2605.23200	K	KE
2605.23986	D	-
2605.24579	D	-
2605.26035	D	-
2605.27243	D	-
2605.27980	K	AP
2605.28079	K	AP
2605.29863	D	-
2605.30022	D	-
2605.30229	D	-
2605.31558	D	-
2606.01101	D	-
2606.01258	D	-
2606.01336	K	XP
2606.01532	D	-
2606.01782	D	-
2606.03329	D	-
2606.03363	D	-
2606.04302	K	KP
2606.04511	K	AS
2606.04646	D	-
2606.05182	D	-
2606.05346	D	-
2606.06160	K	AP
2606.06758	D	-
2606.08944	D	-
2606.10435	K	AP
2606.10507	D	-
2606.10716	D	-
2606.11275	K	AP
2606.13100	D	-
2606.13643	D	-
2606.14047	D	-
2606.14760	D	-
2606.17830	D	-
2606.20164	D	-
2606.20898	D	-
2606.21249	D	-
2606.22722	D	-
2606.22945	D	-
2606.22968	K	SH
2606.23687	K	AP
2606.24650	K	AR
2606.25007	D	-
2606.25156	K	AP
2606.25293	D	-
2606.26666	K	SB
2606.27332	D	-
2606.27705	K	AP
2606.27791	K	CM
2606.27793	D	-
2606.28548	D	-
2606.29207	K	SB
2606.29844	D	-
2606.30709	K	AS
2606.31519	K	KQ
2606.31585	D	-
2606.32033	D	-
2607.01002	D	-
2607.02073	D	-
2607.02509	D	-
2607.02518	K	SG
2607.05583	D	-
2607.05969	D	-
2607.06160	D	-
2607.07678	K	AP
2607.07706	K	CL
2607.07740	K	AP
2607.08284	D	-
2607.09061	D	-
2607.09921	D	-
2607.10134	K	AP
2607.10400	D	-
2607.11614	K	AP
2607.12893	D	-
2607.13458	D	-
2607.14952	K	AP
2607.16072	D	-
2607.16716	D	-
2607.18213	K	XP
2607.18329	D	-
2607.18330	D	-
2607.18759	K	AP
2607.18909	D	-
2607.19363	K	AP
2607.19547	D	-
2607.21284	D	-
2607.22562	D	-
2607.22566	D	-
2607.22575	D	-
2607.22804	D	-
2607.23250	K	SP
2607.24260	D	-
2607.24273	D	-
2607.24502	D	-
2607.24555	K	AS
2607.25066	D	-
2607.25398	D	-
2607.25507	D	-
2607.25996	D	-
2607.26369	D	-
2607.26448	D	-
2607.27692	K	AS
2608.00036	D	-
2608.00311	K	XP
2608.00528	K	KE
2608.02947	K	AS
2608.03048	K	AP
2608.03297	D	-
2608.03391	D	-
2608.05141	K	AP
2608.06111	D	-
2608.08630	D	-
2608.09432	D	-
2608.10021	K	AP
2608.10296	K	AP
2608.11909	K	AP
2608.12218	K	AP
2608.13433	D	-
2608.13578	K	AP
2608.13756	K	SK
2608.13987	K	SE
2608.14982	D	-
2608.15171	K	SB
2608.15962	D	-
2608.16844	K	AP
2608.17336	K	AK
2608.17616	K	AP
2608.17950	D	-
2608.19652	D	-
2608.20348	D	-
2608.20427	K	AS
2608.20853	D	-
2608.22849	D	-
2608.23463	D	-
2608.25531	D	-
2608.25655	D	-
2608.26145	D	-
2608.27580	D	-
2608.28411	D	-
2608.29058	K	AS
2608.29715	K	AP
2608.29899	D	-
2608.30295	K	KE
2608.31067	D	-
2609.00367	D	-
2609.00759	D	-
2609.02702	D	-
2609.03874	D	-
2609.06702	D	-
2609.07008	K	KP
2609.07237	K	AS
2609.07883	K	SB
2609.07971	K	CG
2609.08851	K	AP
2609.09085	K	AV
2609.09664	D	-
2609.10441	K	AP
2609.11913	K	AP
2609.12686	D	-
2609.13205	K	AS
2609.17564	D	-
2609.20278	D	-
2609.20734	K	AS
2609.21212	D	-
2609.22101	D	-
2609.22452	D	-
2609.24417	K	AS
2609.24826	D	-
2609.25057	D	-
2609.26219	K	KP
2609.26300	K	AS
2609.26718	D	-
2502.17421	K	DS
2506.01979	K	DS
2506.04118	D	-
2506.04708	K	DS
2507.01449	K	DS
2508.03726	K	DS
2508.15371	K	DS
2509.23928	K	DS
2509.24328	K	DS
2510.01336	K	DS
2510.02329	K	DS
2510.04371	D	-
2510.15545	K	DS
2510.20064	K	DS
2510.22876	K	DS
2511.13587	D	-
2511.22972	K	DS
2512.02337	K	DS
2512.11280	K	DS
2512.14069	K	DS
2512.22420	K	DS
2512.23765	K	DS
2601.05524	K	DS
2601.15498	K	DS
2602.03708	K	DS
2602.05145	K	DS
2602.05774	K	DS
2602.07223	K	DS
2602.12957	D	-
2602.13836	K	DS
2602.17419	D	-
2602.20217	K	DS
2602.23881	K	DS
2603.03251	K	DS
2603.08899	K	DS
2603.12617	K	DS
2603.18016	K	DS
2603.23346	D	-
2604.02047	K	DS
2604.04987	K	DS
2604.05417	K	DS
2604.05650	D	-
2604.07023	K	DM
2604.07622	K	DS
2604.09557	K	DS
2604.09603	K	DS
2604.09722	D	-
2604.09731	K	DS
2604.10152	K	DS
2604.12247	K	DS
2604.13519	K	DS
2604.13634	K	DS
2604.14612	K	DS
2604.14682	K	DS
2604.14885	K	DS
2604.15244	K	DS
2604.15672	K	DS
2604.16368	D	-
2604.16469	D	-
2604.17701	D	-
2604.19767	K	DS
2604.19877	K	MR
2604.20503	K	DS
2604.20919	D	-
2604.23585	D	-
2604.25326	K	SE
2604.25777	D	-
2604.25925	K	DS
2604.26412	K	DS
2604.26469	D	-
2604.26779	K	TR
2604.27747	D	-
2605.00342	K	DS
2605.01106	K	DS
2605.02218	D	-
2605.02888	K	DS
2605.04263	K	DS
2605.04543	K	DS
2605.07243	K	DS
2605.07698	K	DS
2605.08151	K	DS
2605.08632	K	DS
2605.09329	K	DS
2605.09375	K	SH
2605.09992	K	DS
2605.10453	K	DS
2605.11186	K	DS
2605.13319	D	-
2605.14005	D	-
2605.14978	K	DS
2605.15051	K	DS
2605.15609	K	DI
2605.19321	D	-
2605.20022	K	DS
2605.20104	K	DS
2605.24793	K	DS
2605.26444	K	DS
2605.26558	K	DS
2605.27390	K	DS
2605.29343	K	DS
2605.29707	K	DS
2605.29727	K	DS
2605.30580	K	DS
2606.00021	K	DS
2606.00144	K	DS
2606.00487	K	DS
2606.00535	D	-
2606.01019	K	DS
2606.01813	K	DS
2606.02091	K	DS
2606.03819	K	DS
2606.04446	K	DS
2606.04581	D	-
2606.05742	K	DS
2606.07710	K	DS
2606.07846	D	-
2606.11552	K	DS
2606.12243	K	DS
2606.13426	K	DS
2606.17518	D	-
2606.18394	K	DS
2606.18967	K	TR
2606.19755	D	-
2606.20591	D	-
2606.22840	D	-
2606.24957	K	DS
2606.25091	K	DS
2606.25097	D	-
2606.26744	K	DS
2606.30265	K	DS
2606.31023	D	-
2606.31315	K	DS
2607.03333	K	SG
2607.03876	K	DS
2607.04244	K	DS
2607.05147	K	DS
2607.06763	K	DS
2607.07409	K	DS
2607.08642	K	DS
2607.08690	K	DS
2607.10661	K	DS
2607.11131	D	-
2607.12696	K	DS
2607.14647	K	DS
2607.16673	K	DS
2607.17283	K	DS
2607.17299	K	TR
2607.19223	K	DS
2607.20723	D	-
2607.21804	D	-
2607.22634	K	DS
2607.25852	K	DS
2607.26627	K	DS
2607.27735	K	DS
2608.00531	K	DS
2608.02123	K	DS
2608.02438	K	DS
2608.02989	K	DS
2608.03447	K	DS
2608.03839	K	DS
2608.04974	D	-
2608.05303	K	SE
2608.05448	K	DS
2608.05926	D	-
2608.08721	K	DS
2608.09660	D	-
2608.09703	K	TP
2608.10362	K	SE
2608.13076	D	-
2608.13524	K	DS
2608.14787	K	DS
2608.15018	K	SE
2608.20359	K	DS
2608.20530	K	DS
2608.20743	K	DS
2608.22883	D	-
2608.24004	K	DS
2608.24411	K	DS
2608.26004	K	DS
2608.26112	K	DS
2608.28663	D	-
2608.29618	D	-
2608.30135	K	DS
2608.30252	K	DS
2608.30427	K	DS
2609.00355	K	DS
2609.00796	D	-
2609.01068	K	SB
2609.02514	D	-
2609.02897	K	DS
2609.03181	D	-
2609.03236	D	-
2609.05274	D	-
2609.06498	K	DS
2609.07108	K	TR
2609.09166	D	-
2609.09338	K	DS
2609.09662	K	SE
2609.11799	D	-
2609.12162	D	-
2609.14643	K	SE
2609.14717	K	DS
2609.15504	K	DS
2609.16648	K	TR
2609.17008	K	DS
2609.17184	K	DS
2609.17241	K	DS
2609.17943	K	DS
2609.20186	K	DS
2609.21704	K	DS
2609.21827	K	DS
2609.21858	D	-
2609.22098	K	DS
2609.22156	K	DS
2609.22471	K	DS
2609.23033	K	DS
2609.24150	K	DS
2609.24197	K	DS
2609.24698	K	DS
2609.24847	K	SH
2609.26100	K	DS
2609.26638	D	-
2609.27396	K	DS
2609.29364	K	DS
2511.11346	K	DM
2602.06019	K	DM
2603.17942	K	DM
2604.11912	K	DM
2605.27255	K	DM
2605.28184	K	TR
2606.10820	K	DM
2606.10935	K	DM
2606.12370	K	TR
2606.13862	K	RL
2606.24447	D	-
2606.27550	K	DM
2607.18839	D	-
2607.21535	K	DM
2607.29279	D	-
2608.00434	K	DM
2608.03624	K	DM
2608.05806	K	DM
2502.11517	K	DJ
2506.08980	K	DP
2509.01624	D	-
2512.08982	D	-
2601.07218	D	-
2602.16169	K	DD
2604.15750	K	DI
2604.26209	K	DJ
2605.12836	K	DD
2605.15557	K	DD
2605.25820	D	-
2605.27631	D	-
2605.28467	D	-
2605.28983	D	-
2605.30851	K	DJ
2606.05817	D	-
2606.08417	K	DD
2606.18327	D	-
2606.24773	K	DD
2606.24982	D	-
2607.00714	K	DD
2608.02791	D	-
2608.18183	D	-
2608.23244	D	-
2608.26580	D	-
2608.30258	D	-
2609.05707	K	DJ
2609.09716	D	-
2505.17384	K	DD
2506.00290	K	DI
2506.19935	K	DD
2507.08390	K	DD
2508.10875	K	DD
2509.11252	D	-
2509.19244	D	-
2509.20863	K	DD
2509.21474	K	DD
2509.21906	D	-
2509.22738	K	DD
2509.24368	D	-
2510.01028	D	-
2510.01384	K	DD
2510.01544	K	DD
2510.03206	K	DD
2510.04019	K	DD
2510.04525	K	DD
2510.08233	K	DD
2510.09541	K	DD
2510.09885	D	-
2510.11683	K	DD
2510.13117	K	DD
2510.13870	K	DD
2510.18114	K	DD
2510.19304	K	DD
2510.22510	K	DD
2511.18159	K	DD
2511.21338	K	DD
2512.09106	K	DD
2512.09675	K	DD
2512.10877	K	DD
2601.03199	K	DD
2601.06428	K	DD
2601.07152	D	-
2601.12979	K	DD
2601.14758	K	CA
2601.15165	K	DD
2601.15593	K	DD
2601.21647	D	-
2601.22450	D	-
2601.22947	K	DD
2601.22954	K	DD
2601.22985	D	-
2601.23182	K	DD
2601.23278	K	DI
2602.00612	K	DC
2602.01842	K	DD
2602.02112	K	DD
2602.02133	D	-
2602.03370	D	-
2602.04344	K	DD
2602.05000	K	DD
2602.06412	K	DI
2602.06462	K	DD
2602.09555	K	DD
2602.11590	K	DD
2602.12262	K	DI
2602.12468	K	DD
2602.12586	K	DD
2602.14147	D	-
2602.19066	K	DI
2602.19619	K	DD
2602.21185	K	DD
2602.22586	D	-
2603.00045	K	DD
2603.01331	K	DD
2603.02230	K	DD
2603.02760	K	DD
2603.05197	K	DD
2603.12554	K	DD
2603.13319	K	DD
2603.14275	D	-
2603.16077	K	DD
2603.16459	D	-
2603.17919	D	-
2603.18806	K	DD
2603.19146	K	DD
2603.20210	K	DD
2603.26771	K	DD
2604.00688	D	-
2604.04215	K	DD
2604.04403	D	-
2604.05497	D	-
2604.05551	K	DD
2604.06260	K	DD
2604.06627	K	XP
2604.08557	D	-
2604.09450	D	-
2604.09921	K	DD
2604.10556	D	-
2604.10567	K	DD
2604.11035	K	DD
2604.11052	D	-
2604.11483	D	-
2604.11748	K	DD
2604.13413	D	-
2604.14001	D	-
2604.15694	K	DD
2604.16565	K	DD
2604.17068	K	DD
2604.17310	K	DD
2604.18344	D	-
2604.18738	K	DD
2604.18739	K	DD
2604.20079	K	DD
2604.23235	D	-
2604.23994	K	DD
2604.24357	K	DD
2604.24832	K	DD
2604.25050	D	-
2604.25693	D	-
2604.26139	D	-
2604.26841	D	-
2604.26951	K	PD
2605.00161	K	DD
2605.00182	D	-
2605.00689	D	-
2605.02263	K	DD
2605.04215	K	DD
2605.04291	K	DD
2605.04647	D	-
2605.05031	D	-
2605.05503	D	-
2605.06366	K	DD
2605.06548	K	DD
2605.06720	D	-
2605.07210	D	-
2605.07399	D	-
2605.07701	K	DD
2605.07933	K	DD
2605.08116	D	-
2605.09302	D	-
2605.09303	D	-
2605.09397	D	-
2605.09536	K	DI
2605.09603	K	DD
2605.09749	D	-
2605.09820	K	DD
2605.10020	D	-
2605.10218	K	DD
2605.11125	K	DD
2605.11726	K	DD
2605.11854	K	DD
2605.13043	D	-
2605.13296	D	-
2605.13935	K	DD
2605.13999	D	-
2605.14570	D	-
2605.15676	K	DD
2605.16342	K	DD
2605.16445	D	-
2605.16709	D	-
2605.16829	K	DC
2605.17071	D	-
2605.17232	D	-
2605.17932	D	-
2605.18165	K	DD
2605.18253	D	-
2605.18530	K	DD
2605.19262	D	-
2605.19470	K	DD
2605.19726	K	DI
2605.22765	K	DD
2605.22939	K	DD
2605.22967	K	DD
2605.23346	D	-
2605.24064	D	-
2605.24173	D	-
2605.24292	K	DD
2605.25893	D	-
2605.26106	K	DD
2605.26436	K	DD
2605.26580	D	-
2605.27413	D	-
2605.27791	D	-
2605.28456	D	-
2605.29123	K	DD
2605.29398	K	DD
2605.29626	D	-
2605.29716	K	DD
2605.29858	D	-
2606.00091	K	DD
2606.00722	K	DC
2606.00997	K	DD
2606.01024	K	DD
2606.01026	K	DD
2606.02241	K	DD
2606.03924	D	-
2606.04236	K	DI
2606.04396	K	DD
2606.04486	D	-
2606.04535	K	DC
2606.04945	K	QG
2606.04964	K	DD
2606.06031	K	DD
2606.06273	D	-
2606.06547	K	QG
2606.08357	K	DD
2606.08408	D	-
2606.08501	K	DD
2606.08810	D	-
2606.09159	K	DD
2606.10199	K	DD
2606.10829	K	DI
2606.12232	K	DD
2606.12273	K	DD
2606.13565	K	DD
2606.15327	K	DD
2606.16281	K	DD
2606.16908	K	DD
2606.17175	K	DD
2606.17999	K	DD
2606.18022	K	DD
2606.18195	K	DD
2606.19005	K	DD
2606.19315	D	-
2606.19349	K	DD
2606.19475	K	DD
2606.21802	K	DD
2606.22976	D	-
2606.23567	K	DD
2606.24119	D	-
2606.25331	K	DD
2606.28301	K	DD
2606.29066	K	DD
2606.29275	K	DD
2606.31166	D	-
2607.00208	K	DD
2607.01436	D	-
2607.01774	D	-
2607.03236	K	DI
2607.04428	K	DD
2607.04469	K	DI
2607.05381	D	-
2607.07026	K	DC
2607.08056	D	-
2607.10951	D	-
2607.13013	D	-
2607.13431	K	DD
2607.14522	D	-
2607.15200	K	DD
2607.15655	K	DI
2607.15893	D	-
2607.16204	D	-
2607.16207	D	-
2607.16872	K	DD
2607.17522	D	-
2607.19686	K	DI
2607.21372	D	-
2607.21519	D	-
2607.24306	K	DD
2607.24763	K	DD
2607.26504	K	DD
2607.26762	D	-
2607.27386	D	-
2608.00011	D	-
2608.00605	K	DD
2608.01717	K	DD
2608.01856	D	-
2608.02942	K	DI
2608.03769	K	DD
2608.03962	D	-
2608.05687	K	DD
2608.06529	D	-
2608.07006	D	-
2608.07430	D	-
2608.07594	D	-
2608.08082	K	DD
2608.08791	D	-
2608.09424	K	DD
2608.10438	K	DD
2608.14632	D	-
2608.15288	D	-
2608.15958	D	-
2608.20123	D	-
2608.20635	D	-
2608.20839	D	-
2608.22274	D	-
2608.22898	K	DD
2608.23554	D	-
2608.23807	K	DI
2608.24105	D	-
2608.25311	K	DD
2608.25428	K	DD
2608.26374	K	DI
2608.26574	K	DI
2608.30532	D	-
2608.30922	K	DD
2609.00495	D	-
2609.00873	D	-
2609.01043	K	DD
2609.02108	K	DD
2609.02315	D	-
2609.04531	K	DI
2609.04778	D	-
2609.05525	D	-
2609.06324	K	DI
2609.07160	K	DD
2609.07756	D	-
2609.12382	K	DD
2609.13060	K	DD
2609.14257	D	-
2609.15070	K	DD
2609.15903	K	DI
2609.16372	K	DD
2609.19356	D	-
2609.20539	K	DD
2609.22145	D	-
2609.24657	D	-
2609.25927	K	DD
2609.26052	D	-
2609.27220	D	-
2609.27306	D	-
2609.28272	K	DD
2609.29102	K	DD
2609.29519	D	-
2505.16990	K	DI
2506.06295	K	DI
2506.19037	K	DI
2508.19982	K	DI
2509.18085	K	DI
2509.20624	K	DI
2509.24975	D	-
2510.04767	K	DI
2510.06133	K	DI
2510.18165	K	DI
2511.21759	K	DI
2512.07173	K	DI
2512.14008	D	-
2601.07568	K	DI
2601.12247	K	DI
2601.17917	K	DI
2601.20332	K	DI
2601.20706	K	SH
2602.02544	K	DI
2602.05305	K	DI
2602.05992	K	DI
2602.06036	K	DS
2602.06161	K	DI
2602.08404	K	DI
2602.10314	K	DI
2602.11133	K	DI
2602.14209	K	DI
2602.16813	K	DI
2602.16872	D	-
2603.08026	K	DI
2603.12996	K	DI
2603.13450	D	-
2603.20216	K	DI
2604.01622	K	DI
2604.02340	K	DI
2604.05250	K	DI
2604.06330	K	DI
2604.08564	K	DI
2604.08964	K	DI
2604.12056	K	DI
2604.12989	K	DS
2604.18471	K	DI
2604.18995	K	DI
2605.01373	K	DI
2605.08134	K	DI
2605.10980	K	DI
2605.11577	K	DI
2605.12825	K	DI
2605.13026	K	DI
2605.14305	K	DI
2605.16861	D	-
2605.16941	K	DI
2605.18817	K	DI
2605.24832	K	DI
2605.25969	K	DI
2605.28181	K	DI
2605.29233	K	DI
2605.29607	K	DI
2605.30753	K	DI
2605.30876	K	DI
2606.00724	K	DI
2606.02544	K	DI
2606.02955	K	DI
2606.04974	K	DI
2606.06474	D	-
2606.07571	K	DI
2606.08048	K	DI
2606.08411	K	DI
2606.10537	K	DI
2606.13740	K	SE
2606.15805	K	DI
2606.16847	K	DI
2606.19534	D	-
2606.21633	K	DI
2606.26120	K	DI
2606.27732	K	DI
2606.29094	K	DI
2606.29215	K	DI
2606.29228	K	DI
2607.01775	K	DI
2607.02805	K	DI
2607.04206	K	DI
2607.08930	K	DI
2607.12829	K	DI
2607.14106	K	DI
2607.14107	K	DI
2607.16339	K	DI
2607.17652	K	DI
2607.20467	K	DI
2607.22661	D	-
2607.22663	K	DI
2607.24841	K	DI
2607.28166	K	DI
2607.29079	D	-
2608.02625	K	DI
2608.08086	K	DI
2608.11235	K	DI
2608.11742	K	DI
2608.13925	K	DI
2608.14649	D	-
2608.22646	K	DI
2608.23167	K	DI
2608.26140	K	DI
2608.27514	K	DI
2609.01084	K	SH
2609.04010	K	DI
2609.11998	K	DI
2609.14850	K	DI
2609.15177	K	DI
2609.16450	K	DI
2609.17573	K	DI
2609.19242	K	DI
2609.24346	D	-
2609.26249	K	DI
2609.26796	K	DI
2501.02173	D	-
2507.17618	K	DE
2509.25584	D	-
2509.26522	K	RE
2510.02480	D	-
2510.13879	K	RL
2602.02010	K	RE
2603.09215	D	-
2604.12426	K	DE
2604.18592	D	-
2604.22782	K	KX
2605.05222	K	DE
2605.17672	K	RE
2605.26415	D	-
2606.00819	D	-
2606.01838	K	DE
2606.02020	D	-
2606.09514	K	DE
2606.13603	D	-
2606.16112	K	MA
2606.19354	D	-
2606.29640	D	-
2606.30852	K	RE
2606.31580	K	SE
2607.10836	D	-
2607.21291	K	DE
2608.00573	D	-
2608.27963	K	RE
2608.28846	K	DE
2609.01279	D	-
2609.05275	K	DE
2609.13682	K	DE
2609.14144	K	DE
2609.14419	D	-
2609.18005	K	SG
2503.24191	D	-
2510.02001	D	-
2510.14703	K	DC
2512.00319	K	DC
2601.04426	K	DC
2601.07525	K	DC
2602.07086	D	-
2602.15983	D	-
2602.22647	K	DC
2603.03305	K	DC
2604.04233	D	-
2604.06066	D	-
2604.06559	D	-
2604.14862	K	DC
2604.15593	D	-
2604.18170	K	DC
2604.18566	D	-
2604.23523	D	-
2604.25359	K	DC
2604.26961	D	-
2604.28028	D	-
2605.02363	D	-
2605.08737	D	-
2605.15677	D	-
2605.26128	K	DC
2605.28058	D	-
2605.29986	K	DC
2606.01926	K	DC
2606.09395	D	-
2606.09410	K	DC
2606.10944	K	AL
2606.11817	D	-
2606.11961	D	-
2606.18726	D	-
2606.21453	D	-
2606.21619	D	-
2606.25605	K	DC
2606.29054	D	-
2607.05936	D	-
2607.09791	K	DP
2607.11951	D	-
2607.18254	D	-
2607.18261	D	-
2607.18357	K	DC
2607.18476	K	DC
2607.20430	D	-
2607.26440	D	-
2608.03065	K	DC
2608.05493	D	-
2608.08254	D	-
2608.10137	K	DC
2608.12574	K	DC
2608.25358	D	-
2608.25761	D	-
2608.28229	K	DC
2608.28276	K	DC
2608.28678	D	-
2609.23742	K	DC
2501.01926	D	-
2504.10020	D	-
2504.18114	D	-
2506.05387	K	DP
2506.14766	D	-
2508.02184	D	-
2509.02510	K	DP
2509.19212	D	-
2510.07884	D	-
2511.22277	D	-
2602.01518	K	DP
2602.01740	D	-
2602.14862	D	-
2602.18249	D	-
2603.09232	D	-
2603.10302	D	-
2604.00310	D	-
2604.07172	D	-
2604.08645	D	-
2604.10410	D	-
2604.11012	K	DP
2604.13538	D	-
2604.14111	D	-
2604.15280	D	-
2604.15383	D	-
2604.16453	K	DP
2604.17132	D	-
2604.18327	D	-
2604.19754	D	-
2605.09492	D	-
2605.10065	D	-
2605.11559	D	-
2605.12185	D	-
2605.12522	D	-
2605.14621	D	-
2605.18635	D	-
2605.22579	D	-
2605.23344	D	-
2606.05644	D	-
2606.06238	D	-
2606.13233	K	DP
2606.22511	K	DP
2606.24134	D	-
2606.27359	D	-
2606.27474	K	DP
2606.29223	K	DE
2606.29960	D	-
2607.02781	D	-
2607.08017	D	-
2607.20791	D	-
2607.23067	D	-
2607.25125	D	-
2607.25196	D	-
2607.26536	D	-
2608.07419	D	-
2608.12913	K	DP
2608.14797	K	DP
2608.17427	D	-
2608.22367	D	-
2608.22652	D	-
2608.26641	D	-
2609.01807	D	-
2609.07286	D	-
2609.15476	K	DP
2609.16646	D	-
2609.29016	D	-
2609.29793	D	-
2510.19990	K	DD
2511.15098	D	-
2512.14067	K	CA
2601.11214	K	CA
2602.02600	D	-
2603.07475	D	-
2604.06832	K	CA
2604.16514	K	CA
2605.06885	K	CA
2605.10971	D	-
2606.01774	K	CA
2606.04027	D	-
2606.06712	K	CA
2606.12841	D	-
2607.01170	D	-
2607.04140	D	-
2607.24507	K	CA
2607.25157	K	CA
2609.20751	K	CA
2507.09025	K	CL
2510.04595	D	-
2510.19266	K	CL
2603.15590	K	CL
2603.26556	K	CL
2604.14191	K	CL
2604.22050	K	CL
2604.24715	K	CL
2605.17093	D	-
2605.18826	D	-
2606.18114	K	Q1
2606.21562	D	-
2606.30562	K	CL
2607.00479	D	-
2607.03148	D	-
2607.23869	D	-
2608.02689	K	CL
2608.06628	K	CL
2605.15250	K	CM
2607.27269	K	DS
2604.19835	K	CU
2605.18083	D	-
2605.26496	K	CU
2605.28283	K	PS
2606.01666	K	CU
2606.10722	K	CU
2606.16456	K	CU
2505.21242	D	-
2510.21954	K	CT
2512.14954	K	CT
2602.09388	D	-
2604.07466	K	CT
2604.16656	D	-
2605.13429	K	CT
2605.17379	D	-
2606.22478	D	-
2607.22334	K	CT
2608.03494	K	CT
2608.29662	K	CT
2503.17239	D	-
2503.23733	D	-
2504.05902	D	-
2505.15798	D	-
2505.22934	K	CG
2506.14126	K	CG
2507.08480	D	-
2508.19353	D	-
2509.02555	D	-
2509.24169	D	-
2509.24244	K	CG
2511.08500	D	-
2511.13254	K	CG
2512.09972	K	CG
2601.21187	D	-
2602.00747	K	TD
2602.03702	K	TP
2602.05536	K	CG
2602.09689	D	-
2602.17385	K	CG
2603.02945	K	CG
2604.01674	K	CG
2604.02881	D	-
2604.11129	D	-
2604.22823	D	-
2604.28109	D	-
2605.00610	K	CG
2605.03096	D	-
2605.09188	D	-
2605.09879	D	-
2605.12326	D	-
2605.12419	D	-
2605.12843	K	CG
2605.18610	D	-
2605.18904	K	CG
2605.18993	D	-
2605.19409	D	-
2605.19523	D	-
2605.20730	D	-
2605.25846	K	CG
2605.26484	K	CG
2605.29101	K	CG
2605.29295	D	-
2605.29489	K	CG
2606.00511	D	-
2606.02252	K	CG
2606.03232	D	-
2606.03344	D	-
2606.06814	D	-
2606.07289	K	CG
2606.12498	D	-
2606.16501	K	CG
2606.17475	D	-
2606.19002	D	-
2606.20254	D	-
2606.20734	D	-
2606.22589	D	-
2606.29024	D	-
2607.03011	K	CG
2607.03065	D	-
2607.03346	D	-
2607.07881	D	-
2607.11997	K	CG
2607.15661	D	-
2607.16062	K	CG
2607.20435	D	-
2607.24465	D	-
2607.25366	D	-
2607.27240	D	-
2608.01184	D	-
2608.04181	D	-
2608.04215	D	-
2608.04548	D	-
2608.05541	D	-
2608.08542	D	-
2608.12842	K	CG
2608.14264	D	-
2608.17366	K	CG
2608.23242	D	-
2608.23969	D	-
2608.25354	K	CG
2608.26506	D	-
2608.26655	D	-
2608.28547	K	CG
2609.02273	K	CG
2609.12897	D	-
2609.13808	D	-
2609.17748	D	-
2609.20068	D	-
2609.21094	D	-
2609.22253	K	CG
2609.24084	D	-
2505.21535	D	-
2506.04985	K	QG
2508.06974	K	Q1
2605.13247	K	ET
2605.13405	K	CO
2607.14571	D	-
2609.19107	K	TS
2507.03052	K	PU
2509.23410	K	PU
2510.07985	D	-
2604.00757	D	-
2604.13287	K	PU
2604.16864	K	AS
2605.06402	K	PU
2605.08137	D	-
2606.10445	K	PU
2606.19350	K	PU
2606.25285	K	PU
2607.07557	K	PU
2608.00481	K	PU
2608.06630	K	PU
2608.21541	K	KE
2608.23048	K	PU
2608.25941	D	-
2609.02496	D	-
2609.26177	K	PS
2502.07780	K	PS
2504.18594	D	-
2504.21174	K	PS
2505.16312	D	-
2505.18232	K	PS
2506.13727	D	-
2507.01900	K	PS
2507.14171	D	-
2508.02291	D	-
2509.14230	K	PS
2509.22553	D	-
2509.25606	D	-
2510.14444	K	PS
2510.18030	K	PS
2511.15390	K	PS
2511.19969	D	-
2512.10903	D	-
2601.06787	K	PS
2601.07994	D	-
2601.20107	D	-
2602.01602	D	-
2602.01997	K	PS
2602.03295	K	PS
2602.05243	K	PS
2602.14649	K	PS
2603.08065	K	PS
2603.13418	K	PS
2603.19873	D	-
2603.20991	K	PS
2603.23985	K	PS
2603.24652	K	PS
2604.14345	D	-
2604.15780	D	-
2604.16502	D	-
2604.16521	D	-
2604.17297	K	RE
2604.19398	K	PS
2604.19520	K	PS
2604.24380	D	-
2604.24938	K	PS
2604.27115	D	-
2605.04428	D	-
2605.07271	K	PS
2605.08885	D	-
2605.09008	K	PS
2605.09515	D	-
2605.09931	D	-
2605.12714	D	-
2605.13491	D	-
2605.13688	D	-
2605.14738	D	-
2605.15491	K	PS
2605.17289	K	PS
2605.18331	K	PS
2605.23969	D	-
2605.25842	D	-
2605.27786	K	PS
2605.31256	D	-
2606.01544	K	PS
2606.14346	K	PS
2606.24970	D	-
2606.26002	D	-
2606.30875	D	-
2607.08027	K	PS
2607.10386	D	-
2607.16209	D	-
2607.17052	D	-
2607.17568	K	PS
2607.19894	D	-
2607.22583	K	PS
2607.22587	K	PS
2607.23015	D	-
2607.28418	K	PS
2608.02940	D	-
2608.03580	D	-
2608.05104	D	-
2608.05499	D	-
2608.05967	D	-
2608.06901	D	-
2608.12953	K	PS
2608.13596	K	CG
2608.16010	D	-
2608.21142	K	PS
2608.22963	D	-
2608.24973	D	-
2608.25068	K	PS
2609.06974	K	PS
2609.09883	K	PS
2609.11163	K	PS
2609.18723	D	-
2609.22131	K	PS
2609.29343	D	-
2609.29499	K	PS
2507.21526	K	AS
2509.22166	K	PA
2512.12744	K	PA
2604.08565	K	PA
2605.03667	K	TP
2605.08575	K	EI
2605.17659	K	PA
2605.17743	D	-
2605.25612	K	PA
2606.00888	K	TP
2606.26587	K	QF
2606.27743	K	PA
2607.02423	D	-
2607.11990	K	PA
2607.27591	K	PA
2609.20888	K	AS
2505.12942	K	PL
2505.17974	K	PL
2506.01897	K	TO
2507.03828	K	PL
2509.22075	K	PL
2509.25136	K	PL
2510.05544	K	PL
2510.25977	K	SH
2511.22099	D	-
2603.25385	K	QG
2604.01609	K	PL
2604.09595	K	PL
2604.16940	K	PL
2604.18085	K	PL
2604.18117	D	-
2605.01627	K	PL
2605.08314	K	PL
2605.08568	K	PL
2605.15626	K	PL
2605.18541	D	-
2605.30836	K	PL
2606.00573	D	-
2606.03465	K	PL
2606.07098	K	PL
2606.19993	K	PL
2606.21847	K	PL
2606.23568	K	PL
2607.03057	K	PL
2607.08754	K	PL
2607.18284	K	PL
2608.08506	K	PL
2608.08652	K	PL
2608.23018	D	-
2608.24070	K	PG
2608.26389	K	PL
2609.06341	D	-
2609.15838	K	PL
2609.29913	K	XP
2501.12632	D	-
2503.04872	K	PD
2503.14075	D	-
2505.12781	K	PD
2505.13792	K	PD
2505.13820	D	-
2505.13893	K	CG
2505.13975	K	RE
2505.17868	D	-
2506.01503	D	-
2506.02294	D	-
2506.02671	D	-
2507.18366	D	-
2508.03341	D	-
2509.00973	D	-
2509.01750	D	-
2509.11295	D	-
2509.13858	D	-
2509.14257	D	-
2509.22193	K	PD
2509.25837	K	PD
2510.04850	D	-
2510.05431	D	-
2510.09580	D	-
2510.12184	D	-
2510.15982	K	PD
2510.18117	D	-
2510.18383	D	-
2510.20129	D	-
2510.20449	D	-
2510.23497	D	-
2511.05476	D	-
2511.11132	D	-
2511.17886	D	-
2511.22521	D	-
2511.23204	D	-
2512.02543	D	-
2512.04072	D	-
2512.07461	K	RT
2601.04237	D	-
2601.05019	D	-
2601.05505	D	-
2601.07155	K	PD
2601.09722	D	-
2601.11719	D	-
2601.13992	D	-
2601.14032	D	-
2601.15394	K	PD
2601.19897	K	PD
2601.21288	D	-
2601.22531	D	-
2601.22709	D	-
2602.00400	D	-
2602.01064	K	PD
2602.02244	K	PD
2602.02405	K	PD
2602.02994	D	-
2602.03002	D	-
2602.03396	D	-
2602.03812	D	-
2602.03955	D	-
2602.04577	D	-
2602.07768	D	-
2602.07840	D	-
2602.09130	K	PG
2602.09691	D	-
2602.11157	D	-
2602.15143	D	-
2602.15438	D	-
2602.17686	D	-
2602.17907	D	-
2602.19863	D	-
2602.20816	K	PD
2602.21307	D	-
2602.22495	K	PD
2603.01683	K	PD
2603.01875	K	PD
2603.03010	D	-
2603.05421	D	-
2603.05433	K	RE
2603.06576	D	-
2603.06698	D	-
2603.07025	D	-
2603.07079	K	PD
2603.08234	D	-
2603.09385	D	-
2603.11178	K	PD
2603.12344	D	-
2603.12983	D	-
2603.15814	D	-
2603.16112	D	-
2603.20510	D	-
2603.22056	K	CT
2603.22216	K	DJ
2603.22908	D	-
2603.24472	K	PD
2603.24596	D	-
2603.25562	K	PD
2604.00626	K	PD
2604.01193	D	-
2604.02509	D	-
2604.02621	D	-
2604.03128	K	PD
2604.03841	D	-
2604.03873	K	PD
2604.04461	D	-
2604.06277	D	-
2604.06390	D	-
2604.06421	D	-
2604.07776	D	-
2604.07894	D	-
2604.07944	D	-
2604.08266	D	-
2604.08527	K	PD
2604.08574	D	-
2604.08851	D	-
2604.09430	D	-
2604.09624	D	-
2604.09629	D	-
2604.09665	D	-
2604.10674	D	-
2604.10675	D	-
2604.10688	K	PD
2604.10923	D	-
2604.11867	D	-
2604.12002	K	PD
2604.13010	K	PD
2604.13016	K	PD
2604.13332	D	-
2604.13552	D	-
2604.14572	D	-
2604.14629	D	-
2604.15482	D	-
2604.15559	D	-
2604.15701	D	-
2604.15794	K	PD
2604.16830	K	PD
2604.16845	D	-
2604.17535	K	AP
2604.18963	K	PD
2604.19167	K	Q1
2604.19185	D	-
2604.20244	K	PD
2604.21255	D	-
2604.21536	D	-
2604.22722	D	-
2604.23106	D	-
2604.23336	D	-
2604.23577	D	-
2604.23853	D	-
2604.24881	D	-
2604.24927	D	-
2604.26573	D	-
2604.26934	D	-
2604.28123	D	-
2605.01058	K	DE
2605.01205	K	CT
2605.01355	D	-
2605.01374	K	PD
2605.01732	K	PD
2605.01870	D	-
2605.02860	D	-
2605.02971	D	-
2605.03677	K	PD
2605.04062	K	QM
2605.04078	D	-
2605.04447	D	-
2605.04507	D	-
2605.04542	K	PD
2605.04769	D	-
2605.05040	K	PD
2605.05204	D	-
2605.05246	D	-
2605.05777	D	-
2605.06387	K	PD
2605.06597	K	PD
2605.06850	K	TR
2605.07139	D	-
2605.07396	D	-
2605.07482	D	-
2605.07865	K	PD
2605.08045	D	-
2605.08063	D	-
2605.08094	D	-
2605.08741	D	-
2605.08776	K	RE
2605.08873	K	TR
2605.09253	K	PD
2605.09548	D	-
2605.09719	D	-
2605.09986	D	-
2605.10038	D	-
2605.10194	K	PD
2605.10407	D	-
2605.10518	K	DI
2605.10641	D	-
2605.10777	D	-
2605.10781	K	PD
2605.11182	K	PD
2605.11260	K	PD
2605.11290	D	-
2605.11458	K	PD
2605.11513	K	TP
2605.11609	K	PD
2605.11613	K	PD
2605.11651	D	-
2605.11739	K	PD
2605.11853	D	-
2605.12034	D	-
2605.12227	K	AP
2605.12400	K	PD
2605.12483	K	PD
2605.12652	K	PD
2605.12741	D	-
2605.13136	K	PD
2605.13165	K	RE
2605.13230	K	PD
2605.13255	K	RE
2605.13501	D	-
2605.13981	D	-
2605.14071	K	PD
2605.14346	D	-
2605.14443	D	-
2605.14752	D	-
2605.14876	D	-
2605.15040	D	-
2605.15062	D	-
2605.15113	K	TR
2605.15155	D	-
2605.15239	D	-
2605.15532	D	-
2605.16462	D	-
2605.16826	K	PD
2605.16865	D	-
2605.17497	K	PD
2605.17862	K	PD
2605.17873	D	-
2605.18028	D	-
2605.18141	K	PD
2605.18299	D	-
2605.18529	D	-
2605.18643	K	EC
2605.18654	D	-
2605.18693	D	-
2605.18702	D	-
2605.18740	D	-
2605.19433	K	PD
2605.19436	K	TR
2605.19447	D	-
2605.20258	D	-
2605.20643	D	-
2605.20751	D	-
2605.21924	D	-
2605.22263	K	PD
2605.22411	D	-
2605.22511	D	-
2605.22675	K	PD
2605.22731	K	PD
2605.22843	D	-
2605.23493	D	-
2605.23605	K	DD
2605.23857	K	TP
2605.23954	D	-
2605.24375	D	-
2605.25525	D	-
2605.25582	K	TR
2605.25835	D	-
2605.26246	K	PD
2605.26785	D	-
2605.27115	K	PD
2605.27186	D	-
2605.27765	K	PD
2605.27967	D	-
2605.28014	K	PD
2605.28018	D	-
2605.28207	K	EC
2605.28301	D	-
2605.28303	D	-
2605.28354	D	-
2605.28587	D	-
2605.28791	D	-
2605.29089	K	PD
2605.29128	K	PD
2605.29229	K	PD
2605.29327	K	PS
2605.29495	K	TF
2605.29642	D	-
2605.29829	D	-
2605.29992	D	-
2605.30251	D	-
2605.30380	D	-
2605.30448	D	-
2605.30861	D	-
2605.31029	D	-
2605.31264	D	-
2606.00105	D	-
2606.00306	K	PD
2606.00424	D	-
2606.00642	D	-
2606.00755	K	PD
2606.00995	D	-
2606.01039	K	PD
2606.01215	D	-
2606.01249	K	PD
2606.01476	K	PD
2606.01993	D	-
2606.02530	D	-
2606.02684	K	PD
2606.03089	D	-
2606.03128	D	-
2606.03269	D	-
2606.03620	D	-
2606.03979	D	-
2606.04036	K	PD
2606.04434	D	-
2606.04650	D	-
2606.04694	D	-
2606.05025	D	-
2606.05682	K	QF
2606.05774	D	-
2606.05988	K	RE
2606.06025	D	-
2606.06076	D	-
2606.06078	D	-
2606.06493	D	-
2606.07000	D	-
2606.07082	K	PD
2606.07684	K	SD
2606.08245	D	-
2606.08295	D	-
2606.08596	D	-
2606.08945	D	-
2606.09091	D	-
2606.09304	K	PD
2606.09348	D	-
2606.09388	D	-
2606.09447	D	-
2606.10334	D	-
2606.10385	K	PD
2606.11173	D	-
2606.11270	D	-
2606.11605	D	-
2606.11709	K	PD
2606.12018	D	-
2606.12507	D	-
2606.12578	D	-
2606.12634	D	-
2606.13657	K	PD
2606.13668	D	-
2606.14154	D	-
2606.14368	K	PD
2606.14631	D	-
2606.14684	D	-
2606.14786	D	-
2606.15001	D	-
2606.15517	D	-
2606.15553	D	-
2606.15576	K	PD
2606.15898	D	-
2606.15920	D	-
2606.16038	D	-
2606.16414	D	-
2606.17199	K	PD
2606.18101	D	-
2606.19120	D	-
2606.19327	D	-
2606.19659	D	-
2606.20005	K	AK
2606.20189	D	-
2606.21358	D	-
2606.21704	K	PD
2606.21851	D	-
2606.21884	D	-
2606.22019	D	-
2606.22578	D	-
2606.22793	K	PD
2606.22942	K	PD
2606.22975	D	-
2606.22992	D	-
2606.23104	K	PD
2606.23124	D	-
2606.23897	D	-
2606.24143	K	PD
2606.24330	D	-
2606.24428	D	-
2606.24557	D	-
2606.25059	D	-
2606.25319	D	-
2606.25629	D	-
2606.26277	D	-
2606.27210	D	-
2606.27527	D	-
2606.27814	D	-
2606.27871	D	-
2606.28446	D	-
2606.28823	D	-
2606.29130	D	-
2606.29863	D	-
2606.29869	K	PD
2606.29961	D	-
2606.30044	D	-
2606.30345	D	-
2606.30406	K	PD
2606.30626	K	PD
2606.30923	K	PD
2607.01208	D	-
2607.01480	D	-
2607.01763	K	PD
2607.02220	D	-
2607.02234	K	PD
2607.02502	K	PD
2607.02593	D	-
2607.02966	D	-
2607.03851	D	-
2607.04241	D	-
2607.04425	D	-
2607.04432	D	-
2607.04763	K	PD
2607.04809	D	-
2607.05184	K	PD
2607.05339	K	PD
2607.05394	K	PD
2607.05533	D	-
2607.05541	D	-
2607.05891	D	-
2607.06855	K	PD
2607.07626	D	-
2607.08776	D	-
2607.09692	D	-
2607.09842	D	-
2607.10647	D	-
2607.10666	D	-
2607.10805	K	PD
2607.10998	D	-
2607.11012	K	PD
2607.11257	D	-
2607.11505	K	PD
2607.11933	D	-
2607.11948	D	-
2607.12663	D	-
2607.12787	D	-
2607.13124	K	PS
2607.13399	K	PD
2607.13643	K	PD
2607.14552	D	-
2607.14703	D	-
2607.14709	D	-
2607.14777	D	-
2607.15161	K	PD
2607.15467	D	-
2607.15600	D	-
2607.15732	D	-
2607.15736	K	RE
2607.16246	K	TP
2607.16303	D	-
2607.17070	D	-
2607.17247	K	PD
2607.17558	D	-
2607.17828	D	-
2607.18082	D	-
2607.18293	D	-
2607.18693	D	-
2607.18850	D	-
2607.18955	K	PD
2607.19046	K	PD
2607.19450	K	PD
2607.20440	D	-
2607.20450	D	-
2607.20477	D	-
2607.21550	D	-
2607.22013	D	-
2607.22561	D	-
2607.22629	K	RL
2607.22720	K	DE
2607.23125	D	-
2607.24280	D	-
2607.24447	D	-
2607.24611	D	-
2607.24720	D	-
2607.24772	D	-
2607.25182	D	-
2607.25545	D	-
2607.25554	D	-
2607.26246	K	PD
2607.26722	D	-
2607.27081	D	-
2607.27113	D	-
2607.27937	D	-
2607.28022	D	-
2607.28026	K	PD
2607.28048	D	-
2607.28076	D	-
2607.28086	D	-
2607.28147	D	-
2607.28269	D	-
2607.28582	K	PD
2607.28826	D	-
2607.29052	D	-
2607.29078	K	PD
2607.29209	K	PD
2607.29320	D	-
2608.00110	D	-
2608.00437	D	-
2608.00485	D	-
2608.00782	K	PD
2608.01263	D	-
2608.01356	D	-
2608.01672	K	AP
2608.01735	K	PD
2608.01837	D	-
2608.02087	D	-
2608.02975	D	-
2608.03047	D	-
2608.03223	D	-
2608.03610	D	-
2608.03632	K	PD
2608.03673	D	-
2608.03796	K	PD
2608.03851	D	-
2608.04007	D	-
2608.04788	D	-
2608.04794	K	PD
2608.05131	D	-
2608.05156	D	-
2608.05168	D	-
2608.05245	D	-
2608.05734	D	-
2608.05802	D	-
2608.06065	D	-
2608.06243	K	PD
2608.06296	K	PD
2608.06347	D	-
2608.07004	D	-
2608.07169	D	-
2608.07857	D	-
2608.07885	D	-
2608.07935	K	PD
2608.08164	D	-
2608.08176	K	PD
2608.08768	D	-
2608.08815	D	-
2608.09263	K	PD
2608.09287	D	-
2608.09443	D	-
2608.09555	D	-
2608.09745	K	PD
2608.09789	D	-
2608.09836	K	PD
2608.09931	D	-
2608.10636	D	-
2608.10775	D	-
2608.10864	D	-
2608.10932	D	-
2608.11191	D	-
2608.11660	D	-
2608.11937	D	-
2608.11967	D	-
2608.12107	D	-
2608.12764	D	-
2608.13040	D	-
2608.13387	K	PD
2608.14094	D	-
2608.14126	D	-
2608.14644	D	-
2608.14684	D	-
2608.14685	K	PD
2608.14728	K	PD
2608.15975	D	-
2608.16647	K	PD
2608.17515	D	-
2608.17872	D	-
2608.18386	D	-
2608.18524	D	-
2608.18764	D	-
2608.18849	D	-
2608.18933	D	-
2608.18952	D	-
2608.19408	K	PD
2608.19536	D	-
2608.19778	D	-
2608.19998	D	-
2608.20375	K	DS
2608.20794	D	-
2608.21165	D	-
2608.21500	D	-
2608.21570	D	-
2608.21946	D	-
2608.22066	D	-
2608.22806	D	-
2608.22854	K	PD
2608.23538	D	-
2608.23850	D	-
2608.23880	D	-
2608.24114	D	-
2608.24310	D	-
2608.24696	K	PD
2608.25037	D	-
2608.25575	D	-
2608.25692	D	-
2608.25936	K	PD
2608.26049	D	-
2608.26550	D	-
2608.26684	D	-
2608.26872	D	-
2608.27065	D	-
2608.27857	D	-
2608.27960	K	PD
2608.28138	D	-
2608.28696	D	-
2608.29030	D	-
2608.29588	D	-
2608.29884	D	-
2608.30352	D	-
2609.00251	D	-
2609.00818	D	-
2609.01532	K	TP
2609.01947	D	-
2609.02253	D	-
2609.02401	D	-
2609.02548	K	PD
2609.02676	D	-
2609.03313	D	-
2609.03355	K	PD
2609.03482	D	-
2609.04108	K	PD
2609.04172	K	PD
2609.04482	D	-
2609.04773	D	-
2609.05295	K	PD
2609.05757	D	-
2609.05782	D	-
2609.06296	D	-
2609.06893	D	-
2609.07036	D	-
2609.08123	D	-
2609.08341	K	PD
2609.09468	D	-
2609.09863	D	-
2609.09957	D	-
2609.10113	D	-
2609.10154	K	PD
2609.10317	D	-
2609.10321	D	-
2609.11412	D	-
2609.11699	K	PD
2609.12303	K	TK
2609.12579	K	PD
2609.13580	D	-
2609.13737	D	-
2609.13993	D	-
2609.15097	D	-
2609.15313	D	-
2609.15404	K	PD
2609.15457	D	-
2609.15618	D	-
2609.16689	D	-
2609.16937	K	PD
2609.17474	K	PD
2609.17992	D	-
2609.18971	D	-
2609.19964	D	-
2609.20457	D	-
2609.20612	K	PD
2609.21432	K	PD
2609.21561	K	PD
2609.22254	K	PD
2609.22566	D	-
2609.23435	D	-
2609.23449	D	-
2609.23561	D	-
2609.24141	K	PD
2609.24177	D	-
2609.24432	K	PD
2609.24646	D	-
2609.24872	D	-
2609.24974	D	-
2609.25891	D	-
2609.26073	D	-
2609.27233	K	PD
2609.27980	D	-
2609.28385	K	PD
2609.28739	D	-
2609.28778	D	-
2609.28996	D	-
2609.29051	D	-
2609.29252	D	-
2609.29464	D	-
2609.29518	K	PD
2609.29711	D	-
2609.29804	D	-
2508.03949	D	-
2602.06127	K	PG
2602.17063	K	Q0
2604.14156	K	PG
2604.25903	D	-
2605.00649	K	PG
2605.02285	D	-
2605.11582	D	-
2605.17985	D	-
2606.12203	D	-
2606.17609	K	PG
2607.10109	D	-
2607.11883	D	-
2607.20434	K	PG
2607.28196	K	PG
2609.17786	D	-
2502.00409	D	-
2502.04411	D	-
2502.04416	K	CU
2502.09245	K	MA
2502.15315	K	EA
2503.05066	K	EI
2503.05641	D	-
2503.13505	D	-
2503.22996	K	EA
2504.04342	K	TS
2504.05407	D	-
2505.19435	D	-
2505.20001	D	-
2505.21698	D	-
2505.24846	D	-
2506.12119	K	EA
2506.14009	D	-
2506.21035	D	-
2508.06526	K	EI
2509.06346	K	EA
2509.14104	D	-
2509.14255	D	-
2509.14977	D	-
2509.18169	D	-
2510.02345	K	EC
2510.05497	K	EI
2510.09316	D	-
2510.12773	K	DE
2510.22115	K	MR
2510.27656	K	SP
2511.01192	D	-
2511.01831	D	-
2511.05650	D	-
2511.06237	D	-
2511.08972	K	EA
2511.12449	D	-
2511.12484	D	-
2512.01556	D	-
2512.01675	D	-
2512.03915	K	ET
2512.13727	D	-
2512.13876	D	-
2512.19179	K	SB
2512.22137	D	-
2512.23995	D	-
2601.02144	K	EA
2601.05106	D	-
2601.07372	K	MA
2601.07698	D	-
2601.10245	D	-
2601.13020	D	-
2601.14792	D	-
2601.16905	D	-
2601.18094	D	-
2601.18146	D	-
2601.18699	D	-
2601.20205	K	ET
2601.21349	K	EA
2601.21461	K	MA
2601.21971	D	-
2601.23219	D	-
2602.00966	D	-
2602.01203	K	AV
2602.01990	D	-
2602.02282	D	-
2602.02711	D	-
2602.02751	D	-
2602.03473	D	-
2602.04447	D	-
2602.05711	K	EA
2602.06025	D	-
2602.06154	K	EA
2602.10254	K	SH
2602.10729	K	SB
2602.11184	K	EC
2602.11192	K	EI
2602.11622	D	-
2602.11877	D	-
2602.11937	K	EC
2602.12556	K	EA
2602.12587	D	-
2602.12778	D	-
2602.13206	D	-
2602.14060	D	-
2602.14159	K	EA
2602.15521	K	CU
2602.17004	K	MR
2602.17038	D	-
2602.17798	D	-
2602.19509	D	-
2602.19938	K	EI
2602.21140	K	EI
2602.21214	D	-
2602.21231	D	-
2602.21626	K	EI
2602.21798	K	ET
2602.22286	D	-
2602.23300	D	-
2602.23374	D	-
2602.24059	D	-
2602.24142	D	-
2603.00031	D	-
2603.00054	K	EA
2603.00694	D	-
2603.00828	D	-
2603.01326	D	-
2603.01412	D	-
2603.01548	D	-
2603.01697	K	EA
2603.02633	D	-
2603.03155	D	-
2603.03459	K	MA
2603.04348	D	-
2603.04444	K	SG
2603.04445	K	SG
2603.04772	D	-
2603.04971	K	EA
2603.05046	D	-
2603.05528	D	-
2603.05805	D	-
2603.05806	D	-
2603.05818	D	-
2603.06256	D	-
2603.06313	D	-
2603.07568	D	-
2603.08960	K	EI
2603.09453	D	-
2603.09576	D	-
2603.10353	K	SP
2603.10379	K	TS
2603.10985	K	MA
2603.11114	D	-
2603.11535	K	EA
2603.11957	D	-
2603.12354	D	-
2603.12845	D	-
2603.12933	D	-
2603.13213	D	-
2603.13347	D	-
2603.13352	D	-
2603.13818	D	-
2603.14597	D	-
2603.14923	D	-
2603.15402	D	-
2603.16335	D	-
2603.16430	K	MR
2603.17102	D	-
2603.17302	D	-
2603.18297	K	EA
2603.18411	D	-
2603.18507	D	-
2603.19144	D	-
2603.19289	K	EI
2603.19415	D	-
2603.20895	D	-
2603.21096	K	MA
2603.21237	D	-
2603.21276	D	-
2603.21354	K	SG
2603.22206	D	-
2603.22455	D	-
2603.22755	D	-
2603.23140	D	-
2603.23554	D	-
2603.24044	K	TF
2603.24245	D	-
2603.24984	D	-
2603.25450	D	-
2603.26728	D	-
2603.27141	D	-
2603.27481	D	-
2603.28743	K	TO
2603.28768	K	EI
2603.28972	D	-
2603.29206	D	-
2603.29428	D	-
2603.29919	D	-
2604.00074	D	-
2604.00136	D	-
2604.00317	D	-
2604.00421	K	EA
2604.00660	D	-
2604.00785	K	ET
2604.00801	K	EA
2604.00812	D	-
2604.00878	D	-
2604.01762	D	-
2604.02178	D	-
2604.02431	D	-
2604.02710	D	-
2604.02923	D	-
2604.03592	D	-
2604.03656	D	-
2604.04127	D	-
2604.04295	D	-
2604.04356	K	EC
2604.04756	D	-
2604.05267	D	-
2604.06515	K	EC
2604.06542	K	EC
2604.07030	K	EA
2604.07102	D	-
2604.07264	D	-
2604.07753	D	-
2604.08133	K	EI
2604.08297	D	-
2604.08541	D	-
2604.08936	D	-
2604.09175	K	TS
2604.09613	K	SB
2604.09780	K	EA
2604.10233	D	-
2604.10335	D	-
2604.10496	K	EC
2604.10508	D	-
2604.10603	D	-
2604.10907	D	-
2604.12026	D	-
2604.12735	D	-
2604.12995	D	-
2604.14222	D	-
2604.14246	D	-
2604.14375	D	-
2604.14419	K	EA
2604.14434	D	-
2604.14500	D	-
2604.14690	D	-
2604.15009	D	-
2604.15090	D	-
2604.15499	D	-
2604.15728	D	-
2604.16172	D	-
2604.16264	D	-
2604.17028	D	-
2604.17182	K	EI
2604.17228	K	DE
2604.17375	D	-
2604.17629	D	-
2604.17837	D	-
2604.18200	D	-
2604.19344	D	-
2604.19487	D	-
2604.19777	D	-
2604.20156	K	EA
2604.21264	D	-
2604.21889	D	-
2604.22234	D	-
2604.22442	K	AH
2604.22820	D	-
2604.23108	K	EA
2604.23626	D	-
2604.23740	D	-
2604.23996	D	-
2604.24775	D	-
2604.25930	K	AR
2604.26607	D	-
2604.26955	D	-
2604.27818	D	-
2604.28102	D	-
2605.00180	D	-
2605.00254	K	SP
2605.00336	D	-
2605.00419	D	-
2605.00604	D	-
2605.00799	D	-
2605.01061	D	-
2605.01102	D	-
2605.02075	D	-
2605.02911	D	-
2605.04058	D	-
2605.04236	D	-
2605.04446	D	-
2605.04449	D	-
2605.04528	D	-
2605.04754	D	-
2605.04894	D	-
2605.04952	K	EA
2605.05007	D	-
2605.05657	D	-
2605.05888	K	EI
2605.05899	D	-
2605.06112	D	-
2605.06116	D	-
2605.06415	D	-
2605.06447	D	-
2605.06663	K	EA
2605.06665	K	EA
2605.07260	D	-
2605.07731	D	-
2605.08292	K	EA
2605.08322	D	-
2605.08815	D	-
2605.09121	D	-
2605.09355	D	-
2605.09403	K	MA
2605.09850	D	-
2605.09889	D	-
2605.09942	D	-
2605.10805	D	-
2605.10933	K	EA
2605.11301	D	-
2605.11444	D	-
2605.11603	D	-
2605.11689	K	EA
2605.11800	D	-
2605.12001	D	-
2605.12365	D	-
2605.12476	K	EA
2605.13769	K	EA
2605.13848	D	-
2605.13997	K	EC
2605.14241	D	-
2605.14289	D	-
2605.14359	D	-
2605.14438	K	EA
2605.15135	D	-
2605.15179	D	-
2605.15572	K	QG
2605.16349	D	-
2605.16353	D	-
2605.16686	D	-
2605.16690	D	-
2605.17106	D	-
2605.17571	D	-
2605.17598	D	-
2605.18015	D	-
2605.18106	K	TO
2605.18498	D	-
2605.18796	D	-
2605.18859	D	-
2605.19279	D	-
2605.19301	D	-
2605.19595	D	-
2605.19945	K	EI
2605.20247	D	-
2605.20916	D	-
2605.21427	K	SN
2605.21994	D	-
2605.22057	D	-
2605.22779	D	-
2605.23057	D	-
2605.23078	K	EC
2605.23080	D	-
2605.23188	D	-
2605.23348	D	-
2605.23470	D	-
2605.23893	K	ET
2605.23911	K	EI
2605.24270	D	-
2605.24681	D	-
2605.24817	D	-
2605.25518	D	-
2605.25701	D	-
2605.25708	D	-
2605.25929	D	-
2605.25952	D	-
2605.25998	D	-
2605.26005	D	-
2605.26104	D	-
2605.26147	D	-
2605.27081	K	EI
2605.27220	D	-
2605.27428	D	-
2605.27494	D	-
2605.27722	D	-
2605.28000	D	-
2605.28175	D	-
2605.28306	D	-
2605.28384	D	-
2605.28557	D	-
2605.29135	K	EI
2605.29310	D	-
2605.29350	K	EC
2605.29708	D	-
2605.29714	D	-
2605.31010	D	-
2606.00275	D	-
2606.00395	K	TR
2606.00651	D	-
2606.00686	D	-
2606.00761	K	EA
2606.01062	K	EA
2606.01162	D	-
2606.01472	D	-
2606.01509	K	EA
2606.01671	D	-
2606.01923	D	-
2606.02424	D	-
2606.02488	D	-
2606.02502	D	-
2606.02581	D	-
2606.03780	D	-
2606.04160	D	-
2606.04223	D	-
2606.04284	D	-
2606.04300	D	-
2606.04378	D	-
2606.04816	D	-
2606.04980	K	EC
2606.05145	D	-
2606.05378	D	-
2606.05538	K	EC
2606.05688	K	EC
2606.06098	D	-
2606.06564	K	MA
2606.07414	K	EA
2606.07500	D	-
2606.07587	D	-
2606.08814	K	EA
2606.09038	D	-
2606.09355	D	-
2606.09885	K	EC
2606.10338	D	-
2606.10369	K	EA
2606.10439	D	-
2606.10454	D	-
2606.10499	D	-
2606.10703	D	-
2606.11625	D	-
2606.11690	K	SN
2606.12397	K	EA
2606.12479	D	-
2606.13709	D	-
2606.14200	D	-
2606.14243	D	-
2606.14398	K	EA
2606.15076	D	-
2606.15177	K	EI
2606.15308	D	-
2606.15625	D	-
2606.15838	D	-
2606.16825	K	EA
2606.17615	D	-
2606.17821	D	-
2606.17949	K	SB
2606.17952	K	EA
2606.18051	D	-
2606.18123	D	-
2606.18283	K	AL
2606.18304	K	EC
2606.18774	D	-
2606.19025	K	ET
2606.19036	D	-
2606.19376	D	-
2606.20713	D	-
2606.20961	D	-
2606.20970	D	-
2606.21428	K	EI
2606.21553	D	-
2606.21848	K	AV
2606.21868	K	EI
2606.21968	D	-
2606.22325	K	EA
2606.22560	D	-
2606.22798	D	-
2606.23041	D	-
2606.23919	D	-
2606.25092	D	-
2606.25111	D	-
2606.25532	D	-
2606.25821	D	-
2606.26287	D	-
2606.26633	D	-
2606.26938	D	-
2606.27288	D	-
2606.28696	D	-
2606.28925	D	-
2606.29232	D	-
2606.29354	D	-
2606.29425	D	-
2606.30217	D	-
2606.30775	D	-
2606.30997	D	-
2606.31163	D	-
2606.32040	D	-
2607.00041	D	-
2607.00293	D	-
2607.00371	D	-
2607.01710	K	EC
2607.01772	D	-
2607.02930	D	-
2607.03688	D	-
2607.03948	K	SB
2607.04350	D	-
2607.04487	D	-
2607.04576	D	-
2607.05114	D	-
2607.05438	D	-
2607.06278	D	-
2607.06601	K	EA
2607.07951	D	-
2607.08215	K	SH
2607.08601	K	EC
2607.08778	D	-
2607.08991	K	PA
2607.09161	D	-
2607.09248	K	SB
2607.10248	D	-
2607.11138	D	-
2607.11399	D	-
2607.11493	D	-
2607.12875	K	SK
2607.13068	K	SH
2607.13095	K	SG
2607.13099	D	-
2607.13386	D	-
2607.13594	D	-
2607.15592	D	-
2607.15899	D	-
2607.16184	K	EI
2607.16305	K	MA
2607.16427	K	EA
2607.16721	K	EC
2607.16726	D	-
2607.16742	D	-
2607.17038	D	-
2607.17708	D	-
2607.18228	D	-
2607.18684	D	-
2607.18716	D	-
2607.18730	K	MA
2607.19431	D	-
2607.20220	K	EI
2607.20426	D	-
2607.20427	D	-
2607.20488	D	-
2607.20860	D	-
2607.21893	D	-
2607.21978	K	TF
2607.23304	D	-
2607.26017	D	-
2607.26052	D	-
2607.26340	K	EI
2607.26618	D	-
2607.27830	D	-
2607.28308	K	EA
2607.28670	D	-
2607.28991	D	-
2607.29039	D	-
2607.29463	D	-
2608.01060	D	-
2608.01285	D	-
2608.01739	D	-
2608.02528	D	-
2608.03148	D	-
2608.03341	D	-
2608.03500	D	-
2608.03902	D	-
2608.04084	K	EA
2608.04183	D	-
2608.04588	D	-
2608.04695	D	-
2608.05254	D	-
2608.05495	D	-
2608.05592	D	-
2608.06396	D	-
2608.06690	D	-
2608.07424	D	-
2608.07532	D	-
2608.07851	K	MA
2608.08032	D	-
2608.08081	K	EI
2608.08425	D	-
2608.08482	K	SG
2608.08528	D	-
2608.08853	K	EA
2608.08889	D	-
2608.08910	K	Q3
2608.08980	D	-
2608.09184	D	-
2608.09248	D	-
2608.09251	D	-
2608.09752	D	-
2608.09907	D	-
2608.10333	D	-
2608.10392	K	EA
2608.10532	D	-
2608.11212	K	EC
2608.11623	D	-
2608.11785	D	-
2608.13458	D	-
2608.13565	K	EC
2608.13571	D	-
2608.13573	K	SG
2608.13799	D	-
2608.13911	D	-
2608.14333	K	EI
2608.14385	K	EA
2608.14575	K	SB
2608.14927	D	-
2608.15008	D	-
2608.15056	D	-
2608.15102	D	-
2608.15213	D	-
2608.15299	K	EA
2608.15311	D	-
2608.15687	D	-
2608.15787	D	-
2608.15919	D	-
2608.16188	D	-
2608.17316	D	-
2608.17638	D	-
2608.17687	D	-
2608.19589	D	-
2608.19677	K	KP
2608.20061	K	TS
2608.20389	D	-
2608.20632	K	DE
2608.20763	D	-
2608.21375	D	-
2608.21610	D	-
2608.21762	D	-
2608.22215	D	-
2608.22708	D	-
2608.22812	D	-
2608.22917	D	-
2608.22972	D	-
2608.23078	D	-
2608.23794	K	EA
2608.23806	D	-
2608.24040	D	-
2608.25231	D	-
2608.25276	D	-
2608.26043	D	-
2608.26612	K	EI
2608.26650	K	EC
2608.27026	D	-
2608.27867	D	-
2608.28011	D	-
2608.28063	D	-
2608.28158	K	TR
2608.28302	D	-
2608.28726	D	-
2608.29109	D	-
2608.29151	D	-
2608.29790	D	-
2608.29978	D	-
2608.30158	D	-
2608.30224	D	-
2608.30250	D	-
2608.31118	D	-
2609.00284	D	-
2609.00575	K	EC
2609.00621	D	-
2609.00662	D	-
2609.00993	K	SD
2609.01100	K	EA
2609.01343	K	TS
2609.01428	D	-
2609.01455	D	-
2609.02292	D	-
2609.02293	D	-
2609.02404	K	EA
2609.03150	D	-
2609.03501	D	-
2609.04238	K	SE
2609.04244	K	SK
2609.04575	K	EI
2609.04793	D	-
2609.05351	D	-
2609.05770	D	-
2609.06403	D	-
2609.06779	D	-
2609.08115	K	ET
2609.08189	K	DE
2609.08306	D	-
2609.08663	D	-
2609.08690	K	TS
2609.09793	D	-
2609.10372	D	-
2609.11917	K	TS
2609.12550	D	-
2609.12705	D	-
2609.12978	K	EI
2609.13058	K	TR
2609.13240	D	-
2609.13395	D	-
2609.13486	D	-
2609.13559	D	-
2609.14072	D	-
2609.14374	D	-
2609.14773	D	-
2609.14825	D	-
2609.15126	K	MA
2609.15172	D	-
2609.15636	K	EI
2609.15982	D	-
2609.16179	K	TO
2609.16560	D	-
2609.17515	D	-
2609.17542	D	-
2609.17940	K	EI
2609.17977	D	-
2609.18063	K	EI
2609.18110	K	EI
2609.18131	K	EC
2609.18176	K	EA
2609.18779	D	-
2609.18842	D	-
2609.18860	D	-
2609.18916	K	EC
2609.18959	D	-
2609.19671	K	RE
2609.20347	D	-
2609.20630	D	-
2609.20974	K	EA
2609.21137	K	SH
2609.21346	K	EA
2609.21672	K	CU
2609.22146	D	-
2609.22199	K	EA
2609.24058	D	-
2609.24061	D	-
2609.24813	D	-
2609.25049	D	-
2609.25146	D	-
2609.25911	D	-
2609.26086	D	-
2609.26399	D	-
2609.26598	D	-
2609.26913	D	-
2609.27294	K	CO
2609.28053	K	ET
2609.29015	D	-
2609.29048	D	-
2609.29282	D	-
2502.05370	K	EI
2502.06643	K	EI
2502.06888	K	EI
2502.12224	K	EI
2502.16927	K	EA
2503.04398	K	EI
2503.08467	K	EI
2503.09304	K	EI
2503.09716	K	EI
2504.01337	K	EI
2504.05897	K	EI
2504.06792	K	EC
2504.13359	K	SN
2505.05735	D	-
2505.05950	K	EI
2505.13345	K	EI
2505.16056	K	EI
2506.07627	D	-
2506.12708	K	SH
2506.23635	K	EI
2507.07120	K	SP
2507.18889	K	SP
2508.03148	K	SG
2508.06024	K	EI
2508.09208	K	EI
2508.09229	K	EI
2508.12851	K	EI
2508.18983	K	EI
2509.07379	K	EI
2509.08342	K	EI
2509.09420	K	SH
2509.25041	K	EI
2510.08055	K	EI
2510.12357	K	EI
2510.19262	K	ET
2510.19366	K	EI
2510.25258	K	SH
2510.26730	K	EI
2511.11505	K	EI
2511.14102	K	EI
2512.03927	K	EI
2512.04476	K	EI
2512.09277	K	EI
2512.12990	K	EI
2512.13525	K	EI
2512.18674	K	EI
2512.19849	K	EI
2512.21487	K	EI
2601.06790	D	-
2601.17063	K	EI
2601.17111	K	EI
2601.21198	K	EI
2602.00509	K	EI
2602.03495	K	EI
2602.03921	K	EI
2602.04870	K	EA
2602.07265	K	EI
2602.09721	K	EI
2602.11686	K	ET
2603.06350	K	EI
2603.09983	K	EI
2603.13606	K	EI
2603.19172	K	EI
2603.23888	D	-
2604.02715	K	EI
2604.19241	K	ET
2604.19503	K	EI
2604.19654	K	ET
2604.23150	K	EI
2604.26881	K	EI
2605.00515	D	-
2605.02960	K	EI
2605.04960	D	-
2605.05225	K	EI
2605.05607	K	EI
2605.06055	K	EI
2605.06113	K	SB
2605.06206	K	EI
2605.10670	K	EI
2605.11277	K	SH
2605.11537	K	EI
2605.14347	D	-
2605.16849	D	-
2605.17889	K	EI
2605.20179	K	EI
2605.20982	K	EI
2605.21100	K	EI
2606.00735	K	EI
2606.01143	K	TR
2606.04101	K	EI
2606.06941	D	-
2606.10493	K	EI
2606.11673	D	-
2606.15453	K	EI
2606.26607	K	EI
2606.29982	K	EI
2607.00466	K	EI
2607.02118	D	-
2607.04164	K	EI
2607.05116	K	EI
2607.06202	K	EI
2607.08782	K	EI
2607.09686	K	EI
2607.17074	K	SH
2607.17154	D	-
2607.17880	K	EI
2607.19539	K	EI
2607.23099	K	EI
2607.24434	K	EI
2607.24787	K	EI
2607.28097	K	EI
2608.00577	D	-
2608.01784	K	EI
2608.02341	D	-
2608.03825	D	-
2608.07911	K	EI
2608.08650	K	EA
2608.10614	D	-
2608.11688	K	EI
2608.12103	K	EI
2608.12146	K	ET
2608.13057	K	EI
2608.14205	K	EI
2608.15383	K	EI
2608.16157	K	EI
2608.21240	K	EI
2608.21614	K	EI
2608.27874	K	ET
2608.28511	K	ET
2609.00407	K	EI
2609.01024	K	EI
2609.04895	K	EI
2609.09748	K	EI
2609.13537	K	EI
2609.14507	K	KO
2609.26061	D	-
2609.29032	K	EI
2502.18821	K	EC
2503.00634	K	EC
2504.07807	K	EC
2504.12359	K	EC
2506.23266	K	EC
2508.05257	K	EC
2508.19078	D	-
2509.02753	K	EC
2509.10377	K	EC
2509.16105	K	EC
2509.19781	K	EC
2509.22299	K	EC
2510.13999	K	EC
2510.14436	K	EC
2510.16138	K	EC
2511.04805	K	EC
2511.15015	K	EC
2511.15690	K	EC
2511.19480	D	-
2602.04731	D	-
2603.02217	K	EC
2603.06003	K	EC
2603.12645	K	EC
2603.18492	K	EC
2604.26340	D	-
2605.08738	K	EC
2605.28042	K	EC
2606.09886	K	EC
2606.15716	K	EC
2606.27866	K	EC
2608.04454	K	EC
2608.07814	K	EC
2608.07890	K	EC
2608.21693	K	EC
2609.04453	K	EC
2609.05228	K	EC
2609.06076	K	EC
2609.12310	D	-
2609.25809	K	EC
2501.03905	K	ET
2501.04765	D	-
2501.10714	K	ET
2501.11873	K	ET
2502.02581	K	ET
2502.05633	D	-
2502.07972	D	-
2503.05029	K	ET
2504.12463	K	ET
2504.19925	K	ET
2505.11830	D	-
2505.13380	K	ET
2505.14681	K	RE
2505.14864	K	ET
2505.15414	K	CU
2506.02965	D	-
2507.09205	D	-
2507.16274	K	TP
2507.20984	K	MS
2508.02002	D	-
2508.02317	K	TP
2508.10016	D	-
2508.13337	K	ET
2509.02718	D	-
2509.18542	K	CU
2509.24406	K	TO
2509.26520	K	ET
2510.00207	K	ET
2510.08008	K	ET
2510.25803	D	-
2511.12609	K	MR
2511.17127	K	TP
2511.19987	D	-
2511.21431	K	ET
2512.01252	D	-
2512.06784	D	-
2512.12121	K	ET
2512.13996	K	ET
2512.19606	K	SG
2512.24157	K	MR
2601.01046	D	-
2601.05296	K	ET
2601.06857	K	ET
2601.08383	D	-
2602.21227	D	-
2602.22059	D	-
2603.07373	D	-
2603.13256	D	-
2603.27965	K	CU
2604.04230	K	ET
2604.15821	D	-
2604.18473	K	ET
2605.02241	D	-
2605.08639	K	ET
2605.08842	K	ET
2605.18815	K	SP
2605.30992	K	ET
2605.31463	K	ET
2606.03391	K	CG
2606.07404	K	ET
2606.11867	K	ET
2606.12240	D	-
2606.16158	D	-
2606.20581	D	-
2607.01844	K	ET
2607.08780	K	ET
2607.11444	K	ET
2607.19058	K	ET
2608.01284	K	MA
2608.03676	K	ET
2608.04401	K	EI
2608.04407	K	TO
2608.10823	K	TR
2608.18261	K	ET
2608.24637	D	-
2608.24938	K	EI
2609.04609	K	ET
2609.14306	K	ET
2609.18388	K	SP
2609.23600	D	-
2501.08090	K	SB
2501.09367	D	-
2501.13111	K	SB
2501.14312	K	SB
2501.14784	K	SB
2501.14808	K	SB
2502.02789	K	XP
2502.04677	K	SB
2502.05043	K	SN
2502.08182	K	SM
2502.11417	K	SB
2502.13965	K	SB
2502.14617	K	SB
2502.15763	K	SB
2502.18443	K	TD
2503.02354	K	SB
2503.05248	K	SB
2503.06433	K	SP
2503.07545	K	SB
2503.08311	K	SG
2503.08415	K	SG
2503.13737	K	SB
2503.13773	K	SB
2503.19876	D	-
2503.22562	K	SB
2504.03651	K	SB
2504.03702	K	SB
2504.07347	K	SB
2504.07494	K	SB
2504.08784	K	SB
2504.08791	K	SE
2504.09590	K	SB
2504.14966	K	SB
2504.15303	K	SB
2504.15720	K	SB
2504.17261	D	-
2504.19720	K	SG
2504.20068	K	SB
2504.20828	K	SB
2505.01658	K	SG
2505.03763	K	SB
2505.05286	K	SB
2505.06481	K	SB
2505.07203	K	SB
2505.07833	K	SB
2505.09142	K	SB
2505.09319	K	SB
2505.17052	K	SB
2505.18389	D	-
2505.23022	K	SB
2506.02024	K	Q8
2506.04203	K	SB
2506.09713	K	SG
2506.14276	D	-
2506.15155	K	SB
2506.18728	K	SB
2506.19677	K	SB
2506.21901	K	SG
2507.01663	K	TR
2507.05043	K	SB
2507.06520	D	-
2507.09019	K	SB
2507.10069	K	SB
2507.10150	K	SB
2507.17120	K	SB
2507.17133	K	SB
2507.17769	K	SB
2507.18006	K	SB
2507.18007	K	SB
2507.21276	K	SB
2508.01002	K	SB
2508.03611	K	SB
2508.06948	K	SB
2508.15919	K	SB
2508.16646	K	SB
2508.18182	K	TP
2508.18736	K	SB
2508.20274	K	SB
2509.02121	K	SB
2509.06362	K	SB
2509.11134	K	SG
2509.13734	D	-
2509.23384	K	SB
2509.24957	K	SB
2509.25175	K	SG
2509.26182	K	SB
2510.00133	D	-
2510.02758	K	SB
2510.03243	K	SB
2510.03283	K	SB
2510.05059	K	SB
2510.14392	K	SB
2510.17015	K	SB
2510.18672	K	SB
2510.19644	D	-
2510.20878	K	SB
2510.24051	K	SB
2510.25412	K	SB
2510.26913	K	SB
2510.27172	D	-
2511.00603	D	-
2511.02248	K	SB
2511.05502	K	SE
2511.08282	D	-
2511.12979	K	SB
2511.14116	K	SB
2511.14450	D	-
2511.16138	K	KO
2511.16682	K	SE
2511.17593	K	SG
2511.20172	K	KO
2511.20714	D	-
2511.20982	K	SD
2511.21150	K	XV
2511.21413	D	-
2512.04013	K	SB
2512.09472	K	SB
2512.12928	K	SB
2512.14142	K	SB
2512.14527	K	TO
2512.16134	K	SB
2512.16891	D	-
2601.00397	K	SG
2601.00841	D	-
2601.03197	K	SB
2601.05109	K	SB
2601.06543	D	-
2601.08743	K	KP
2601.09258	K	SB
2601.10274	K	SB
2601.11546	K	SB
2601.11589	K	SB
2601.11652	K	DS
2601.19139	K	SE
2601.19402	D	-
2601.20309	K	SB
2601.20408	D	-
2601.21473	K	SB
2601.21758	K	SB
2601.22362	K	SN
2601.22438	K	SG
2602.00269	K	SG
2602.00397	K	PA
2602.01826	K	TR
2602.02061	D	-
2602.04769	D	-
2602.06932	K	DS
2602.07878	D	-
2602.10622	D	-
2602.11530	K	SB
2602.11688	K	SB
2602.12151	K	SB
2602.13692	K	SB
2602.16100	D	-
2602.16603	K	SB
2602.19594	K	SG
2602.22455	D	-
2602.22593	K	SP
2603.02872	D	-
2603.03310	D	-
2603.04545	D	-
2603.05413	D	-
2603.05692	K	SP
2603.05800	D	-
2603.06588	K	SG
2603.09046	K	SE
2603.13605	D	-
2603.13906	D	-
2603.15202	K	SB
2603.16054	K	SG
2603.16104	K	SB
2603.16514	K	SG
2603.16987	K	MS
2603.18897	K	SB
2603.21257	K	KP
2603.26498	K	SB
2604.00499	K	SB
2604.03684	D	-
2604.06036	D	-
2604.06970	K	SB
2604.07144	K	SB
2604.07472	K	SB
2604.07609	K	SG
2604.07874	K	SB
2604.08075	K	SB
2604.09611	K	SN
2604.11378	D	-
2604.13226	K	KP
2604.16395	K	SB
2604.16400	K	SB
2604.16682	K	SN
2604.17249	D	-
2604.17627	K	SB
2604.21072	K	SP
2604.24013	K	SP
2604.26334	K	SE
2605.00528	K	SB
2605.00616	K	SG
2605.01533	D	-
2605.04357	K	SB
2605.04595	K	SB
2605.06046	K	SB
2605.06068	K	SG
2605.06221	K	AS
2605.06914	K	SB
2605.07325	D	-
2605.07443	K	KP
2605.07547	D	-
2605.07985	K	SG
2605.10556	K	SN
2605.11202	D	-
2605.11381	D	-
2605.13784	K	KP
2605.16867	K	SB
2605.19481	K	SB
2605.19593	K	SB
2605.23389	K	SB
2605.24217	K	SG
2605.24930	K	AP
2605.25645	K	SH
2605.26289	K	SB
2605.27744	K	SB
2605.27763	D	-
2605.28268	D	-
2605.29639	K	SG
2605.29979	D	-
2605.30337	K	TF
2606.00017	D	-
2606.00279	D	-
2606.00516	K	SB
2606.00946	K	SB
2606.01927	K	SP
2606.02982	K	SB
2606.03014	D	-
2606.04402	D	-
2606.04594	K	SG
2606.05933	K	SB
2606.07248	K	SB
2606.09061	K	SB
2606.09441	K	KP
2606.09613	K	SB
2606.09643	K	SB
2606.11440	D	-
2606.11473	D	-
2606.11916	D	-
2606.12688	K	SG
2606.12950	K	SB
2606.13968	D	-
2606.15789	K	PG
2606.18431	K	SB
2606.18600	K	SB
2606.18741	K	SP
2606.19989	K	TP
2606.20577	K	SB
2606.22327	K	SB
2606.22983	K	SG
2606.23108	D	-
2606.28831	K	KE
2606.29565	K	SB
2606.30391	K	SN
2607.00151	K	SB
2607.02119	D	-
2607.04181	K	SB
2607.09172	K	SN
2607.12316	D	-
2607.15778	D	-
2607.16596	K	SG
2607.16892	K	SB
2607.17181	K	SB
2607.18002	K	EI
2607.18171	D	-
2607.18253	D	-
2607.19182	D	-
2607.19510	K	SG
2607.20468	K	SG
2607.22242	K	SB
2607.22578	K	SB
2607.22785	K	SE
2607.23806	D	-
2607.26076	D	-
2607.26633	K	SH
2607.27090	K	KP
2607.28848	K	SB
2607.29069	K	SB
2608.00026	K	SN
2608.01655	K	KP
2608.01785	K	SB
2608.02244	K	SB
2608.02995	D	-
2608.03036	K	SG
2608.03487	K	SB
2608.04458	K	SG
2608.05651	D	-
2608.06007	K	SG
2608.06557	K	SB
2608.07009	K	KO
2608.08237	D	-
2608.08382	K	SB
2608.10402	K	TR
2608.12990	D	-
2608.13127	K	SM
2608.13499	K	SB
2608.13868	K	SM
2608.15127	K	SG
2608.15592	K	SB
2608.16336	K	SB
2608.18149	K	SN
2608.18733	D	-
2608.19557	D	-
2608.19659	K	SG
2608.20370	K	SG
2608.20388	D	-
2608.21719	K	SN
2608.24650	K	SG
2608.25431	D	-
2608.25523	K	KP
2608.25697	D	-
2608.28950	D	-
2608.30386	K	AH
2608.30830	K	KO
2609.01315	D	-
2609.05425	K	SG
2609.05565	K	SN
2609.07843	D	-
2609.07927	D	-
2609.09164	D	-
2609.10550	K	SG
2609.10810	D	-
2609.10812	K	SG
2609.11744	K	KO
2609.12551	K	SG
2609.15030	K	KP
2609.17193	D	-
2609.17863	K	SG
2609.18112	K	SB
2609.18123	K	SG
2609.18526	D	-
2609.19657	K	KP
2609.20874	K	SG
2609.20957	K	SB
2609.23130	K	SG
2609.25451	K	SG
2609.29160	K	SB
2609.29808	D	-
2501.05460	K	SD
2501.14743	K	SD
2502.07903	K	SD
2503.20552	K	SD
2504.09285	K	SD
2504.14489	K	SD
2504.15930	K	TR
2504.17584	K	SH
2504.18154	K	SD
2504.19516	K	SD
2504.19867	K	SD
2505.11916	K	SD
2505.12658	K	SD
2506.05871	K	SD
2506.06769	D	-
2506.10470	K	SD
2507.06608	K	SD
2508.01091	D	-
2508.01989	K	SD
2508.02520	K	SD
2508.06133	K	SD
2508.09035	K	SD
2508.15881	K	KL
2508.19559	K	SD
2509.04467	K	PS
2509.04827	K	SN
2509.17357	K	SD
2509.17542	K	SD
2509.24381	K	SD
2510.02675	K	SH
2510.08544	K	SH
2510.13223	K	SD
2510.13668	K	SD
2510.14580	K	SH
2510.15926	K	SH
2510.18121	K	SP
2510.24934	D	-
2511.04791	K	SD
2511.07422	K	SD
2511.10753	K	SM
2511.21862	K	SD
2511.22481	K	SD
2512.00719	K	SD
2512.03416	K	SD
2512.11550	K	SH
2512.11920	K	KO
2512.17574	K	SD
2512.18194	K	KO
2512.20276	D	-
2512.22195	K	KO
2512.22560	K	TR
2601.01209	K	TR
2601.08833	K	SN
2601.11590	K	SD
2601.11822	K	SD
2601.12241	K	SN
2601.21351	K	SD
2602.02204	K	SD
2602.02987	K	SD
2602.12029	K	SD
2602.14516	K	SD
2602.18755	K	SN
2602.23036	K	SG
2603.02599	K	SD
2603.04716	K	SD
2603.12707	K	SD
2603.13358	K	SD
2603.13591	D	-
2603.17456	K	SD
2604.00368	K	SD
2604.06370	K	KP
2604.09562	K	SD
2604.15039	K	SD
2605.01708	K	KG
2605.02329	K	SD
2605.11852	K	SP
2605.16637	K	SB
2605.16839	K	AS
2605.21312	K	SG
2605.28302	K	SD
2606.01839	K	SD
2606.03910	K	SD
2606.04415	K	SD
2606.12556	K	KO
2606.13708	D	-
2606.15652	K	Q4
2606.16264	K	SD
2606.17081	K	SD
2606.17104	K	SD
2606.24369	D	-
2606.26997	K	TR
2606.29708	K	SD
2606.29986	K	SD
2607.01607	K	SH
2607.01617	K	SH
2607.02043	K	SD
2607.08565	K	SB
2607.09207	K	TR
2607.18141	K	KO
2607.22614	K	TR
2607.25498	K	SD
2607.28633	K	SD
2608.01891	K	SN
2608.03741	K	SD
2608.04502	K	SD
2608.06723	K	SG
2608.13962	K	SH
2608.15473	K	SD
2608.23658	K	SM
2608.26523	K	SP
2609.00857	K	SH
2609.11133	K	SN
2609.13134	K	SD
2609.13161	K	SD
2609.14237	K	SD
2609.15359	K	SB
2609.16206	K	SD
2609.19526	D	-
2609.26333	K	QG
2609.26763	D	-
2609.27085	K	SD
2609.28717	K	DS
2501.04266	K	SP
2501.06589	K	SP
2502.07846	K	SP
2502.19811	K	SP
2502.20727	K	SP
2502.21231	K	SP
2503.01328	K	SP
2503.03182	K	SP
2503.10377	K	SP
2503.11367	K	SP
2503.15252	D	-
2503.17707	K	SP
2503.19050	K	SP
2503.21033	D	-
2503.23830	K	SP
2504.03662	K	SP
2504.05638	K	SP
2504.14519	K	SP
2504.14775	K	SP
2504.14960	K	SP
2504.21411	K	SP
2505.01099	K	SP
2505.11329	K	SP
2505.17548	K	SP
2505.18164	D	-
2505.18563	D	-
2505.22296	K	SP
2506.00008	K	SH
2506.01352	K	SP
2506.09280	K	SP
2506.10426	K	SP
2506.10911	K	SP
2506.17551	D	-
2506.21263	K	SP
2506.22033	K	SP
2507.00217	K	SP
2507.07114	K	SP
2507.07117	K	SP
2507.09029	K	SP
2507.10392	K	SP
2507.12145	D	-
2507.14392	K	SP
2507.19419	K	TD
2507.19845	K	SP
2508.11287	D	-
2508.21613	K	SP
2509.00217	K	SP
2509.03018	K	SP
2509.10371	K	SP
2509.16495	K	SP
2509.19729	K	SP
2509.19836	K	SP
2509.19855	D	-
2509.21275	K	SP
2509.21841	K	SP
2509.22418	K	SP
2509.23722	K	SP
2509.26541	K	SP
2510.00991	K	SP
2510.05186	K	SP
2510.12064	K	SP
2510.15596	K	SP
2510.15882	K	SP
2510.17896	K	SP
2510.20111	K	SP
2510.20171	K	SP
2510.27257	K	SP
2511.01610	D	-
2511.06247	K	SP
2511.09557	K	SP
2511.09741	K	SP
2511.11373	K	TR
2511.11617	K	SP
2511.17826	K	SP
2512.08242	K	SP
2512.12131	K	SP
2512.21835	K	SE
2512.21884	K	SP
2512.24750	K	SP
2512.25059	K	SP
2601.02311	K	SP
2601.19362	K	SP
2601.22442	K	SP
2601.22585	K	SP
2602.00277	K	SP
2602.03515	K	SP
2602.05754	K	SP
2602.07306	K	SP
2602.08923	K	SP
2602.10940	D	-
2602.21196	K	SP
2602.21788	K	SP
2602.22457	K	SP
2603.03592	D	-
2603.07685	K	SP
2603.28239	K	SP
2603.28290	D	-
2604.01621	K	SP
2604.02372	D	-
2604.04895	D	-
2604.12171	K	SP
2604.17172	K	SP
2604.27089	K	SP
2605.00539	K	QT
2605.05467	K	SP
2605.05628	K	SP
2605.07726	K	SP
2605.08524	K	SP
2605.18404	D	-
2605.19775	K	SG
2605.22014	K	SP
2605.23945	K	SP
2605.24006	K	SP
2605.25375	K	SP
2605.27678	K	SP
2605.28095	K	SP
2605.30852	K	DS
2605.31000	K	SP
2606.05484	K	SP
2606.08476	K	SP
2606.11169	K	SP
2606.15045	K	SP
2606.16384	K	SP
2606.16907	K	SP
2606.30460	K	SP
2606.30634	K	SP
2607.07862	K	SP
2607.08973	K	SP
2608.00916	D	-
2608.01449	K	SP
2608.05944	K	SP
2608.06838	K	SP
2608.09160	K	SP
2608.15118	K	SP
2608.23962	K	SP
2609.03151	K	SP
2609.04774	K	SP
2609.08368	K	TR
2609.08739	K	SP
2609.10549	K	SP
2609.12584	D	-
2609.13846	K	SP
2609.16491	K	SP
2609.17380	K	TP
2609.18178	K	SP
2609.19169	K	SE
2609.19909	D	-
2609.20359	D	-
2609.22755	K	SP
2501.00032	K	SK
2501.02885	D	-
2501.05706	D	-
2501.11175	D	-
2502.00340	K	TP
2502.00620	D	-
2502.00678	D	-
2502.01681	D	-
2502.04563	K	SH
2502.10517	K	SK
2502.13568	D	-
2502.14752	K	SK
2502.18627	K	SH
2503.01052	D	-
2503.14985	K	SK
2503.23817	K	SH
2504.07396	D	-
2504.08967	D	-
2504.11651	K	PG
2504.11750	K	SK
2504.12984	K	SK
2504.16214	K	SK
2504.16339	K	SH
2504.20412	D	-
2505.02146	K	SK
2505.03988	D	-
2505.05758	D	-
2505.11340	D	-
2505.11480	D	-
2505.12668	D	-
2505.16968	K	SK
2505.17694	K	AK
2505.18886	D	-
2505.19349	K	SH
2505.19489	D	-
2505.22758	K	SK
2506.01374	K	SK
2506.09092	K	SK
2506.10125	D	-
2506.10401	K	SK
2506.10959	D	-
2506.20807	K	SK
2506.23225	K	MA
2507.02057	D	-
2507.02754	K	AV
2507.05035	D	-
2507.09071	K	AS
2507.17773	K	SK
2507.18454	K	SE
2507.23035	K	Q4
2507.23194	K	SK
2507.23539	D	-
2508.06339	D	-
2508.07315	D	-
2508.15601	K	SK
2508.18001	D	-
2508.18850	K	SK
2508.19074	D	-
2508.19087	K	SK
2508.20134	D	-
2508.20258	K	SK
2509.00599	K	SH
2509.01229	K	SK
2509.06402	D	-
2509.07506	K	SK
2509.12136	D	-
2509.12211	K	KE
2509.13694	K	SH
2509.14265	K	SK
2509.14279	K	SK
2509.15205	D	-
2509.22114	D	-
2509.22796	D	-
2509.25626	D	-
2509.25853	K	SE
2509.26476	D	-
2510.00932	D	-
2510.01649	D	-
2510.03760	K	SK
2510.07356	K	SK
2510.13197	D	-
2510.14719	K	SK
2510.16028	D	-
2510.16996	K	SK
2510.17158	K	SK
2510.17891	K	SK
2510.19873	K	SK
2510.25542	D	-
2511.01763	D	-
2511.01884	K	SK
2511.02043	K	AK
2511.02168	K	SK
2511.04132	D	-
2511.04768	K	SK
2511.05978	D	-
2511.06010	K	KP
2511.08307	D	-
2511.11810	D	-
2511.12294	D	-
2511.12638	K	SK
2511.13645	D	-
2511.15706	D	-
2511.16964	K	SK
2511.18653	D	-
2511.18868	K	SK
2511.20100	K	SK
2511.21702	K	DP
2511.22333	K	AK
2512.00335	K	SH
2512.01610	D	-
2512.02189	K	SH
2512.03086	D	-
2512.04355	D	-
2512.06393	D	-
2512.11135	D	-
2512.12238	D	-
2512.15766	D	-
2512.16056	K	SM
2512.16465	K	SK
2512.17970	K	QG
2512.18021	D	-
2512.19018	D	-
2512.20861	K	PL
2512.22142	D	-
2512.22147	D	-
2512.22219	K	SK
2512.23424	K	SK
2601.02045	D	-
2601.06288	K	SG
2601.07160	K	SK
2601.09159	D	-
2601.10266	D	-
2601.10823	K	SH
2601.12698	D	-
2601.13345	D	-
2601.14598	D	-
2601.14910	K	SK
2601.14936	D	-
2601.15727	K	SK
2601.16238	K	SK
2601.16294	K	SK
2601.17768	K	SG
2601.19367	D	-
2601.21096	D	-
2602.00838	K	SH
2602.00874	D	-
2602.01935	D	-
2602.02162	D	-
2602.03783	D	-
2602.07040	D	-
2602.11000	K	SK
2602.11808	K	SK
2602.11863	D	-
2602.12305	K	SK
2602.14127	D	-
2602.16075	D	-
2602.19128	K	SK
2602.20947	D	-
2602.24286	K	SK
2603.02236	K	SK
2603.02891	D	-
2603.07169	K	SK
2603.07962	D	-
2603.09221	D	-
2603.10085	K	SK
2603.12276	D	-
2603.12440	K	SK
2603.12465	K	SG
2603.13443	D	-
2603.14369	D	-
2603.14769	D	-
2603.16148	D	-
2603.16790	D	-
2603.17435	K	PG
2603.19163	D	-
2603.23198	K	PA
2603.24595	K	SK
2603.25011	D	-
2603.26823	D	-
2603.28342	K	SK
2603.29010	K	SK
2603.29378	D	-
2604.01489	K	SK
2604.02344	K	SE
2604.02556	K	Q4
2604.03950	K	QF
2604.06664	K	SG
2604.08720	D	-
2604.09240	D	-
2604.10187	K	SK
2604.11109	K	SK
2604.11943	D	-
2604.12090	D	-
2604.12913	D	-
2604.13327	K	SK
2604.14825	K	SK
2604.15379	K	SK
2604.15464	K	AK
2604.16625	K	SK
2604.18413	D	-
2604.18587	D	-
2604.18616	K	SK
2604.20913	K	Q1
2604.23466	K	SK
2604.23467	K	SK
2604.23553	K	SK
2604.23940	D	-
2604.24597	D	-
2604.26666	K	SK
2604.26821	K	SH
2604.27555	D	-
2605.00536	K	SH
2605.00555	K	SH
2605.02121	D	-
2605.02144	K	AV
2605.02953	K	SK
2605.03208	K	SK
2605.04467	D	-
2605.04956	K	SK
2605.05000	D	-
2605.05282	D	-
2605.06480	D	-
2605.07120	D	-
2605.07881	D	-
2605.08455	D	-
2605.08467	K	SK
2605.08475	D	-
2605.08857	D	-
2605.09708	D	-
2605.10327	D	-
2605.11581	K	SK
2605.13647	D	-
2605.14840	D	-
2605.16819	K	SK
2605.19269	K	SK
2605.19537	K	SG
2605.19633	D	-
2605.19782	D	-
2605.22498	D	-
2605.23215	K	SK
2605.23641	D	-
2605.23931	D	-
2605.24764	D	-
2605.25970	D	-
2605.26118	K	SK
2605.26498	D	-
2605.26720	D	-
2605.28213	K	SK
2605.29059	D	-
2605.29490	D	-
2605.29734	D	-
2605.31464	K	SK
2606.02963	K	SK
2606.04023	D	-
2606.04847	K	SK
2606.05238	D	-
2606.06063	D	-
2606.07665	K	SK
2606.07732	D	-
2606.09080	K	PU
2606.09551	D	-
2606.09879	K	SH
2606.11057	D	-
2606.12387	D	-
2606.16059	D	-
2606.16162	D	-
2606.16231	D	-
2606.16497	K	SK
2606.17058	D	-
2606.18557	D	-
2606.18694	D	-
2606.20128	K	SK
2606.20373	D	-
2606.20374	K	SP
2606.20436	D	-
2606.21023	K	SG
2606.23521	K	SG
2606.25426	K	SE
2606.26453	K	SK
2606.26758	K	SK
2606.27731	D	-
2606.28565	K	SG
2606.29082	D	-
2607.00562	D	-
2607.02942	D	-
2607.03048	D	-
2607.04031	K	SH
2607.04058	D	-
2607.04395	K	SK
2607.04542	D	-
2607.04668	K	SE
2607.05410	D	-
2607.07632	D	-
2607.08786	K	PU
2607.11897	K	AL
2607.13921	D	-
2607.14185	D	-
2607.14541	K	SK
2607.14622	K	SE
2607.15865	K	SK
2607.16100	K	SP
2607.16241	K	SK
2607.17722	D	-
2607.17979	K	SK
2607.19438	K	SE
2607.20145	K	TP
2607.20475	K	SK
2607.20501	D	-
2607.20908	K	SK
2607.21985	K	PS
2607.22588	D	-
2607.22683	D	-
2607.23089	K	SK
2607.24714	D	-
2607.24762	K	SK
2607.25504	K	SH
2607.26306	D	-
2607.26335	D	-
2607.27231	K	SK
2607.27529	K	DI
2607.28824	K	SH
2608.00029	K	SK
2608.01804	K	SK
2608.01975	K	SG
2608.02611	K	SK
2608.02680	D	-
2608.05033	D	-
2608.05144	D	-
2608.05420	D	-
2608.05784	D	-
2608.08722	D	-
2608.09558	D	-
2608.11066	D	-
2608.11693	K	SH
2608.12004	K	SK
2608.12700	K	SK
2608.12737	D	-
2608.14376	K	SG
2608.14665	K	DP
2608.15602	K	Q1
2608.19628	K	SH
2608.19889	D	-
2608.20711	K	SK
2608.21157	K	SK
2608.21447	D	-
2608.21690	D	-
2608.22503	K	SP
2608.22506	D	-
2608.25061	D	-
2608.25570	D	-
2608.27981	D	-
2608.29362	D	-
2608.29539	K	AS
2609.00058	K	SK
2609.00363	K	SG
2609.02652	K	Q2
2609.03905	K	SP
2609.04043	D	-
2609.04523	K	SK
2609.05157	D	-
2609.05370	D	-
2609.07201	D	-
2609.08231	D	-
2609.09208	K	AK
2609.09240	K	Q1
2609.11356	K	SG
2609.11708	D	-
2609.12276	D	-
2609.12471	K	SK
2609.12923	K	SG
2609.13544	D	-
2609.13612	K	AK
2609.13728	D	-
2609.15130	D	-
2609.16382	D	-
2609.19391	D	-
2609.19758	D	-
2609.21058	K	SK
2609.22220	K	SK
2609.22327	D	-
2609.24270	K	SH
2609.25624	K	SG
2609.26749	D	-
2609.27214	D	-
2609.28769	K	SK
2609.28915	D	-
2609.29067	K	SK
2609.30057	K	SK
2609.30059	K	SK
2501.07330	D	-
2501.09954	D	-
2501.13379	K	SH
2501.14417	K	SG
2501.14512	D	-
2501.14794	K	SE
2502.00026	K	SH
2502.06309	D	-
2502.07578	K	SH
2502.10659	K	SH
2502.15470	K	SH
2502.16473	K	SH
2502.19747	D	-
2503.00461	D	-
2503.03263	D	-
2503.06862	K	SH
2503.07778	D	-
2503.08302	D	-
2503.08823	D	-
2503.11663	K	SH
2503.11685	D	-
2503.12167	K	MS
2503.13301	D	-
2503.16731	D	-
2503.24053	K	SH
2504.01994	K	SH
2504.03083	D	-
2504.08852	D	-
2504.09561	K	SH
2504.09775	K	SH
2504.14941	D	-
2504.16266	K	SH
2504.19746	K	QM
2504.21187	D	-
2505.01386	D	-
2505.03745	K	SH
2505.03748	D	-
2505.05794	D	-
2505.09343	K	SH
2505.14620	D	-
2505.17662	D	-
2506.01140	D	-
2506.12403	D	-
2506.15006	K	SH
2506.24045	K	SE
2507.01035	D	-
2507.03308	K	SH
2507.09010	D	-
2507.10178	K	SH
2507.14000	D	-
2507.14139	D	-
2507.14403	K	SK
2507.17962	D	-
2507.19017	K	TR
2507.19427	K	SD
2508.00370	K	SE
2508.00904	K	SE
2508.04405	K	Q8
2508.08504	D	-
2508.10303	D	-
2508.10904	D	-
2508.14123	D	-
2508.15940	D	-
2508.16703	K	SE
2509.04162	D	-
2509.10372	K	SH
2509.12993	K	SH
2509.13710	K	SH
2509.13765	K	SH
2509.14781	K	SH
2509.15097	D	-
2509.16443	D	-
2509.17072	K	SH
2509.23324	K	SE
2509.24196	D	-
2509.25155	K	SH
2510.05632	K	SH
2510.08873	D	-
2510.10225	D	-
2510.10623	K	SH
2510.11192	K	SH
2510.16040	K	SH
2510.24985	D	-
2510.25278	D	-
2511.03293	K	SH
2511.04136	D	-
2511.06174	K	SH
2511.06838	K	SH
2511.11248	K	SE
2511.12286	K	SH
2511.12860	K	SH
2511.13274	K	SK
2511.13676	K	SE
2511.13950	D	-
2511.15503	K	SH
2511.18980	D	-
2511.22334	K	SE
2512.00059	D	-
2512.02924	K	SE
2512.06093	K	SH
2512.08731	K	SH
2512.09304	K	SH
2512.10977	K	SK
2512.11269	D	-
2512.14661	D	-
2512.14762	D	-
2512.15410	D	-
2512.16969	D	-
2512.18337	K	SG
2512.23914	K	SH
2512.24713	K	SH
2601.06724	D	-
2601.12298	K	SH
2601.12967	K	SB
2601.13628	K	SH
2601.14260	K	SH
2601.14549	K	SE
2601.16536	K	SK
2601.19413	D	-
2601.19908	K	SH
2601.22760	K	SK
2602.04595	K	SH
2602.05743	D	-
2602.06063	K	SE
2602.08081	D	-
2602.08269	D	-
2602.09210	D	-
2602.09323	K	SH
2602.09410	D	-
2602.09578	K	TR
2602.10377	K	SE
2602.12635	K	QF
2602.12962	K	SH
2602.13874	D	-
2602.17693	K	QG
2602.21321	D	-
2603.02376	K	SP
2603.02737	K	SH
2603.04797	K	SH
2603.05489	D	-
2603.07006	K	ET
2603.08745	D	-
2603.09216	K	SH
2603.10342	K	SB
2603.10846	D	-
2603.13725	D	-
2603.14785	K	SH
2603.16428	K	TF
2603.21576	K	SH
2603.23640	K	SE
2603.23668	D	-
2603.26053	D	-
2603.29002	K	SH
2603.29913	K	SH
2604.03298	K	PG
2604.03957	K	Q1
2604.04253	K	SH
2604.04750	K	SH
2604.07396	K	SH
2604.07526	D	-
2604.08826	K	QT
2604.09593	D	-
2604.09752	K	SH
2604.10484	D	-
2604.11512	K	SH
2604.15944	D	-
2604.16007	K	SH
2604.17097	D	-
2604.17692	D	-
2604.18137	K	SH
2604.18496	D	-
2604.18610	D	-
2604.18788	K	EI
2604.21952	D	-
2604.22935	D	-
2604.23205	D	-
2604.24785	K	SE
2604.24820	K	SH
2604.25317	K	SH
2604.26103	K	SH
2604.27384	D	-
2605.05639	K	SH
2605.05920	D	-
2605.06052	K	SH
2605.08581	K	SB
2605.14718	D	-
2605.15237	D	-
2605.17222	D	-
2605.19399	D	-
2605.20295	K	SE
2605.21952	D	-
2605.23294	K	SH
2605.23764	K	ET
2605.23934	D	-
2605.27435	K	SE
2606.02672	D	-
2606.05511	K	SH
2606.07586	D	-
2606.08891	K	SH
2606.11117	D	-
2606.11257	D	-
2606.11357	K	SE
2606.11716	D	-
2606.11718	K	SH
2606.18042	K	SH
2606.20587	D	-
2606.22826	D	-
2606.25207	D	-
2606.25759	K	SP
2606.27350	D	-
2606.28754	D	-
2606.30553	D	-
2607.01108	D	-
2607.01590	K	SK
2607.02376	D	-
2607.03652	K	SH
2607.05475	K	SE
2607.07597	D	-
2607.11262	K	SH
2607.11586	K	EI
2607.15123	D	-
2607.16488	K	SH
2607.24998	D	-
2607.26444	K	SP
2607.26661	K	SK
2607.27187	K	KO
2607.27849	D	-
2607.29076	D	-
2608.00909	D	-
2608.01536	K	PA
2608.02712	D	-
2608.03033	D	-
2608.04169	K	SH
2608.04514	D	-
2608.06989	K	SH
2608.08225	D	-
2608.08611	K	SH
2608.10010	K	QF
2608.12629	K	SK
2608.13496	D	-
2608.18279	D	-
2608.23630	D	-
2608.23841	K	SE
2608.25188	K	Q4
2608.28048	K	SH
2608.28160	D	-
2608.30509	K	SH
2608.30932	D	-
2609.01821	D	-
2609.02011	D	-
2609.04724	K	QG
2609.06551	K	EI
2609.09643	K	KO
2609.09823	K	SH
2609.10970	D	-
2609.11392	K	SH
2609.12208	K	QG
2609.19207	K	SH
2609.23385	D	-
2609.25335	D	-
2609.27249	D	-
2609.27453	D	-
2501.02438	K	SE
2501.03265	D	-
2501.05075	D	-
2501.07139	K	SE
2501.09237	D	-
2501.12420	D	-
2501.15014	D	-
2501.16899	D	-
2502.04392	D	-
2502.04428	D	-
2502.06921	D	-
2502.07832	K	PS
2502.07855	D	-
2502.08954	D	-
2502.10239	D	-
2502.10419	D	-
2502.11880	K	Q1
2502.12559	D	-
2502.12923	D	-
2502.14780	D	-
2502.15134	D	-
2502.15760	D	-
2502.15761	D	-
2502.15816	D	-
2502.15964	K	SE
2502.20421	D	-
2502.20572	D	-
2503.01704	D	-
2503.02268	D	-
2503.03777	K	SE
2503.04302	D	-
2503.06019	K	SE
2503.06027	D	-
2503.06029	D	-
2503.08223	D	-
2503.14882	D	-
2503.14932	D	-
2503.17753	D	-
2503.18242	D	-
2503.18634	D	-
2503.18986	D	-
2503.20786	D	-
2503.22196	K	SE
2503.22698	D	-
2504.00002	K	SE
2504.06298	D	-
2504.07878	K	SE
2504.08242	K	SE
2504.08378	K	SE
2504.13205	D	-
2504.13938	D	-
2504.16269	K	SE
2504.17376	K	SE
2504.20348	D	-
2505.01743	D	-
2505.02309	D	-
2505.02380	K	PG
2505.04174	D	-
2505.05712	D	-
2505.06461	K	SE
2505.10259	K	SE
2505.10607	D	-
2505.11417	D	-
2505.13718	D	-
2505.14992	D	-
2505.15030	K	SE
2505.15925	D	-
2505.17040	D	-
2506.02847	K	SE
2506.02940	D	-
2506.06396	D	-
2506.07416	D	-
2506.10443	K	SE
2506.11003	D	-
2506.11105	D	-
2506.11679	D	-
2506.12012	D	-
2506.13772	D	-
2506.16994	D	-
2506.18927	D	-
2506.18952	D	-
2506.19884	K	SE
2507.00672	D	-
2507.01216	D	-
2507.01438	K	SE
2507.03033	D	-
2507.08505	D	-
2507.09201	K	SE
2507.10580	D	-
2507.14513	D	-
2507.15553	D	-
2507.16083	D	-
2507.19050	D	-
2507.19608	K	SE
2507.20859	D	-
2507.20960	D	-
2507.23093	D	-
2508.00234	D	-
2508.01387	D	-
2508.01540	D	-
2508.02679	D	-
2508.06496	D	-
2508.06765	D	-
2508.08531	K	SE
2508.09173	K	SE
2508.09715	D	-
2508.10349	D	-
2508.11269	D	-
2508.16251	D	-
2508.16647	D	-
2508.16926	D	-
2508.17137	K	EI
2508.17860	D	-
2508.18918	D	-
2508.19493	D	-
2508.20375	K	SE
2508.21313	D	-
2509.03615	D	-
2509.06326	D	-
2509.06807	D	-
2509.09097	D	-
2509.09103	D	-
2509.09970	D	-
2509.10436	D	-
2509.10946	D	-
2509.12104	D	-
2509.13773	D	-
2509.14643	D	-
2509.19350	D	-
2509.22951	K	EC
2509.23248	D	-
2509.24050	D	-
2509.24085	D	-
2509.25455	D	-
2509.25919	K	SE
2510.00078	D	-
2510.00229	D	-
2510.01239	D	-
2510.01616	D	-
2510.03298	D	-
2510.03425	D	-
2510.06126	K	SE
2510.10560	D	-
2510.13401	K	SH
2510.13848	D	-
2510.16085	D	-
2510.18544	K	SE
2510.18546	D	-
2510.18921	K	SE
2510.19462	D	-
2510.20333	D	-
2510.23775	D	-
2511.05915	D	-
2511.06430	D	-
2511.07427	K	KE
2511.11313	D	-
2511.13147	K	QG
2511.13717	D	-
2511.18504	D	-
2512.00326	D	-
2512.03608	K	SE
2512.06443	K	SE
2512.12284	K	SE
2512.15729	D	-
2512.19742	D	-
2601.00850	D	-
2601.03266	D	-
2601.03290	D	-
2601.03603	D	-
2601.04225	D	-
2601.06781	D	-
2601.08128	D	-
2601.08166	D	-
2601.09076	D	-
2601.09306	D	-
2601.10940	D	-
2601.11553	D	-
2601.11688	D	-
2601.11743	K	SE
2601.12917	D	-
2601.14343	D	-
2601.14921	D	-
2601.17443	D	-
2601.22543	D	-
2602.01694	D	-
2602.02615	D	-
2602.03359	K	MA
2602.03742	D	-
2602.04000	D	-
2602.07849	D	-
2602.10564	D	-
2602.11506	K	SE
2602.12669	D	-
2602.13069	K	TF
2602.13073	K	TF
2602.13229	D	-
2602.13628	D	-
2602.21858	D	-
2602.22525	D	-
2602.22942	D	-
2602.23722	D	-
2603.01661	D	-
2603.06569	K	MS
2603.10512	D	-
2603.11935	K	SK
2603.15954	K	MS
2603.16045	D	-
2603.16219	D	-
2603.19338	K	SE
2603.23322	D	-
2603.26603	D	-
2603.29318	D	-
2604.05642	D	-
2604.06955	D	-
2604.07148	D	-
2604.09083	K	SE
2604.09607	D	-
2604.14159	D	-
2604.17817	D	-
2604.18231	D	-
2604.18302	D	-
2604.19541	D	-
2604.19642	K	MS
2604.19834	D	-
2604.21231	K	SE
2604.22783	K	TF
2604.22906	D	-
2604.23141	D	-
2604.23941	D	-
2604.25421	D	-
2604.25699	K	SH
2604.26508	D	-
2604.27085	K	TP
2604.27476	K	SE
2605.01462	D	-
2605.01616	D	-
2605.03111	D	-
2605.03804	D	-
2605.04726	D	-
2605.05727	D	-
2605.05819	K	SE
2605.08636	D	-
2605.08646	D	-
2605.10380	K	SE
2605.10938	K	DD
2605.13221	D	-
2605.16786	K	SE
2605.18271	D	-
2605.20723	D	-
2605.21421	D	-
2605.24058	K	TF
2605.25860	D	-
2605.26546	D	-
2605.27703	D	-
2605.29299	D	-
2605.29534	D	-
2605.29705	D	-
2606.02862	D	-
2606.05981	D	-
2606.10173	D	-
2606.10572	D	-
2606.12154	D	-
2606.13267	D	-
2606.16190	D	-
2606.19924	D	-
2606.20537	K	SE
2606.23001	K	SE
2606.23370	K	SE
2606.25115	D	-
2606.26861	K	PS
2606.29580	D	-
2607.02819	D	-
2607.03089	D	-
2607.07046	K	SE
2607.08029	K	QG
2607.09957	D	-
2607.13027	D	-
2607.14661	D	-
2607.15552	D	-
2607.17143	K	SE
2607.17175	D	-
2607.18081	K	PA
2607.19291	D	-
2607.21602	K	SE
2607.21624	K	TF
2607.21641	D	-
2607.22568	D	-
2607.22885	D	-
2607.23373	K	SE
2607.26631	D	-
2607.28878	D	-
2608.02391	D	-
2608.07091	D	-
2608.07861	D	-
2608.08467	D	-
2608.09921	D	-
2608.11215	D	-
2608.12371	D	-
2608.12745	D	-
2608.15241	D	-
2608.15252	D	-
2608.15614	D	-
2608.18409	D	-
2608.20210	K	MS
2608.20518	D	-
2608.23663	D	-
2608.24204	D	-
2608.24215	D	-
2608.25543	D	-
2608.30877	D	-
2609.01457	D	-
2609.03079	K	SE
2609.04852	K	KO
2609.10117	D	-
2609.11940	K	SN
2609.11961	D	-
2609.12322	D	-
2609.13159	K	SE
2609.18672	D	-
2609.20250	D	-
2609.21172	K	KO
2609.21666	D	-
2609.21849	D	-
2609.28205	D	-
2609.28537	D	-
2501.14925	K	SM
2502.11007	D	-
2502.12574	K	SM
2502.16963	K	SM
2503.01890	K	TP
2503.10217	D	-
2503.12668	K	TF
2503.13105	D	-
2503.18292	K	SM
2503.18869	K	SH
2504.03664	K	SM
2504.06319	K	SM
2504.14893	K	SM
2504.15302	K	SM
2504.16112	K	SH
2504.16379	K	RE
2505.04021	K	SM
2505.06901	K	SM
2505.12242	K	TP
2505.12742	D	-
2505.16502	D	-
2505.23254	K	TF
2506.06472	K	TP
2506.13996	K	SP
2506.17255	K	Q0
2507.02456	K	SG
2507.02654	K	SH
2507.03211	K	TF
2507.03278	D	-
2507.16784	K	RE
2508.02001	D	-
2508.03464	D	-
2509.02480	K	TP
2509.03191	D	-
2509.03377	K	SH
2509.05320	D	-
2509.11145	D	-
2509.12676	D	-
2509.13997	D	-
2509.16995	D	-
2509.21271	K	TP
2509.21301	D	-
2510.03246	K	PS
2510.22909	D	-
2510.27583	K	SH
2511.06605	K	SP
2511.14004	D	-
2511.14124	K	TP
2511.17599	K	MA
2511.22076	D	-
2512.01357	K	SG
2512.09427	K	SM
2512.10576	K	KO
2512.18152	K	SH
2512.21293	D	-
2512.22925	D	-
2601.02410	D	-
2601.03324	K	SE
2601.05047	K	SH
2601.08884	D	-
2601.12150	D	-
2601.19910	K	KO
2602.00166	D	-
2602.00328	K	SM
2602.00748	K	SM
2602.02108	K	TP
2602.04816	K	TP
2602.05269	K	Q1
2602.07958	D	-
2602.10652	D	-
2602.11521	K	KO
2602.18568	K	SH
2602.20206	D	-
2603.01175	D	-
2603.03379	D	-
2603.05035	D	-
2603.09023	D	-
2603.17803	K	KO
2604.02945	D	-
2604.05546	K	XV
2604.06435	D	-
2604.07808	K	TF
2604.12110	D	-
2604.14993	D	-
2604.16753	D	-
2604.21215	K	MA
2604.21399	D	-
2604.26074	K	SM
2604.26568	D	-
2605.02189	K	SM
2605.02472	D	-
2605.09490	K	KO
2605.10124	D	-
2605.25655	D	-
2605.29075	K	MA
2605.30571	K	SE
2605.30728	K	SM
2606.00866	K	SM
2606.15210	D	-
2606.16352	D	-
2606.18105	D	-
2606.18400	D	-
2606.26176	D	-
2607.02574	K	KG
2607.07207	D	-
2607.07388	K	MA
2607.08993	K	SH
2607.10183	K	SE
2607.10186	K	SM
2607.13439	D	-
2607.20481	D	-
2607.29575	K	SG
2608.03137	D	-
2608.08097	K	KO
2608.11668	K	SM
2608.16174	D	-
2608.17826	K	KO
2608.20397	D	-
2608.25062	K	SM
2608.26651	D	-
2609.02027	K	KP
2609.03426	K	MA
2609.04159	D	-
2609.07956	D	-
2609.10861	K	SH
2609.13592	K	SM
2609.16161	K	SM
2609.18066	D	-
2609.18675	K	SM
2609.19213	K	PG
2609.20532	D	-
2609.25782	K	SM
2501.01144	K	QM
2501.01990	K	SN
2501.05899	D	-
2501.08219	K	SN
2501.08262	D	-
2501.11006	D	-
2501.15398	D	-
2501.17752	K	SN
2502.01070	K	SN
2502.02412	D	-
2502.05610	D	-
2502.10460	D	-
2502.11256	D	-
2502.11723	K	SN
2502.17071	D	-
2502.19662	K	QG
2503.04418	D	-
2503.05804	K	SN
2503.10666	D	-
2503.17783	D	-
2503.20126	D	-
2503.23934	D	-
2504.01036	D	-
2504.03360	D	-
2504.06307	D	-
2504.11227	D	-
2504.17674	K	SN
2505.01841	D	-
2505.04521	D	-
2505.06085	D	-
2505.09598	K	SN
2505.09659	D	-
2505.14733	K	SN
2505.23554	D	-
2505.23970	K	SN
2505.24528	D	-
2506.06694	D	-
2506.08727	D	-
2506.09061	K	SE
2506.13514	K	PL
2506.15947	D	-
2506.16444	D	-
2506.20535	D	-
2507.00418	K	SH
2507.01079	D	-
2507.02135	K	SN
2507.07247	K	SN
2507.08235	D	-
2507.09942	D	-
2507.11417	K	SN
2507.17188	D	-
2507.18587	D	-
2507.20018	D	-
2508.00911	D	-
2508.01744	K	SN
2508.03489	D	-
2508.04757	D	-
2508.05949	D	-
2508.06524	D	-
2508.06978	K	EI
2508.08332	D	-
2508.13298	D	-
2508.14170	D	-
2508.16151	K	SH
2508.16449	K	SN
2509.01957	D	-
2509.08867	K	SN
2509.09947	D	-
2509.10099	D	-
2509.13934	D	-
2509.17355	D	-
2509.22068	D	-
2509.22320	D	-
2510.00606	K	SP
2510.02810	K	SN
2510.08591	D	-
2510.15566	D	-
2510.17814	D	-
2510.19498	D	-
2510.27107	D	-
2511.00807	K	SN
2511.05597	K	SN
2511.07171	D	-
2511.08575	D	-
2511.08587	D	-
2511.14691	D	-
2511.15342	D	-
2511.15950	K	SH
2511.17683	D	-
2511.18230	D	-
2511.22889	D	-
2512.03024	K	SN
2512.04088	D	-
2512.08365	K	SN
2512.09543	D	-
2512.09946	K	SN
2512.10611	D	-
2512.11482	D	-
2512.12801	K	SN
2512.16531	K	SN
2512.20623	D	-
2512.22066	K	SN
2512.22695	K	SN
2512.23310	D	-
2601.02512	D	-
2601.06649	K	TS
2601.08113	D	-
2601.08490	D	-
2601.08539	K	SN
2601.08991	D	-
2601.13186	D	-
2601.17551	D	-
2601.19260	D	-
2601.19311	D	-
2601.20615	D	-
2601.22076	K	SN
2601.22357	D	-
2601.22876	D	-
2602.05116	D	-
2602.05695	K	SN
2602.05712	D	-
2602.08817	D	-
2602.15212	D	-
2602.15219	D	-
2602.17697	D	-
2602.18012	D	-
2602.22261	D	-
2602.23616	D	-
2603.00989	D	-
2603.07810	D	-
2603.09730	K	SG
2603.15699	D	-
2603.16164	D	-
2603.17280	K	SN
2603.19931	D	-
2603.20492	D	-
2603.23075	D	-
2603.25498	D	-
2604.00053	D	-
2604.02352	D	-
2604.03446	K	SH
2604.06755	D	-
2604.07857	D	-
2604.09048	K	SN
2604.10852	K	SH
2604.11154	D	-
2604.11321	D	-
2604.13757	D	-
2604.16448	D	-
2604.27032	D	-
2604.27178	D	-
2604.27396	K	SH
2605.00519	K	SE
2605.01793	D	-
2605.05615	D	-
2605.11733	K	SN
2605.11999	K	SN
2605.22883	D	-
2606.02358	D	-
2606.05176	D	-
2606.10702	D	-
2606.18272	D	-
2606.21869	D	-
2606.23546	K	SN
2606.27205	D	-
2606.31334	D	-
2607.02391	K	SN
2607.05933	D	-
2607.12839	K	SE
2607.13649	K	SH
2607.16473	K	SN
2607.20806	D	-
2607.26491	D	-
2608.00008	D	-
2608.07427	D	-
2608.08744	D	-
2608.12915	D	-
2608.17055	D	-
2608.18503	D	-
2608.20566	D	-
2608.25096	K	SN
2608.28044	K	SN
2608.28667	D	-
2609.01798	D	-
2609.05512	K	QG
2609.05725	D	-
2609.05760	D	-
2609.12449	D	-
2609.13153	K	SN
2609.15230	D	-
2609.18283	D	-
2609.23085	D	-
2609.29707	K	SN
2502.00758	D	-
2502.05605	D	-
2502.15524	K	SG
2503.04253	K	SH
2504.03708	D	-
2505.02533	D	-
2505.09498	K	MS
2505.19481	D	-
2506.20018	D	-
2508.14544	K	SB
2509.00078	D	-
2509.00883	D	-
2509.04770	D	-
2510.23264	D	-
2511.07876	D	-
2511.09545	D	-
2511.11885	D	-
2511.20663	D	-
2512.07846	D	-
2601.02663	D	-
2601.03672	D	-
2601.15786	D	-
2601.18511	D	-
2601.22705	K	SB
2601.22779	D	-
2602.00103	D	-
2602.01024	D	-
2602.10273	K	DP
2603.04663	D	-
2603.13426	D	-
2603.20223	D	-
2603.21013	D	-
2603.23914	K	XV
2604.00491	K	SB
2604.03888	D	-
2604.06183	D	-
2604.07681	D	-
2604.20304	D	-
2604.24110	D	-
2605.07750	D	-
2605.23929	D	-
2606.13450	D	-
2606.22175	D	-
2606.25160	D	-
2607.17317	D	-
2608.00881	K	SB
2608.17556	D	-
2608.21393	D	-
2608.28652	D	-
2609.03335	D	-
2609.05463	D	-
2609.13986	D	-
2609.14840	D	-
2609.22753	D	-
2609.26084	D	-
2501.03295	D	-
2501.04286	D	-
2501.06842	K	TO
2501.07237	K	TO
2501.08324	D	-
2501.09274	D	-
2501.12243	K	TO
2501.18094	K	TO
2501.18812	D	-
2501.19057	K	TF
2502.00311	K	TF
2502.01586	K	TO
2502.02764	D	-
2502.04375	D	-
2502.05562	D	-
2502.06742	K	TO
2502.07222	K	TO
2502.07752	K	TO
2502.09863	D	-
2502.10784	D	-
2502.11034	K	TO
2502.12845	D	-
2502.12918	D	-
2502.16733	D	-
2502.16982	K	TO
2502.17055	K	TO
2502.17410	K	TO
2502.20566	K	QT
2503.02844	K	TO
2503.09620	D	-
2503.12645	K	TO
2503.15669	D	-
2503.20762	K	TO
2504.02587	D	-
2504.05295	K	TO
2504.06265	D	-
2504.10816	D	-
2504.15604	D	-
2504.20096	K	TO
2505.00926	D	-
2505.01618	K	TS
2505.09930	D	-
2505.10559	K	TO
2505.11840	D	-
2505.13196	D	-
2505.13416	K	TO
2505.13954	D	-
2505.15548	K	TO
2505.17967	K	TO
2505.18313	K	TO
2505.18574	D	-
2505.20221	D	-
2505.20881	D	-
2505.21799	K	TO
2505.21829	K	TO
2505.22042	D	-
2505.22549	K	TO
2505.23725	K	TO
2505.24275	K	TO
2506.01049	K	TO
2506.01249	D	-
2506.02285	K	TO
2506.03725	D	-
2506.04430	D	-
2506.04432	D	-
2506.04695	D	-
2506.07254	K	TO
2506.07434	D	-
2506.09034	K	TF
2506.12543	K	TO
2506.14562	K	TO
2506.16029	K	TP
2506.16659	K	TO
2506.20666	D	-
2507.00075	D	-
2507.01129	D	-
2507.01241	D	-
2507.01598	K	TO
2507.02689	D	-
2507.03384	D	-
2507.03526	K	TO
2507.04206	K	TO
2507.07101	K	TO
2507.08472	D	-
2507.10581	D	-
2507.17634	K	TO
2507.17695	D	-
2507.19096	D	-
2508.01764	D	-
2508.09146	D	-
2508.11085	D	-
2508.15757	D	-
2508.16067	D	-
2508.17556	D	-
2508.20577	K	TO
2509.00103	D	-
2509.01440	K	TO
2509.02046	K	TO
2509.02655	D	-
2509.02981	K	TO
2509.04642	D	-
2509.10439	K	TO
2509.11983	K	TO
2509.13251	D	-
2509.22938	K	TO
2509.23052	D	-
2509.23106	K	TO
2509.24218	K	TO
2509.24320	K	TO
2509.26030	K	TO
2510.00419	D	-
2510.00761	D	-
2510.03691	K	TO
2510.03871	K	TS
2510.05288	D	-
2510.05491	K	TO
2510.06213	K	QG
2510.06627	K	TO
2510.06954	D	-
2510.09103	K	TO
2510.09378	K	TO
2510.10603	D	-
2510.10644	D	-
2510.12402	K	TO
2510.13907	D	-
2510.14009	K	TO
2510.14717	K	TO
2510.15262	K	TS
2510.15830	K	TO
2510.16933	D	-
2510.16981	K	TO
2510.17802	K	TO
2510.19093	K	TO
2510.21314	D	-
2510.21800	K	TO
2510.22467	D	-
2511.00674	D	-
2511.00907	D	-
2511.01918	D	-
2511.06086	K	TO
2511.06477	K	TO
2511.07767	D	-
2511.14282	D	-
2511.14721	K	TO
2511.18903	K	TP
2511.20277	D	-
2511.20626	K	TO
2512.04299	K	TO
2512.05620	K	TO
2512.06370	D	-
2512.07112	K	TO
2512.14358	D	-
2512.16598	D	-
2512.17131	K	TO
2512.17570	K	TP
2512.18373	D	-
2512.22382	K	TS
2512.24695	K	MA
2601.01306	K	TO
2601.01452	D	-
2601.04270	D	-
2601.04890	K	TO
2601.04992	D	-
2601.08393	K	TO
2601.09000	K	TO
2601.11568	K	TO
2601.13474	K	TO
2601.14603	K	TO
2601.16979	K	TO
2601.21476	D	-
2601.21750	K	TO
2601.22580	K	MA
2601.23000	K	TO
2601.23261	K	TO
2602.00576	D	-
2602.01103	D	-
2602.01734	K	TO
2602.02724	D	-
2602.03358	D	-
2602.04396	K	TO
2602.04556	K	MA
2602.05298	K	TO
2602.05813	K	TO
2602.06079	K	TO
2602.06880	K	TO
2602.07425	K	TO
2602.07729	K	TR
2602.08007	K	TO
2602.08064	K	MA
2602.08333	D	-
2602.09006	K	TO
2602.10204	K	TO
2602.10891	D	-
2602.11137	K	TO
2602.11185	K	TO
2602.13498	K	TO
2602.15322	K	TO
2602.15823	D	-
2602.17080	K	TO
2602.17155	D	-
2602.20937	K	TS
2602.21545	K	TO
2602.22158	K	TP
2602.22681	K	TO
2602.22765	D	-
2602.22988	K	TO
2603.01501	K	TR
2603.02092	D	-
2603.03597	K	TO
2603.05500	K	TO
2603.07122	D	-
2603.09181	D	-
2603.09697	K	TO
2603.10067	K	TO
2603.10301	K	TO
2603.11622	D	-
2603.14315	K	TO
2603.16127	K	TP
2603.16731	K	QT
2603.17970	K	TO
2603.19311	D	-
2603.20527	K	TO
2603.26554	D	-
2603.27415	D	-
2604.01472	K	TO
2604.01563	K	TO
2604.02176	D	-
2604.03980	D	-
2604.04231	D	-
2604.05243	D	-
2604.06699	D	-
2604.06836	K	QT
2604.07663	K	TO
2604.09406	K	TO
2604.09967	K	TO
2604.09970	D	-
2604.10689	D	-
2604.15416	K	TO
2604.17175	D	-
2604.19440	D	-
2604.21316	D	-
2604.22271	D	-
2604.23747	K	TR
2604.27488	D	-
2605.01255	K	TP
2605.03769	K	TO
2605.04055	D	-
2605.05794	K	TO
2605.06316	K	TO
2605.06615	D	-
2605.06654	K	TF
2605.08949	D	-
2605.09034	D	-
2605.09126	D	-
2605.09176	K	TO
2605.09238	D	-
2605.09331	D	-
2605.10797	K	TO
2605.11396	K	QT
2605.14200	K	TS
2605.16165	D	-
2605.16184	K	TO
2605.16341	K	TO
2605.17109	D	-
2605.17787	K	TO
2605.18999	D	-
2605.19008	D	-
2605.19619	D	-
2605.20005	D	-
2605.20756	D	-
2605.21539	D	-
2605.22297	K	TO
2605.22432	K	TO
2605.23061	K	TO
2605.23904	D	-
2605.25395	D	-
2605.25966	K	QT
2605.26275	D	-
2605.26459	K	TO
2605.26489	D	-
2605.26647	K	MA
2605.26842	D	-
2605.26895	K	MA
2605.26977	D	-
2605.28864	D	-
2605.29396	D	-
2605.30148	D	-
2605.30359	D	-
2605.30719	D	-
2605.31371	D	-
2606.00371	K	TO
2606.00442	D	-
2606.01955	D	-
2606.03209	D	-
2606.03899	D	-
2606.06418	D	-
2606.09658	K	TO
2606.09899	D	-
2606.14187	K	TO
2606.14560	D	-
2606.15282	D	-
2606.16899	K	TO
2606.17526	D	-
2606.19367	D	-
2606.21514	D	-
2606.22932	K	TP
2606.23357	D	-
2606.23637	D	-
2606.23676	D	-
2606.24007	D	-
2606.25086	K	TO
2606.25761	D	-
2606.27153	K	TO
2606.28116	K	TO
2606.29176	D	-
2606.30788	D	-
2606.30813	D	-
2606.31591	D	-
2607.01125	D	-
2607.01455	D	-
2607.01490	D	-
2607.01678	K	SP
2607.02583	D	-
2607.03763	D	-
2607.04033	K	TO
2607.04422	K	QT
2607.05727	D	-
2607.05872	D	-
2607.06772	D	-
2607.10959	K	TO
2607.13246	D	-
2607.15560	D	-
2607.17146	D	-
2607.19771	D	-
2607.20548	K	TO
2607.20999	D	-
2607.23335	D	-
2607.27940	D	-
2607.28947	D	-
2608.02636	D	-
2608.04607	D	-
2608.04999	D	-
2608.05088	K	TO
2608.06283	D	-
2608.08156	D	-
2608.08961	D	-
2608.09629	D	-
2608.11919	K	TP
2608.15548	D	-
2608.15665	D	-
2608.15976	D	-
2608.16760	D	-
2608.21024	D	-
2608.22179	D	-
2608.22994	D	-
2608.25990	K	TO
2608.26288	D	-
2608.28442	K	TO
2608.30320	K	MR
2609.02889	D	-
2609.03177	D	-
2609.06073	D	-
2609.11655	K	TO
2609.12994	D	-
2609.13677	D	-
2609.17554	D	-
2609.20593	D	-
2609.23055	K	DD
2609.25325	D	-
2609.27193	K	TP
2609.27725	D	-
2501.02068	K	TS
2501.02423	K	QT
2501.06802	D	-
2501.12370	K	TS
2501.12486	K	TS
2501.18107	K	TS
2501.18914	D	-
2501.19153	D	-
2502.02631	K	QG
2502.06042	K	TS
2502.06703	K	RT
2502.12120	K	TS
2502.12372	D	-
2502.13502	D	-
2502.16440	K	TS
2502.18969	K	TS
2503.01314	D	-
2503.02726	D	-
2503.03862	K	TS
2503.04715	K	TS
2503.04725	K	TS
2503.09799	K	TS
2503.10061	K	TS
2503.12811	K	TS
2503.18617	D	-
2503.18941	D	-
2503.19551	K	TD
2503.20040	D	-
2504.01005	K	RT
2504.07951	K	TS
2504.08112	D	-
2504.09597	D	-
2504.14597	D	-
2504.15208	D	-
2505.00985	D	-
2505.02665	D	-
2505.06150	K	TS
2505.06699	D	-
2505.07070	D	-
2505.07773	D	-
2505.10465	K	TS
2505.10475	K	TS
2505.10527	D	-
2505.13738	K	TS
2505.14892	D	-
2505.16276	D	-
2505.16900	D	-
2505.18855	D	-
2505.19227	D	-
2505.22964	D	-
2505.23013	D	-
2505.24009	D	-
2506.05300	K	AS
2506.05447	K	TS
2506.08415	D	-
2506.10972	K	TS
2506.13216	D	-
2506.14765	D	-
2506.18233	K	MA
2506.23025	K	Q1
2507.00004	D	-
2507.02119	K	TS
2507.09404	K	TS
2507.10613	D	-
2507.11771	D	-
2507.16217	D	-
2507.17702	K	TS
2507.18014	K	TR
2507.21184	D	-
2507.22250	D	-
2508.00890	D	-
2508.03194	D	-
2508.06617	K	TS
2508.09883	D	-
2508.12104	D	-
2508.13144	K	TS
2508.14881	D	-
2508.18609	K	QG
2508.19069	D	-
2509.07909	D	-
2509.08016	D	-
2509.10000	D	-
2509.12679	D	-
2509.12818	D	-
2509.13333	D	-
2509.14786	K	TS
2509.19189	D	-
2509.19371	K	TS
2509.21811	D	-
2509.23678	K	TS
2509.23963	K	TS
2509.24012	K	TS
2509.26397	D	-
2510.01631	K	TD
2510.03313	K	TS
2510.04067	K	TS
2510.08702	K	TS
2510.11734	D	-
2510.14919	K	TS
2510.16320	D	-
2510.18245	K	TS
2510.18900	D	-
2510.20387	D	-
2510.24626	K	TS
2510.26064	D	-
2511.00086	K	RT
2511.06232	D	-
2511.11572	D	-
2511.12188	D	-
2511.13421	D	-
2511.19486	D	-
2512.06553	D	-
2512.08894	K	TS
2512.12384	D	-
2512.13472	K	TS
2512.13491	D	-
2512.21316	D	-
2512.21515	D	-
2512.22088	D	-
2512.23340	D	-
2512.23407	D	-
2601.10684	D	-
2601.17637	D	-
2601.19831	D	-
2601.20994	K	TS
2601.21522	K	RT
2601.22757	D	-
2602.00800	K	MA
2602.01485	D	-
2602.02539	K	XV
2602.03685	D	-
2602.04029	D	-
2602.04774	D	-
2602.07298	D	-
2602.07488	D	-
2602.07670	D	-
2602.07712	K	TS
2602.07905	D	-
2602.10300	K	TS
2602.12429	K	PL
2602.14208	K	TS
2602.15253	D	-
2602.15532	D	-
2602.15781	D	-
2602.16726	D	-
2602.21341	D	-
2602.22617	K	TP
2602.22962	D	-
2603.04805	D	-
2603.04816	D	-
2603.07365	D	-
2603.11331	D	-
2603.11709	D	-
2603.12151	K	TR
2603.14664	D	-
2603.21862	K	TS
2603.22301	D	-
2603.24676	D	-
2603.25687	D	-
2604.01411	K	RT
2604.02674	D	-
2604.06767	D	-
2604.07530	D	-
2604.09389	D	-
2604.13275	D	-
2604.22778	D	-
2604.24037	D	-
2605.02364	K	TS
2605.02968	D	-
2605.04039	D	-
2605.06638	D	-
2605.07546	D	-
2605.08541	K	TS
2605.09189	K	TS
2605.10716	K	RT
2605.10991	D	-
2605.11408	D	-
2605.12049	D	-
2605.12715	K	TS
2605.13687	D	-
2605.16508	D	-
2605.17276	D	-
2605.18732	D	-
2605.21486	K	TS
2605.23901	D	-
2605.25698	K	TS
2605.28940	D	-
2605.29387	K	TS
2605.29491	D	-
2605.31244	D	-
2606.01155	K	TS
2606.01806	D	-
2606.02646	D	-
2606.03990	D	-
2606.04058	K	TS
2606.05257	D	-
2606.05610	K	TS
2606.06888	K	TS
2606.07616	D	-
2606.10706	K	TS
2606.19781	K	TS
2606.24747	K	PD
2606.24998	K	TS
2606.25008	D	-
2606.29139	D	-
2606.29158	K	TS
2606.29858	D	-
2607.10855	K	QG
2607.11052	K	TS
2607.14112	D	-
2607.19604	D	-
2607.22577	D	-
2607.23377	D	-
2607.25184	D	-
2607.27731	K	TS
2608.00013	D	-
2608.02961	D	-
2608.07222	K	TS
2608.10288	D	-
2608.10605	K	TS
2608.15239	D	-
2608.18591	D	-
2608.28308	K	TS
2609.01431	K	TS
2609.05016	K	TS
2609.20004	D	-
2609.20218	D	-
2609.20912	D	-
2609.27166	K	RE
2609.27581	D	-
2501.01956	K	TP
2501.02044	D	-
2501.03272	D	-
2501.03783	D	-
2501.03839	D	-
2501.03855	D	-
2501.04641	D	-
2501.05453	D	-
2501.05700	D	-
2501.08716	D	-
2501.09368	D	-
2501.13126	K	TP
2501.13277	D	-
2501.14002	D	-
2502.01804	K	TP
2502.02672	D	-
2502.03264	D	-
2502.04066	D	-
2502.05424	D	-
2502.05551	K	TP
2502.05790	K	TP
2502.06663	K	TP
2502.06733	K	TP
2502.08524	K	TP
2502.10707	D	-
2502.10852	D	-
2502.10940	K	TP
2502.11223	D	-
2502.11275	D	-
2502.13107	D	-
2502.13252	D	-
2502.13347	K	TD
2502.17477	D	-
2502.17910	K	TK
2502.18405	D	-
2502.18748	D	-
2502.19002	K	TP
2502.19249	D	-
2502.19363	K	TD
2502.19402	D	-
2502.21321	D	-
2503.00168	D	-
2503.00580	D	-
2503.03889	D	-
2503.05920	K	TP
2503.06119	D	-
2503.07399	D	-
2503.07465	D	-
2503.09543	K	TP
2503.11051	D	-
2503.12303	D	-
2503.13847	D	-
2503.15141	D	-
2503.15450	K	TP
2503.15815	D	-
2503.17500	K	TP
2503.19081	D	-
2503.19206	K	TP
2503.20105	D	-
2503.20748	D	-
2503.22251	D	-
2503.22776	D	-
2503.22941	D	-
2504.00019	D	-
2504.03889	K	AV
2504.04022	K	TP
2504.05523	D	-
2504.05571	D	-
2504.05855	D	-
2504.06219	D	-
2504.06225	K	CO
2504.07912	K	TR
2504.08165	D	-
2504.08778	D	-
2504.08949	D	-
2504.09426	D	-
2504.12491	D	-
2504.13123	D	-
2504.14992	K	TP
2504.16980	D	-
2504.17449	D	-
2504.18080	D	-
2504.18562	D	-
2504.19856	D	-
2504.20110	D	-
2504.20112	D	-
2504.20437	K	TP
2504.20484	D	-
2504.21018	D	-
2505.02009	D	-
2505.05291	D	-
2505.05946	D	-
2505.07166	D	-
2505.07796	K	TP
2505.09568	K	MR
2505.11421	D	-
2505.12027	D	-
2505.12236	D	-
2505.13099	D	-
2505.13563	K	PG
2505.13755	D	-
2505.14042	D	-
2505.14309	D	-
2505.14471	D	-
2505.14523	D	-
2505.14808	D	-
2505.14824	D	-
2505.15090	D	-
2505.15501	D	-
2505.15670	D	-
2505.16333	D	-
2505.16570	K	TP
2505.19707	D	-
2505.19893	K	TP
2505.20052	D	-
2505.20285	D	-
2505.20674	K	RL
2505.21218	D	-
2505.21785	D	-
2505.22308	D	-
2505.22922	K	TP
2505.23146	D	-
2505.24229	D	-
2505.24844	K	TD
2506.00288	D	-
2506.01724	D	-
2506.01734	D	-
2506.01901	D	-
2506.01946	D	-
2506.03295	D	-
2506.05318	D	-
2506.07886	D	-
2506.08007	K	TP
2506.09022	D	-
2506.11300	K	TP
2506.11389	K	TP
2506.11591	D	-
2506.13274	K	TP
2506.13455	D	-
2506.14824	D	-
2506.14913	D	-
2506.15712	D	-
2506.17080	D	-
2506.17585	D	-
2506.18504	D	-
2506.19399	D	-
2506.19697	K	QG
2506.20174	D	-
2506.20331	D	-
2506.21551	K	TP
2506.21788	D	-
2506.22049	K	TP
2506.22510	D	-
2506.22638	D	-
2506.24120	D	-
2507.00366	D	-
2507.00574	D	-
2507.00994	D	-
2507.01045	D	-
2507.01785	D	-
2507.02964	D	-
2507.03122	D	-
2507.03779	D	-
2507.03971	D	-
2507.06795	D	-
2507.07996	K	DE
2507.08013	D	-
2507.09570	D	-
2507.09758	D	-
2507.10920	D	-
2507.12704	D	-
2507.14298	D	-
2507.14664	D	-
2507.18009	D	-
2507.18481	D	-
2507.20118	D	-
2507.20783	D	-
2507.22514	D	-
2508.00901	D	-
2508.01326	K	TD
2508.01832	K	MA
2508.01892	D	-
2508.01908	K	TP
2508.02189	D	-
2508.02668	K	PL
2508.04339	D	-
2508.04956	D	-
2508.06092	D	-
2508.07209	D	-
2508.07710	D	-
2508.09874	K	MA
2508.12137	D	-
2508.13408	D	-
2508.15390	K	TK
2508.15475	D	-
2508.15706	K	SP
2508.16355	D	-
2508.16597	D	-
2508.17400	D	-
2508.21113	D	-
2509.01209	D	-
2509.01644	D	-
2509.05258	K	SP
2509.05291	D	-
2509.06518	K	MA
2509.06806	D	-
2509.06990	D	-
2509.07486	D	-
2509.10406	K	AS
2509.12110	D	-
2509.13310	K	TP
2509.14926	D	-
2509.15248	K	TD
2509.15556	D	-
2509.15940	K	SP
2509.16551	D	-
2509.16788	D	-
2509.17196	D	-
2509.17562	D	-
2509.18150	K	TP
2509.18606	D	-
2509.18611	D	-
2509.20186	K	TD
2509.21486	D	-
2509.22261	D	-
2509.23024	D	-
2509.23383	K	TP
2509.24256	D	-
2509.24356	D	-
2509.25050	D	-
2509.25810	K	TR
2509.26016	D	-
2509.26242	D	-
2509.26625	D	-
2510.01141	K	MR
2510.01163	D	-
2510.01265	K	TR
2510.02375	K	MA
2510.02768	D	-
2510.03264	K	TP
2510.03519	D	-
2510.03896	D	-
2510.04848	K	TP
2510.05858	D	-
2510.06162	D	-
2510.06232	D	-
2510.06377	D	-
2510.06499	K	TD
2510.06548	K	TP
2510.06826	K	TP
2510.07192	D	-
2510.08152	D	-
2510.08203	D	-
2510.08818	D	-
2510.10071	D	-
2510.10102	D	-
2510.10681	K	TD
2510.13808	D	-
2510.13928	D	-
2510.14865	K	TP
2510.15020	K	TP
2510.16023	D	-
2510.16096	D	-
2510.17165	D	-
2510.17776	D	-
2510.18795	D	-
2510.18910	D	-
2510.18936	D	-
2510.20475	D	-
2510.21501	D	-
2510.22276	D	-
2510.22594	D	-
2510.22931	D	-
2510.22990	D	-
2510.23081	K	TP
2510.23691	D	-
2510.25067	D	-
2510.26622	K	MA
2511.00341	D	-
2511.01292	D	-
2511.01915	D	-
2511.02599	D	-
2511.03570	D	-
2511.03634	D	-
2511.03942	D	-
2511.07033	D	-
2511.07481	D	-
2511.08480	D	-
2511.08806	D	-
2511.08903	D	-
2511.09323	K	PA
2511.10590	D	-
2511.11315	D	-
2511.11912	D	-
2511.13022	D	-
2511.13703	D	-
2511.13761	K	TP
2511.14245	D	-
2511.15943	D	-
2511.17209	D	-
2511.17849	K	SP
2511.18792	D	-
2511.19484	D	-
2511.20290	D	-
2511.20704	D	-
2511.21613	K	TP
2511.22977	D	-
2511.23469	D	-
2512.00231	D	-
2512.01148	D	-
2512.02643	D	-
2512.03442	K	TP
2512.04149	D	-
2512.07783	K	TP
2512.09897	D	-
2512.10772	D	-
2512.10932	D	-
2512.12337	D	-
2512.12405	D	-
2512.13705	K	TP
2512.14549	K	DD
2512.14751	D	-
2512.14755	D	-
2512.16334	D	-
2512.17221	D	-
2512.20308	D	-
2512.20954	D	-
2512.21028	D	-
2512.24125	D	-
2512.24385	D	-
2512.24492	D	-
2601.00364	D	-
2601.01091	D	-
2601.01780	D	-
2601.02031	K	TP
2601.02360	K	SP
2601.02438	D	-
2601.02915	D	-
2601.03018	D	-
2601.03448	D	-
2601.03648	D	-
2601.04301	D	-
2601.05648	D	-
2601.05776	D	-
2601.06149	D	-
2601.07054	D	-
2601.09421	D	-
2601.09719	K	MA
2601.10160	D	-
2601.10497	D	-
2601.12215	D	-
2601.12269	D	-
2601.15014	D	-
2601.15236	D	-
2601.16018	D	-
2601.18200	D	-
2601.18302	K	TP
2601.18418	D	-
2601.20255	D	-
2601.20838	D	-
2601.21343	K	TP
2601.21698	K	TP
2601.21955	D	-
2601.22054	D	-
2601.22108	D	-
2601.22146	K	TD
2601.22841	D	-
2602.00446	D	-
2602.00508	D	-
2602.00541	D	-
2602.00866	D	-
2602.01875	D	-
2602.02400	K	TP
2602.03075	K	TP
2602.03690	D	-
2602.05393	K	TP
2602.07824	K	TD
2602.09003	D	-
2602.10485	D	-
2602.10556	D	-
2602.11151	D	-
2602.11217	D	-
2602.11543	D	-
2602.12370	D	-
2602.12892	D	-
2602.14759	D	-
2602.14934	D	-
2602.15004	D	-
2602.17475	D	-
2602.19548	K	TD
2602.20092	D	-
2602.20580	D	-
2602.21735	D	-
2602.22632	D	-
2602.22760	D	-
2603.00190	D	-
2603.00357	K	SP
2603.00618	D	-
2603.02208	K	TD
2603.03276	K	TP
2603.03805	D	-
2603.03969	D	-
2603.04354	D	-
2603.05369	K	TP
2603.05999	D	-
2603.07463	D	-
2603.07895	D	-
2603.08163	K	SP
2603.10055	K	TP
2603.11103	D	-
2603.11838	D	-
2603.11950	D	-
2603.13007	D	-
2603.13434	D	-
2603.15975	D	-
2603.16124	D	-
2603.16461	D	-
2603.16495	D	-
2603.16622	D	-
2603.17247	D	-
2603.17912	D	-
2603.19611	D	-
2603.20921	D	-
2603.27164	K	TP
2604.00086	D	-
2604.00383	D	-
2604.00715	K	TP
2604.00733	K	PL
2604.04958	D	-
2604.06829	K	TD
2604.06903	D	-
2604.08398	D	-
2604.08510	D	-
2604.08627	D	-
2604.09258	K	TP
2604.10590	D	-
2604.10985	D	-
2604.11868	D	-
2604.12364	D	-
2604.12397	K	TP
2604.12599	D	-
2604.13627	K	TF
2604.16422	D	-
2604.16443	D	-
2604.17633	D	-
2604.18134	D	-
2604.19394	D	-
2604.20051	D	-
2604.21265	D	-
2604.21428	K	SP
2604.22031	D	-
2604.22348	D	-
2604.22557	D	-
2604.22989	D	-
2604.26313	D	-
2604.27039	K	RE
2604.27472	D	-
2605.00061	D	-
2605.01158	D	-
2605.01310	D	-
2605.01407	D	-
2605.02500	D	-
2605.04418	K	TO
2605.04651	D	-
2605.04913	K	TP
2605.06546	K	TP
2605.06906	D	-
2605.07302	D	-
2605.07554	D	-
2605.07938	D	-
2605.08809	K	TP
2605.09187	D	-
2605.09370	K	SP
2605.09424	D	-
2605.10337	D	-
2605.10504	K	TP
2605.10973	D	-
2605.11011	K	RL
2605.11215	K	SP
2605.11416	K	TP
2605.12382	D	-
2605.12438	D	-
2605.13225	D	-
2605.13262	D	-
2605.13329	D	-
2605.13540	D	-
2605.13652	K	PL
2605.15888	D	-
2605.16069	D	-
2605.17849	K	TD
2605.18579	D	-
2605.19330	D	-
2605.20105	D	-
2605.20449	D	-
2605.20613	K	MA
2605.20948	K	MA
2605.21075	D	-
2605.22856	D	-
2605.22981	D	-
2605.23472	D	-
2605.23825	D	-
2605.23962	D	-
2605.24059	D	-
2605.24956	K	TP
2605.25704	K	MA
2605.25802	D	-
2605.27387	K	CA
2605.27676	D	-
2605.27796	D	-
2605.28534	D	-
2605.28573	K	PL
2605.29283	D	-
2605.30467	D	-
2605.31175	K	TP
2606.00132	D	-
2606.00230	D	-
2606.01702	D	-
2606.02991	D	-
2606.03080	K	TP
2606.03217	D	-
2606.03713	D	-
2606.04010	D	-
2606.04876	D	-
2606.06470	K	TP
2606.06738	D	-
2606.07365	D	-
2606.09401	D	-
2606.09430	D	-
2606.11081	K	SP
2606.11375	D	-
2606.12649	D	-
2606.15080	D	-
2606.15678	D	-
2606.16246	K	TD
2606.17024	K	TR
2606.17113	D	-
2606.18811	D	-
2606.19168	D	-
2606.20014	D	-
2606.20632	D	-
2606.22079	D	-
2606.23607	K	CG
2606.25197	D	-
2606.26050	D	-
2606.27745	D	-
2606.28538	D	-
2606.28932	K	PL
2606.29014	D	-
2606.29148	D	-
2606.29773	D	-
2606.29871	D	-
2606.30258	D	-
2607.01690	D	-
2607.01733	D	-
2607.02140	D	-
2607.04081	D	-
2607.04733	D	-
2607.05408	D	-
2607.06613	D	-
2607.08803	D	-
2607.09204	K	TP
2607.09657	K	TP
2607.11562	D	-
2607.12463	K	TP
2607.13332	K	SP
2607.14371	D	-
2607.15687	D	-
2607.16097	K	TP
2607.16669	D	-
2607.18218	D	-
2607.20265	D	-
2607.22043	K	TP
2607.22114	D	-
2607.23169	D	-
2607.23238	D	-
2607.23258	D	-
2607.24769	D	-
2607.26015	D	-
2607.26993	D	-
2607.27919	K	MA
2607.28109	K	TD
2607.28236	D	-
2607.28658	D	-
2607.28895	D	-
2607.29129	D	-
2608.00586	D	-
2608.01306	D	-
2608.01725	D	-
2608.02124	D	-
2608.02252	D	-
2608.03063	D	-
2608.03089	K	TD
2608.03629	D	-
2608.03913	D	-
2608.03930	K	TP
2608.04472	D	-
2608.04934	K	TP
2608.05000	K	TP
2608.06659	D	-
2608.08800	D	-
2608.09006	D	-
2608.10295	D	-
2608.10522	D	-
2608.11025	D	-
2608.11034	K	SP
2608.11167	D	-
2608.11332	D	-
2608.12419	K	MA
2608.12989	D	-
2608.13277	K	TP
2608.13515	D	-
2608.13681	D	-
2608.16614	D	-
2608.16831	D	-
2608.17530	K	TP
2608.19529	D	-
2608.20069	D	-
2608.20314	K	TD
2608.24749	D	-
2608.24814	K	TP
2608.26354	D	-
2608.26576	D	-
2608.27370	K	TP
2608.30392	D	-
2608.30541	D	-
2608.30609	D	-
2608.30817	D	-
2609.00082	D	-
2609.00611	D	-
2609.01657	D	-
2609.02846	K	QT
2609.02881	K	MA
2609.03350	D	-
2609.03655	D	-
2609.03702	D	-
2609.04180	K	TP
2609.04707	D	-
2609.06086	K	SP
2609.06807	D	-
2609.06912	D	-
2609.06934	D	-
2609.06960	D	-
2609.10518	D	-
2609.12834	D	-
2609.13283	D	-
2609.14339	D	-
2609.14970	D	-
2609.15037	K	PL
2609.16061	D	-
2609.17738	D	-
2609.18496	D	-
2609.19291	D	-
2609.19513	K	TD
2609.22607	D	-
2609.23574	D	-
2609.23860	D	-
2609.23916	K	TP
2609.24303	D	-
2609.25438	D	-
2609.25482	K	TP
2609.26034	D	-
2609.26290	D	-
2609.26605	D	-
2609.26617	D	-
2609.27611	D	-
2609.27925	K	TP
2609.27948	D	-
2609.29421	K	TR
2609.30063	K	TP
2501.00365	K	TF
2501.01653	D	-
2501.01672	D	-
2501.01765	D	-
2501.02196	D	-
2501.03291	D	-
2501.03332	D	-
2501.04315	K	TF
2501.04510	D	-
2501.06208	D	-
2501.06332	D	-
2501.06892	D	-
2501.07853	D	-
2501.08008	D	-
2501.08582	K	TF
2501.11833	D	-
2501.12067	K	TF
2501.13198	D	-
2501.13318	D	-
2501.13344	D	-
2501.13787	K	TF
2501.13965	D	-
2501.14406	D	-
2501.14859	D	-
2501.15040	D	-
2501.15103	K	TF
2501.15361	D	-
2501.16029	D	-
2501.16282	D	-
2501.16559	K	TF
2501.16720	D	-
2501.17635	D	-
2501.17840	D	-
2501.18475	K	TF
2501.19026	D	-
2501.19389	D	-
2501.19406	D	-
2502.00089	D	-
2502.01179	K	TF
2502.01235	K	TF
2502.01378	K	TF
2502.01755	D	-
2502.02909	D	-
2502.03044	K	TF
2502.03604	D	-
2502.03617	D	-
2502.03884	D	-
2502.04315	D	-
2502.04387	D	-
2502.04501	D	-
2502.05087	D	-
2502.05539	K	TF
2502.06358	D	-
2502.06820	K	TF
2502.06846	D	-
2502.06916	D	-
2502.06970	D	-
2502.07374	K	RE
2502.08037	K	CT
2502.08141	K	TF
2502.08271	D	-
2502.08905	D	-
2502.09376	K	TF
2502.10140	D	-
2502.10202	K	TF
2502.10497	D	-
2502.11439	K	TF
2502.11812	D	-
2502.12122	D	-
2502.12171	K	TF
2502.12200	D	-
2502.12478	D	-
2502.12492	D	-
2502.13533	K	TF
2502.13604	K	TF
2502.13725	D	-
2502.13811	K	TF
2502.14149	D	-
2502.14482	K	TF
2502.14502	K	TF
2502.14538	D	-
2502.14816	K	TF
2502.15436	D	-
2502.15455	D	-
2502.15828	K	TF
2502.15975	K	TF
2502.16055	D	-
2502.16601	D	-
2502.16894	K	TF
2502.18168	D	-
2502.18511	D	-
2502.18735	D	-
2502.19571	D	-
2502.20035	D	-
2503.00572	D	-
2503.00813	D	-
2503.01131	D	-
2503.01303	D	-
2503.01419	D	-
2503.02443	D	-
2503.02659	K	TF
2503.03654	D	-
2503.03920	D	-
2503.04396	D	-
2503.04918	D	-
2503.05213	D	-
2503.05684	D	-
2503.06003	D	-
2503.06084	D	-
2503.06213	D	-
2503.06973	D	-
2503.07216	D	-
2503.08045	D	-
2503.09474	D	-
2503.09493	D	-
2503.09707	D	-
2503.10214	D	-
2503.11609	D	-
2503.11711	D	-
2503.11880	D	-
2503.12576	K	TF
2503.12667	D	-
2503.12790	D	-
2503.12988	D	-
2503.13988	D	-
2503.14136	D	-
2503.16055	D	-
2503.16094	D	-
2503.16843	D	-
2503.16945	D	-
2503.17272	D	-
2503.18089	D	-
2503.18216	K	PA
2503.19201	D	-
2503.19353	K	QG
2503.19469	D	-
2503.20282	D	-
2503.20612	D	-
2503.21838	D	-
2503.23083	D	-
2503.23100	K	EA
2503.23360	K	TF
2503.23379	D	-
2503.23869	D	-
2503.24354	D	-
2504.00031	D	-
2504.00661	D	-
2504.00851	D	-
2504.01523	D	-
2504.01666	D	-
2504.03137	D	-
2504.03718	D	-
2504.04050	D	-
2504.04151	K	TP
2504.04351	D	-
2504.05288	D	-
2504.05343	D	-
2504.05411	D	-
2504.05491	D	-
2504.06220	D	-
2504.06426	K	TF
2504.06838	D	-
2504.07061	D	-
2504.07448	K	TF
2504.08543	D	-
2504.08780	D	-
2504.10322	D	-
2504.10490	D	-
2504.12397	K	TF
2504.12471	D	-
2504.12737	D	-
2504.14100	D	-
2504.14667	D	-
2504.15610	D	-
2504.15933	D	-
2504.16448	D	-
2504.17395	D	-
2504.17397	D	-
2504.17780	D	-
2504.18580	D	-
2504.18735	D	-
2504.20356	D	-
2504.20570	D	-
2504.20859	D	-
2504.20860	D	-
2504.21099	D	-
2504.21569	D	-
2505.00009	D	-
2505.00275	D	-
2505.00580	D	-
2505.00582	D	-
2505.01075	D	-
2505.02266	K	MA
2505.02629	D	-
2505.02795	D	-
2505.03406	D	-
2505.03756	K	SB
2505.03802	D	-
2505.05189	D	-
2505.05616	D	-
2505.06002	D	-
2505.07329	D	-
2505.07500	D	-
2505.07877	D	-
2505.09062	D	-
2505.09519	D	-
2505.09926	D	-
2505.10088	D	-
2505.11557	D	-
2505.12455	K	TF
2505.12805	D	-
2505.12871	D	-
2505.12991	D	-
2505.13327	D	-
2505.13502	D	-
2505.13515	K	TF
2505.13840	K	SG
2505.14238	K	TF
2505.14350	D	-
2505.14367	D	-
2505.14468	K	SB
2505.14742	K	QG
2505.15130	D	-
2505.15424	D	-
2505.15471	D	-
2505.16227	D	-
2505.16590	D	-
2505.16821	D	-
2505.17051	D	-
2505.17153	K	MA
2505.17169	D	-
2505.17697	K	RE
2505.17773	D	-
2505.18494	D	-
2505.18612	D	-
2505.18640	D	-
2505.18777	K	TF
2505.18867	D	-
2505.18877	K	TF
2505.19107	D	-
2505.19466	D	-
2505.19819	D	-
2505.20154	D	-
2505.20211	D	-
2505.21051	D	-
2505.21382	D	-
2505.21732	K	PL
2505.21895	K	PG
2505.21930	D	-
2505.22120	D	-
2505.22358	D	-
2505.22694	D	-
2505.23094	D	-
2505.23099	D	-
2505.23184	D	-
2505.23271	D	-
2505.23555	D	-
2505.23724	D	-
2505.23808	D	-
2505.23868	D	-
2505.24174	D	-
2505.24773	D	-
2506.00200	D	-
2506.00495	D	-
2506.00743	D	-
2506.00799	K	TF
2506.00998	D	-
2506.01001	D	-
2506.01850	D	-
2506.02044	D	-
2506.02724	D	-
2506.03230	K	TF
2506.03926	D	-
2506.04044	D	-
2506.04450	D	-
2506.04650	D	-
2506.05191	D	-
2506.05568	D	-
2506.05640	D	-
2506.05672	D	-
2506.05713	D	-
2506.05748	D	-
2506.05843	D	-
2506.05928	D	-
2506.06105	K	TF
2506.06600	D	-
2506.06844	D	-
2506.07587	D	-
2506.07621	D	-
2506.09105	D	-
2506.09199	D	-
2506.09707	D	-
2506.10885	D	-
2506.11042	D	-
2506.11049	D	-
2506.11160	D	-
2506.11402	D	-
2506.11638	D	-
2506.11672	D	-
2506.11976	D	-
2506.12015	K	TF
2506.12213	D	-
2506.12409	D	-
2506.12704	D	-
2506.12706	D	-
2506.13187	D	-
2506.13479	D	-
2506.13674	K	TF
2506.14280	D	-
2506.14530	D	-
2506.14646	D	-
2506.14929	D	-
2506.15251	D	-
2506.15307	D	-
2506.15415	D	-
2506.15565	D	-
2506.16406	K	TF
2506.16600	D	-
2506.16787	D	-
2506.18267	D	-
2506.18434	D	-
2506.18923	D	-
2506.18931	D	-
2506.19072	D	-
2506.19702	D	-
2506.20856	D	-
2506.20990	D	-
2506.21119	D	-
2506.21408	D	-
2506.23903	D	-
2507.00029	D	-
2507.00327	D	-
2507.01196	D	-
2507.01806	D	-
2507.02302	D	-
2507.03003	D	-
2507.03220	K	SB
2507.03916	D	-
2507.04142	D	-
2507.04453	D	-
2507.05346	D	-
2507.05394	D	-
2507.06085	D	-
2507.06679	D	-
2507.07129	K	CO
2507.08044	D	-
2507.08833	K	TF
2507.09076	D	-
2507.09116	D	-
2507.09931	D	-
2507.09990	D	-
2507.10419	D	-
2507.11071	D	-
2507.11515	D	-
2507.12142	K	TF
2507.13089	D	-
2507.13568	D	-
2507.13743	D	-
2507.14353	D	-
2507.14725	D	-
2507.15198	D	-
2507.17075	D	-
2507.17088	D	-
2507.17706	K	CG
2507.18076	D	-
2507.18243	D	-
2507.18294	D	-
2507.18302	D	-
2507.19534	D	-
2507.19562	D	-
2507.19679	D	-
2507.19909	D	-
2507.20111	D	-
2507.20906	D	-
2507.20999	D	-
2507.21009	D	-
2507.21056	D	-
2507.21521	D	-
2507.21899	D	-
2507.23536	D	-
2507.23588	D	-
2508.00230	D	-
2508.00522	D	-
2508.01731	D	-
2508.01961	D	-
2508.02079	D	-
2508.02525	D	-
2508.02587	K	TF
2508.02671	D	-
2508.02711	D	-
2508.02742	D	-
2508.02932	K	TF
2508.03527	D	-
2508.03999	D	-
2508.04316	D	-
2508.04441	D	-
2508.04677	D	-
2508.05078	D	-
2508.05694	D	-
2508.06202	D	-
2508.06953	D	-
2508.07075	D	-
2508.07371	D	-
2508.07819	D	-
2508.08343	K	SB
2508.08730	D	-
2508.09225	D	-
2508.09240	D	-
2508.10299	D	-
2508.10352	D	-
2508.10635	D	-
2508.11985	K	CG
2508.12512	D	-
2508.13037	D	-
2508.13525	D	-
2508.14130	D	-
2508.14285	D	-
2508.15068	D	-
2508.15903	D	-
2508.16021	D	-
2508.16207	D	-
2508.17184	D	-
2508.17250	D	-
2508.17337	D	-
2508.17586	D	-
2508.17846	D	-
2508.17901	D	-
2508.19089	D	-
2508.19639	D	-
2508.20830	D	-
2508.21300	D	-
2508.21393	D	-
2508.21810	D	-
2509.00046	D	-
2509.00305	D	-
2509.00421	D	-
2509.00665	D	-
2509.00731	D	-
2509.00820	D	-
2509.01314	D	-
2509.02915	D	-
2509.03057	D	-
2509.03234	D	-
2509.03494	D	-
2509.03895	D	-
2509.04398	D	-
2509.04473	D	-
2509.04753	D	-
2509.04794	D	-
2509.04884	D	-
2509.05385	D	-
2509.06100	D	-
2509.06984	D	-
2509.06992	D	-
2509.08139	D	-
2509.09119	D	-
2509.09689	D	-
2509.09801	D	-
2509.09926	D	-
2509.11414	D	-
2509.11492	D	-
2509.12229	D	-
2509.12649	D	-
2509.13211	D	-
2509.13240	D	-
2509.13268	D	-
2509.13775	D	-
2509.14253	D	-
2509.15087	D	-
2509.15888	D	-
2509.16244	D	-
2509.16508	D	-
2509.16903	D	-
2509.17428	K	QG
2509.18093	D	-
2509.18629	D	-
2509.18993	K	PL
2509.19306	D	-
2509.20792	D	-
2509.21241	D	-
2509.21637	D	-
2509.21870	D	-
2509.22020	D	-
2509.22158	D	-
2509.23173	D	-
2509.23594	D	-
2509.23805	D	-
2509.24166	D	-
2509.24791	D	-
2509.24888	D	-
2509.25214	K	TF
2509.25241	D	-
2509.25414	D	-
2509.25684	D	-
2509.26399	D	-
2510.00192	D	-
2510.00206	K	TF
2510.00268	D	-
2510.00543	D	-
2510.00662	D	-
2510.00810	D	-
2510.01276	D	-
2510.01370	D	-
2510.01471	D	-
2510.02361	K	KE
2510.02630	D	-
2510.03683	D	-
2510.03731	D	-
2510.04601	D	-
2510.04682	D	-
2510.05003	D	-
2510.05468	D	-
2510.06005	D	-
2510.07239	D	-
2510.08034	D	-
2510.08600	K	PG
2510.09004	D	-
2510.09586	D	-
2510.10208	D	-
2510.11598	D	-
2510.12078	D	-
2510.12178	D	-
2510.12245	D	-
2510.12266	D	-
2510.13003	D	-
2510.13351	D	-
2510.13537	D	-
2510.14301	D	-
2510.14543	D	-
2510.15103	K	TF
2510.15416	D	-
2510.15962	D	-
2510.15964	K	TF
2510.16089	D	-
2510.16282	D	-
2510.16670	D	-
2510.16830	D	-
2510.16985	D	-
2510.17591	D	-
2510.17651	D	-
2510.17898	D	-
2510.17902	D	-
2510.18725	D	-
2510.19733	D	-
2510.19778	D	-
2510.20291	D	-
2510.20690	D	-
2510.20975	D	-
2510.21345	D	-
2510.21834	K	PS
2510.22531	D	-
2510.22747	D	-
2510.23123	D	-
2510.23346	K	SB
2510.23818	D	-
2510.24061	K	QT
2510.24619	D	-
2510.25093	D	-
2510.25784	K	SB
2510.26690	K	QG
2510.26721	D	-
2511.00050	K	TF
2511.00101	K	SB
2511.00130	D	-
2511.00382	D	-
2511.01463	D	-
2511.01794	D	-
2511.02869	D	-
2511.04875	D	-
2511.06225	D	-
2511.06292	D	-
2511.06739	D	-
2511.06859	D	-
2511.07129	D	-
2511.08245	D	-
2511.11585	D	-
2511.11690	D	-
2511.11729	K	SB
2511.12528	D	-
2511.12828	D	-
2511.12991	D	-
2511.13036	D	-
2511.13351	D	-
2511.13368	D	-
2511.17044	D	-
2511.19523	D	-
2511.19654	D	-
2511.19739	D	-
2511.19935	D	-
2511.20072	D	-
2511.20382	D	-
2511.21285	K	TF
2511.21703	D	-
2511.21709	D	-
2511.21733	D	-
2511.22125	D	-
2511.22739	D	-
2511.22880	K	SB
2511.23235	D	-
2511.23375	D	-
2512.00204	D	-
2512.00219	D	-
2512.00597	D	-
2512.00878	D	-
2512.01141	D	-
2512.02584	D	-
2512.02764	D	-
2512.03402	D	-
2512.03477	D	-
2512.03499	D	-
2512.04296	D	-
2512.04305	D	-
2512.04457	D	-
2512.04763	D	-
2512.06711	D	-
2512.06811	D	-
2512.07374	D	-
2512.07375	D	-
2512.07703	D	-
2512.10750	D	-
2512.11366	D	-
2512.12677	D	-
2512.12824	D	-
2512.13855	D	-
2512.14237	K	TF
2512.14562	D	-
2512.14926	D	-
2512.15634	D	-
2512.16238	D	-
2512.17313	D	-
2512.17519	D	-
2512.17630	D	-
2512.17730	D	-
2512.17930	D	-
2512.18551	D	-
2512.19219	D	-
2512.19297	D	-
2512.20210	K	SB
2512.20674	D	-
2512.20892	D	-
2512.21508	D	-
2512.21708	D	-
2512.22337	D	-
2512.22378	D	-
2512.22742	D	-
2512.23017	D	-
2512.23073	D	-
2512.23165	K	TR
2512.23260	D	-
2512.23485	D	-
2601.00231	D	-
2601.00254	D	-
2601.00566	D	-
2601.01804	D	-
2601.01993	D	-
2601.02232	D	-
2601.02500	D	-
2601.02569	K	DE
2601.02609	K	TF
2601.02967	D	-
2601.04823	K	TF
2601.04885	D	-
2601.06305	D	-
2601.06471	D	-
2601.06677	D	-
2601.06702	D	-
2601.06788	D	-
2601.06914	D	-
2601.07177	D	-
2601.07291	D	-
2601.07507	D	-
2601.07935	D	-
2601.09185	D	-
2601.09361	K	TR
2601.09654	D	-
2601.09684	D	-
2601.10043	D	-
2601.10045	D	-
2601.11219	D	-
2601.11932	D	-
2601.12034	D	-
2601.12338	D	-
2601.12711	D	-
2601.13105	D	-
2601.15094	D	-
2601.15269	D	-
2601.15324	D	-
2601.15390	D	-
2601.16097	D	-
2601.16224	D	-
2601.16549	D	-
2601.16629	D	-
2601.16991	D	-
2601.17364	D	-
2601.17441	D	-
2601.17533	D	-
2601.17921	D	-
2601.21003	D	-
2601.21109	K	TF
2601.21437	D	-
2601.21795	D	-
2601.22124	D	-
2601.22818	D	-
2602.00942	K	PL
2602.01126	D	-
2602.01522	D	-
2602.02060	D	-
2602.02501	D	-
2602.02780	D	-
2602.03019	D	-
2602.03696	D	-
2602.03822	D	-
2602.03846	D	-
2602.04019	D	-
2602.04118	K	TR
2602.04998	K	TF
2602.05148	D	-
2602.05235	D	-
2602.05532	D	-
2602.05988	D	-
2602.06358	K	TF
2602.06385	D	-
2602.07218	D	-
2602.07263	K	TF
2602.08239	K	TF
2602.08369	D	-
2602.09492	K	TF
2602.10352	D	-
2602.10404	D	-
2602.10513	D	-
2602.11166	D	-
2602.11171	D	-
2602.11215	D	-
2602.11655	D	-
2602.11965	D	-
2602.12002	D	-
2602.12284	D	-
2602.13151	D	-
2602.13486	D	-
2602.13529	D	-
2602.14490	D	-
2602.14751	D	-
2602.15013	D	-
2602.15195	D	-
2602.15874	D	-
2602.15902	K	XP
2602.16500	D	-
2602.16835	D	-
2602.16915	D	-
2602.16936	D	-
2602.17095	D	-
2602.17510	D	-
2602.17809	D	-
2602.19024	D	-
2602.19111	D	-
2602.19169	D	-
2602.19198	D	-
2602.19926	D	-
2602.20492	D	-
2602.20662	K	SH
2602.20727	D	-
2602.21212	D	-
2602.21222	D	-
2602.22268	K	QM
2602.22539	D	-
2602.23638	D	-
2602.24044	K	SB
2603.00148	D	-
2603.00314	D	-
2603.00573	D	-
2603.00638	D	-
2603.00675	D	-
2603.00720	D	-
2603.00846	D	-
2603.01097	D	-
2603.01732	D	-
2603.01759	D	-
2603.01792	D	-
2603.02885	K	TF
2603.03371	D	-
2603.03535	D	-
2603.04124	D	-
2603.05087	D	-
2603.06403	D	-
2603.06492	K	MA
2603.06728	K	SE
2603.08014	D	-
2603.08058	D	-
2603.08445	D	-
2603.08708	D	-
2603.09065	K	DP
2603.09865	D	-
2603.09978	D	-
2603.10160	D	-
2603.10298	D	-
2603.10560	D	-
2603.10904	D	-
2603.11239	D	-
2603.11873	K	SB
2603.12378	D	-
2603.12577	D	-
2603.12681	D	-
2603.13282	D	-
2603.13306	D	-
2603.13307	D	-
2603.13792	D	-
2603.14183	D	-
2603.14228	D	-
2603.14951	D	-
2603.15374	D	-
2603.15405	D	-
2603.15990	D	-
2603.16028	D	-
2603.16413	D	-
2603.16526	D	-
2603.16641	D	-
2603.16653	D	-
2603.17079	D	-
2603.17558	D	-
2603.19278	D	-
2603.19302	D	-
2603.19741	D	-
2603.20480	D	-
2603.21418	D	-
2603.21970	D	-
2603.22276	K	TF
2603.23780	D	-
2603.24787	D	-
2603.26317	D	-
2603.27707	D	-
2603.27859	D	-
2603.28554	D	-
2603.28561	D	-
2603.28804	D	-
2603.29756	D	-
2604.00342	D	-
2604.01168	K	TF
2604.01310	D	-
2604.01694	D	-
2604.02051	K	RL
2604.03314	D	-
2604.03388	D	-
2604.04516	D	-
2604.04571	D	-
2604.05426	K	TF
2604.06202	D	-
2604.06253	D	-
2604.06291	D	-
2604.06297	D	-
2604.06946	D	-
2604.08368	D	-
2604.08844	D	-
2604.09940	D	-
2604.10023	D	-
2604.10451	D	-
2604.12307	D	-
2604.12346	D	-
2604.12931	D	-
2604.13328	D	-
2604.13368	D	-
2604.13710	D	-
2604.14167	D	-
2604.14171	D	-
2604.14174	D	-
2604.14640	D	-
2604.15351	D	-
2604.15589	D	-
2604.15703	D	-
2604.15936	D	-
2604.16135	D	-
2604.16171	D	-
2604.16343	D	-
2604.16396	D	-
2604.16583	K	SB
2604.16657	D	-
2604.16812	D	-
2604.17244	D	-
2604.17396	D	-
2604.17573	D	-
2604.17725	D	-
2604.17751	D	-
2604.17943	D	-
2604.18075	D	-
2604.18124	D	-
2604.18655	K	SE
2604.19042	D	-
2604.19048	D	-
2604.19321	D	-
2604.20720	D	-
2604.21571	D	-
2604.21668	D	-
2604.21905	K	TF
2604.22127	K	TF
2604.23750	D	-
2604.26217	D	-
2604.26256	K	TR
2604.27796	D	-
2605.00421	D	-
2605.01046	D	-
2605.01605	D	-
2605.03229	K	TF
2605.03742	D	-
2605.04341	K	PD
2605.04576	D	-
2605.04948	D	-
2605.04989	D	-
2605.04992	D	-
2605.05686	D	-
2605.05914	D	-
2605.06047	D	-
2605.06117	D	-
2605.06733	D	-
2605.07111	D	-
2605.07494	D	-
2605.07562	D	-
2605.07850	D	-
2605.08177	D	-
2605.08423	D	-
2605.08702	D	-
2605.08992	D	-
2605.09015	D	-
2605.09777	D	-
2605.09781	D	-
2605.10741	D	-
2605.11328	D	-
2605.11608	D	-
2605.11659	D	-
2605.11735	D	-
2605.12019	D	-
2605.12345	D	-
2605.12610	D	-
2605.12752	D	-
2605.13162	D	-
2605.13163	D	-
2605.13248	D	-
2605.13779	K	SB
2605.13936	D	-
2605.14055	D	-
2605.14217	K	SB
2605.14809	D	-
2605.14841	D	-
2605.15916	D	-
2605.16470	D	-
2605.16727	D	-
2605.16800	D	-
2605.17413	D	-
2605.17577	D	-
2605.17774	D	-
2605.18795	K	TF
2605.18822	K	TF
2605.19027	D	-
2605.19767	D	-
2605.21147	D	-
2605.21217	D	-
2605.22487	D	-
2605.22863	K	KP
2605.22869	D	-
2605.23783	D	-
2605.23913	D	-
2605.24549	D	-
2605.24792	D	-
2605.25479	D	-
2605.25565	D	-
2605.25949	D	-
2605.28222	D	-
2605.28722	D	-
2605.28819	D	-
2605.28896	D	-
2605.29459	K	MA
2605.29460	D	-
2605.29498	D	-
2605.29580	D	-
2605.29726	D	-
2605.30179	D	-
2605.30189	D	-
2605.30260	K	TF
2605.30640	D	-
2605.30968	D	-
2605.31080	D	-
2605.31229	D	-
2605.31484	K	TF
2606.00257	D	-
2606.00357	D	-
2606.00382	D	-
2606.00494	K	QG
2606.00831	D	-
2606.01080	D	-
2606.01387	K	KP
2606.01412	K	QG
2606.01495	K	RL
2606.01734	D	-
2606.01873	D	-
2606.02437	K	TF
2606.02576	D	-
2606.02971	D	-
2606.03290	D	-
2606.03723	K	CG
2606.03792	D	-
2606.04238	K	Q2
2606.04351	D	-
2606.04536	D	-
2606.04547	D	-
2606.04922	D	-
2606.05016	D	-
2606.05535	D	-
2606.05713	D	-
2606.05758	D	-
2606.05781	D	-
2606.05816	D	-
2606.06027	D	-
2606.06087	D	-
2606.06100	D	-
2606.06133	D	-
2606.06154	D	-
2606.06492	D	-
2606.06902	D	-
2606.06920	D	-
2606.06946	D	-
2606.07102	D	-
2606.07246	D	-
2606.07526	D	-
2606.08908	D	-
2606.10392	D	-
2606.10428	D	-
2606.10610	D	-
2606.10929	D	-
2606.10989	D	-
2606.11033	D	-
2606.11262	D	-
2606.11712	D	-
2606.11854	D	-
2606.12117	D	-
2606.12392	D	-
2606.12400	K	XP
2606.12801	D	-
2606.12854	D	-
2606.15963	D	-
2606.15980	D	-
2606.16769	D	-
2606.19172	D	-
2606.19277	D	-
2606.19528	K	TF
2606.19549	D	-
2606.19744	D	-
2606.20553	D	-
2606.20911	D	-
2606.22188	D	-
2606.22272	D	-
2606.22429	D	-
2606.22878	D	-
2606.23487	D	-
2606.25700	D	-
2606.28077	D	-
2606.28445	D	-
2606.28992	D	-
2606.29375	D	-
2606.29579	D	-
2606.30266	D	-
2606.31099	D	-
2606.31413	D	-
2606.31718	D	-
2606.31813	D	-
2607.00162	D	-
2607.01789	K	TF
2607.02158	D	-
2607.02182	D	-
2607.03640	D	-
2607.03886	D	-
2607.07529	D	-
2607.07719	D	-
2607.09259	D	-
2607.09287	D	-
2607.09757	D	-
2607.10797	D	-
2607.12111	D	-
2607.12418	D	-
2607.12422	K	DS
2607.16202	D	-
2607.16252	D	-
2607.16635	D	-
2607.16637	D	-
2607.17513	D	-
2607.17620	K	TF
2607.18130	K	TF
2607.19326	D	-
2607.20205	D	-
2607.20301	D	-
2607.21417	D	-
2607.21498	D	-
2607.21612	K	TF
2607.21680	D	-
2607.21861	D	-
2607.22251	D	-
2607.22300	D	-
2607.23837	D	-
2607.24232	D	-
2607.25299	D	-
2607.25583	D	-
2607.25763	D	-
2607.27787	D	-
2607.28263	D	-
2607.28967	D	-
2607.29033	D	-
2607.29071	D	-
2607.29238	D	-
2607.29601	D	-
2608.00207	D	-
2608.01437	D	-
2608.01751	D	-
2608.03020	K	TF
2608.03267	D	-
2608.03275	D	-
2608.03579	K	SB
2608.03605	D	-
2608.04200	D	-
2608.04347	D	-
2608.04351	D	-
2608.04488	D	-
2608.05036	D	-
2608.05161	D	-
2608.05253	K	TF
2608.05813	D	-
2608.06673	D	-
2608.06795	D	-
2608.07051	D	-
2608.07053	D	-
2608.07749	D	-
2608.08060	D	-
2608.08244	D	-
2608.08336	D	-
2608.09227	D	-
2608.09521	D	-
2608.09633	D	-
2608.09742	D	-
2608.09819	D	-
2608.09834	D	-
2608.10525	D	-
2608.11912	D	-
2608.12018	D	-
2608.12389	D	-
2608.12821	D	-
2608.13069	D	-
2608.14152	D	-
2608.14604	D	-
2608.14750	D	-
2608.15351	D	-
2608.15360	D	-
2608.15381	D	-
2608.15516	D	-
2608.16384	D	-
2608.17514	D	-
2608.17723	D	-
2608.18142	D	-
2608.18731	D	-
2608.19355	D	-
2608.19680	D	-
2608.20918	D	-
2608.21172	D	-
2608.21278	D	-
2608.21300	D	-
2608.21750	D	-
2608.21909	D	-
2608.22370	D	-
2608.22745	D	-
2608.23338	D	-
2608.24224	D	-
2608.24966	D	-
2608.25707	D	-
2608.26531	D	-
2608.26820	D	-
2608.27070	D	-
2608.27836	D	-
2608.29327	D	-
2608.29934	D	-
2608.30858	D	-
2609.00078	D	-
2609.00632	D	-
2609.00762	D	-
2609.01244	K	TF
2609.01802	D	-
2609.02101	D	-
2609.02898	D	-
2609.03544	D	-
2609.04526	K	QF
2609.04715	D	-
2609.04827	D	-
2609.05221	D	-
2609.05235	D	-
2609.05885	D	-
2609.06072	K	TF
2609.06188	D	-
2609.08059	D	-
2609.10305	D	-
2609.11310	D	-
2609.12123	D	-
2609.12533	D	-
2609.12896	D	-
2609.12913	D	-
2609.13250	D	-
2609.13511	D	-
2609.13512	D	-
2609.13624	D	-
2609.13654	D	-
2609.13918	D	-
2609.14284	D	-
2609.15229	D	-
2609.15344	D	-
2609.15643	D	-
2609.17109	K	KP
2609.17848	D	-
2609.17981	D	-
2609.18038	D	-
2609.19654	D	-
2609.21515	D	-
2609.23321	D	-
2609.24198	D	-
2609.24538	D	-
2609.24979	D	-
2609.25058	D	-
2609.25618	K	TF
2609.25655	K	TF
2609.26091	D	-
2609.26097	D	-
2609.26165	D	-
2609.26182	D	-
2609.26217	D	-
2609.28430	D	-
2609.28568	D	-
2609.28998	D	-
2501.00039	D	-
2501.00656	K	MR
2501.01141	D	-
2501.02790	D	-
2501.03262	K	TR
2501.03486	D	-
2501.03884	K	TR
2501.05790	D	-
2501.06248	D	-
2501.08071	K	SK
2501.09254	D	-
2501.09620	D	-
2501.11463	D	-
2501.11651	K	TR
2501.12735	D	-
2501.14205	D	-
2501.16727	D	-
2501.17030	D	-
2501.19266	D	-
2501.19358	D	-
2501.19400	D	-
2502.00666	D	-
2502.00814	D	-
2502.01203	D	-
2502.01387	D	-
2502.01600	K	TR
2502.01652	D	-
2502.01715	D	-
2502.02508	K	TR
2502.03095	D	-
2502.03492	K	TR
2502.03723	D	-
2502.04354	D	-
2502.04357	D	-
2502.04492	D	-
2502.04517	D	-
2502.05434	D	-
2502.06869	D	-
2502.07193	D	-
2502.07237	D	-
2502.07460	D	-
2502.07949	D	-
2502.08127	D	-
2502.10581	D	-
2502.10732	D	-
2502.10906	D	-
2502.11026	D	-
2502.11433	D	-
2502.11555	D	-
2502.11896	D	-
2502.12206	D	-
2502.12272	K	TR
2502.12486	D	-
2502.12853	K	TR
2502.12876	D	-
2502.13417	D	-
2502.14289	D	-
2502.14669	D	-
2502.14768	K	TR
2502.14905	D	-
2502.15145	D	-
2502.15214	D	-
2502.16198	D	-
2502.16852	D	-
2502.17011	D	-
2502.17387	K	TD
2502.17515	D	-
2502.18439	D	-
2502.18449	K	TR
2502.18699	D	-
2502.18770	D	-
2502.19634	D	-
2502.19655	D	-
2503.00223	D	-
2503.00539	D	-
2503.01224	D	-
2503.01233	D	-
2503.01491	K	TR
2503.01785	D	-
2503.02077	D	-
2503.02296	D	-
2503.02379	D	-
2503.02623	D	-
2503.03039	D	-
2503.03796	D	-
2503.04280	D	-
2503.04697	K	RE
2503.04808	K	TR
2503.05379	D	-
2503.05453	K	TR
2503.05592	K	TR
2503.06034	D	-
2503.06358	D	-
2503.06514	D	-
2503.06639	K	TR
2503.06749	D	-
2503.06781	D	-
2503.07065	D	-
2503.07365	D	-
2503.07453	K	TR
2503.07608	D	-
2503.08123	D	-
2503.08716	D	-
2503.08997	D	-
2503.09025	D	-
2503.09501	D	-
2503.09512	D	-
2503.09516	K	TR
2503.10049	D	-
2503.11486	K	MR
2503.12542	D	-
2503.12797	D	-
2503.13538	D	-
2503.13939	D	-
2503.14286	K	TR
2503.14476	K	TR
2503.15129	D	-
2503.15726	D	-
2503.16081	D	-
2503.16219	K	TR
2503.16724	D	-
2503.16965	D	-
2503.17125	D	-
2503.17287	K	TR
2503.17965	D	-
2503.18130	D	-
2503.18432	D	-
2503.18892	K	TR
2503.18991	D	-
2503.19007	D	-
2503.19470	D	-
2503.19523	D	-
2503.19595	K	TR
2503.19618	K	TR
2503.20194	D	-
2503.20752	D	-
2503.20783	K	TR
2503.21620	D	-
2503.21683	D	-
2503.21807	D	-
2503.21819	D	-
2503.21983	D	-
2503.22137	D	-
2503.22230	D	-
2503.22342	K	TR
2503.22456	K	TR
2503.22480	D	-
2503.23157	D	-
2503.23303	D	-
2503.23383	K	TR
2503.23766	D	-
2503.23829	K	TR
2503.23905	D	-
2503.24289	D	-
2504.00829	D	-
2504.00907	D	-
2504.01296	K	RE
2504.01805	D	-
2504.01871	D	-
2504.01886	D	-
2504.02273	D	-
2504.02281	D	-
2504.02546	K	TR
2504.02590	D	-
2504.02894	D	-
2504.02949	D	-
2504.03153	D	-
2504.03160	D	-
2504.03185	D	-
2504.03206	D	-
2504.03380	K	TR
2504.03622	D	-
2504.03713	D	-
2504.03724	D	-
2504.03784	D	-
2504.04395	D	-
2504.04524	K	TR
2504.04657	D	-
2504.04950	D	-
2504.05108	D	-
2504.05118	K	TR
2504.07615	D	-
2504.08590	D	-
2504.08772	D	-
2504.08837	D	-
2504.08999	D	-
2504.09037	D	-
2504.09192	D	-
2504.09258	D	-
2504.09696	K	RE
2504.10160	D	-
2504.11343	K	TR
2504.11468	D	-
2504.11536	K	TR
2504.11914	D	-
2504.12501	K	TR
2504.12522	D	-
2504.12961	D	-
2504.13055	D	-
2504.13592	D	-
2504.13617	D	-
2504.13818	K	TR
2504.13837	K	TR
2504.13950	D	-
2504.13958	D	-
2504.13972	D	-
2504.14177	D	-
2504.14286	K	TR
2504.14363	D	-
2504.14520	D	-
2504.14642	D	-
2504.14870	D	-
2504.14945	K	TR
2504.15077	D	-
2504.15472	D	-
2504.15716	D	-
2504.15804	D	-
2504.16084	K	TR
2504.17356	D	-
2504.18376	D	-
2504.18453	D	-
2504.18458	D	-
2504.18587	D	-
2504.19480	D	-
2504.19599	K	TR
2504.19660	D	-
2504.20073	K	TR
2504.20157	D	-
2504.20464	D	-
2504.20571	K	TR
2504.20834	K	TR
2505.00016	D	-
2505.00530	D	-
2505.00551	K	TR
2505.01441	K	TR
2505.02156	D	-
2505.02387	K	TR
2505.02483	D	-
2505.02579	D	-
2505.02686	D	-
2505.02835	D	-
2505.03209	D	-
2505.03238	D	-
2505.03335	K	TR
2505.03792	D	-
2505.04588	K	TR
2505.05470	D	-
2505.06284	D	-
2505.06408	D	-
2505.06548	D	-
2505.06875	D	-
2505.07274	D	-
2505.07527	D	-
2505.07818	D	-
2505.07903	D	-
2505.08295	D	-
2505.08448	D	-
2505.08827	K	TR
2505.09439	D	-
2505.09576	D	-
2505.09655	D	-
2505.10010	D	-
2505.10218	D	-
2505.10320	D	-
2505.10861	D	-
2505.10978	K	TR
2505.11225	K	RE
2505.11404	D	-
2505.11475	D	-
2505.11614	D	-
2505.11711	K	TR
2505.11718	D	-
2505.11792	D	-
2505.11807	D	-
2505.11821	D	-
2505.11827	D	-
2505.11849	D	-
2505.11893	D	-
2505.11896	K	RE
2505.12081	D	-
2505.12099	D	-
2505.12346	D	-
2505.12366	K	TR
2505.12380	D	-
2505.12396	D	-
2505.12415	D	-
2505.12493	D	-
2505.12504	K	TR
2505.12723	D	-
2505.12768	D	-
2505.12843	D	-
2505.12929	K	TR
2505.12996	D	-
2505.13026	D	-
2505.13258	D	-
2505.13346	D	-
2505.13379	K	RE
2505.13426	D	-
2505.13438	K	RE
2505.13445	K	TR
2505.13638	D	-
2505.13697	K	TR
2505.13973	D	-
2505.14069	D	-
2505.14140	D	-
2505.14147	D	-
2505.14197	D	-
2505.14231	D	-
2505.14264	D	-
2505.14403	K	TR
2505.14412	D	-
2505.14585	D	-
2505.14677	D	-
2505.14946	D	-
2505.15062	D	-
2505.15074	D	-
2505.15117	D	-
2505.15201	K	TR
2505.15293	D	-
2505.15306	D	-
2505.15311	K	TR
2505.15447	D	-
2505.15607	D	-
2505.15692	D	-
2505.15776	D	-
2505.15793	D	-
2505.15795	D	-
2505.15879	D	-
2505.15966	D	-
2505.16022	K	TR
2505.16265	K	TR
2505.16282	D	-
2505.16368	D	-
2505.16377	D	-
2505.16400	K	TR
2505.16410	D	-
2505.16421	D	-
2505.16483	D	-
2505.16517	D	-
2505.16637	D	-
2505.16673	D	-
2505.16810	D	-
2505.16826	D	-
2505.16854	D	-
2505.17005	D	-
2505.17022	D	-
2505.17086	D	-
2505.17218	K	TR
2505.17249	D	-
2505.17281	D	-
2505.17391	D	-
2505.17621	D	-
2505.17652	K	TR
2505.17795	D	-
2505.17988	D	-
2505.17989	D	-
2505.18116	K	TR
2505.18129	D	-
2505.18499	D	-
2505.18531	D	-
2505.18573	D	-
2505.18830	K	TR
2505.18831	D	-
2505.18917	K	TR
2505.19000	D	-
2505.19213	D	-
2505.19255	D	-
2505.19439	D	-
2505.19501	D	-
2505.19590	K	TR
2505.19630	D	-
2505.19640	K	RE
2505.19713	D	-
2505.19714	D	-
2505.19761	D	-
2505.19964	D	-
2505.20256	D	-
2505.20272	D	-
2505.20347	D	-
2505.20417	D	-
2505.20573	D	-
2505.20622	D	-
2505.20671	D	-
2505.20686	K	TR
2505.20777	D	-
2505.20793	D	-
2505.20825	D	-
2505.21045	D	-
2505.21172	D	-
2505.21178	K	RE
2505.21457	D	-
2505.21668	D	-
2505.21807	D	-
2505.21908	D	-
2505.22068	D	-
2505.22203	K	TR
2505.22334	D	-
2505.22338	D	-
2505.22617	K	TR
2505.22756	D	-
2505.22914	D	-
2505.22928	D	-
2505.22942	D	-
2505.23247	D	-
2505.23265	D	-
2505.23349	D	-
2505.23363	K	TR
2505.23387	D	-
2505.23433	D	-
2505.23564	K	TR
2505.23585	K	TR
2505.23590	D	-
2505.23667	D	-
2505.23678	D	-
2505.23754	D	-
2505.23794	D	-
2505.23848	D	-
2505.23857	D	-
2505.23865	D	-
2505.23867	D	-
2505.23912	D	-
2505.23927	D	-
2505.24105	D	-
2505.24164	D	-
2505.24183	D	-
2505.24252	D	-
2505.24332	D	-
2505.24499	D	-
2505.24500	D	-
2505.24630	D	-
2505.24726	D	-
2505.24760	K	TD
2505.24864	K	TR
2506.00103	D	-
2506.00296	D	-
2506.00439	D	-
2506.00576	D	-
2506.00577	D	-
2506.00711	D	-
2506.00782	D	-
2506.00819	D	-
2506.01096	K	TR
2506.01347	K	TR
2506.01413	D	-
2506.01480	D	-
2506.01523	D	-
2506.01538	D	-
2506.01710	D	-
2506.01713	D	-
2506.01725	D	-
2506.01908	D	-
2506.01939	K	TR
2506.02048	D	-
2506.02096	D	-
2506.02177	K	TR
2506.02211	D	-
2506.02281	K	TR
2506.02355	K	TR
2506.02553	D	-
2506.02718	D	-
2506.02864	D	-
2506.02911	D	-
2506.03106	D	-
2506.03122	D	-
2506.03136	K	TR
2506.03921	D	-
2506.04063	D	-
2506.04070	D	-
2506.04185	D	-
2506.04207	D	-
2506.04245	D	-
2506.04302	D	-
2506.04723	D	-
2506.04746	D	-
2506.04821	D	-
2506.05070	D	-
2506.05183	K	TR
2506.05384	D	-
2506.05760	D	-
2506.05850	D	-
2506.06093	D	-
2506.06303	K	TR
2506.06316	D	-
2506.06376	D	-
2506.06632	D	-
2506.07160	D	-
2506.07218	D	-
2506.07411	D	-
2506.07468	D	-
2506.07492	D	-
2506.07527	K	TR
2506.07553	D	-
2506.07976	D	-
2506.08022	D	-
2506.08125	K	RE
2506.08388	K	TR
2506.08507	D	-
2506.08745	D	-
2506.08989	K	TR
2506.09033	D	-
2506.09340	D	-
2506.09942	K	TR
2506.10128	D	-
2506.10353	D	-
2506.10947	K	TR
2506.11027	D	-
2506.11081	D	-
2506.11425	D	-
2506.11870	D	-
2506.12217	D	-
2506.12307	D	-
2506.12801	D	-
2506.13351	D	-
2506.13363	D	-
2506.13474	D	-
2506.13702	D	-
2506.13923	D	-
2506.14045	D	-
2506.14245	K	TR
2506.14574	D	-
2506.14821	D	-
2506.14965	K	TR
2506.15050	K	TR
2506.15068	D	-
2506.15082	D	-
2506.15522	D	-
2506.15651	D	-
2506.15701	D	-
2506.16141	D	-
2506.17124	D	-
2506.17211	D	-
2506.17219	K	TR
2506.17828	D	-
2506.17967	D	-
2506.18048	D	-
2506.18234	D	-
2506.18254	K	TR
2506.18485	D	-
2506.18564	D	-
2506.18631	D	-
2506.18670	D	-
2506.18841	K	TR
2506.19235	D	-
2506.19466	D	-
2506.19467	D	-
2506.19469	D	-
2506.19733	K	TR
2506.19807	D	-
2506.19846	D	-
2506.20332	D	-
2506.20495	D	-
2506.20512	K	TP
2506.20520	K	TR
2506.21495	K	TR
2506.21560	D	-
2506.21575	D	-
2506.21655	D	-
2506.21980	D	-
2506.22005	D	-
2506.22200	D	-
2506.22578	D	-
2506.22708	D	-
2506.22832	D	-
2506.22950	K	TR
2506.23061	D	-
2506.23127	D	-
2506.23235	D	-
2506.23667	D	-
2506.23998	D	-
2506.24119	K	TR
2507.00024	D	-
2507.00748	D	-
2507.01327	D	-
2507.01489	D	-
2507.01551	D	-
2507.01915	D	-
2507.02626	D	-
2507.02804	D	-
2507.02851	D	-
2507.03018	D	-
2507.03051	D	-
2507.03069	D	-
2507.03112	D	-
2507.03498	D	-
2507.04099	D	-
2507.04136	K	TR
2507.04642	D	-
2507.04702	D	-
2507.04736	D	-
2507.05687	K	SK
2507.05911	D	-
2507.05920	D	-
2507.06448	D	-
2507.06573	D	-
2507.06892	K	TR
2507.06920	D	-
2507.07017	D	-
2507.07340	D	-
2507.07375	D	-
2507.07451	K	TR
2507.07498	D	-
2507.07966	D	-
2507.08068	K	TR
2507.08267	D	-
2507.08270	D	-
2507.08306	D	-
2507.08649	D	-
2507.08705	D	-
2507.08794	K	TR
2507.09016	D	-
2507.09104	D	-
2507.09279	D	-
2507.09638	D	-
2507.09884	D	-
2507.10026	D	-
2507.10259	D	-
2507.10284	D	-
2507.10532	K	TR
2507.10616	K	TR
2507.10628	D	-
2507.11155	D	-
2507.11371	D	-
2507.12215	D	-
2507.12483	D	-
2507.12507	K	TR
2507.12642	D	-
2507.12666	D	-
2507.12911	D	-
2507.13142	D	-
2507.13158	D	-
2507.13348	K	XV
2507.13362	D	-
2507.13579	D	-
2507.13710	D	-
2507.13712	D	-
2507.14111	K	SK
2507.14295	D	-
2507.14683	K	TR
2507.14843	K	TR
2507.14897	K	TR
2507.14987	D	-
2507.14995	D	-
2507.15275	D	-
2507.15586	D	-
2507.15778	D	-
2507.15788	D	-
2507.15849	D	-
2507.15906	D	-
2507.16382	D	-
2507.16727	D	-
2507.16951	D	-
2507.17107	K	TR
2507.17147	D	-
2507.17365	D	-
2507.17512	K	TR
2507.17515	D	-
2507.17548	D	-
2507.17668	D	-
2507.17746	K	TR
2507.18071	K	TR
2507.18113	D	-
2507.18391	D	-
2507.18433	D	-
2507.18560	D	-
2507.18809	D	-
2507.19213	D	-
2507.19457	K	TR
2507.19766	K	TR
2507.19849	K	TR
2507.20187	D	-
2507.20335	D	-
2507.20673	K	TR
2507.21274	D	-
2507.21619	D	-
2507.21836	D	-
2507.21848	D	-
2507.21892	D	-
2507.21931	D	-
2507.21983	D	-
2507.22010	D	-
2507.22025	D	-
2507.22028	D	-
2507.22037	D	-
2507.22565	D	-
2507.22607	D	-
2507.22744	D	-
2507.22789	K	TR
2507.22940	D	-
2507.23478	D	-
2507.23541	D	-
2507.23581	D	-
2507.23698	D	-
2508.00222	K	TR
2508.00344	D	-
2508.00410	D	-
2508.01273	D	-
2508.01604	D	-
2508.02091	D	-
2508.02150	D	-
2508.02258	D	-
2508.02260	K	TR
2508.02298	D	-
2508.02366	D	-
2508.02458	D	-
2508.02669	D	-
2508.02833	D	-
2508.03012	D	-
2508.03058	D	-
2508.03346	K	RE
2508.03501	K	TR
2508.03680	K	TR
2508.03733	D	-
2508.03772	K	TR
2508.03864	D	-
2508.04138	D	-
2508.04175	D	-
2508.04182	D	-
2508.04280	D	-
2508.04349	D	-
2508.04389	D	-
2508.04524	D	-
2508.04632	D	-
2508.04652	D	-
2508.04660	D	-
2508.04748	D	-
2508.04865	D	-
2508.05118	D	-
2508.05170	D	-
2508.05289	D	-
2508.05383	D	-
2508.05428	D	-
2508.05433	D	-
2508.05612	D	-
2508.05613	K	TR
2508.05629	K	TR
2508.05710	D	-
2508.05928	D	-
2508.06165	D	-
2508.06206	D	-
2508.06317	D	-
2508.07137	D	-
2508.07313	D	-
2508.07382	D	-
2508.07534	K	TR
2508.07629	K	TR
2508.07681	D	-
2508.07750	D	-
2508.07809	D	-
2508.07956	D	-
2508.08039	D	-
2508.08189	D	-
2508.08221	K	TR
2508.08404	D	-
2508.08589	D	-
2508.08641	D	-
2508.08791	D	-
2508.09155	D	-
2508.09303	D	-
2508.09521	D	-
2508.09670	D	-
2508.09804	D	-
2508.10118	D	-
2508.10123	D	-
2508.10337	D	-
2508.10355	D	-
2508.10371	D	-
2508.10701	D	-
2508.10751	K	TR
2508.10839	D	-
2508.10874	D	-
2508.11016	D	-
2508.11196	D	-
2508.11350	D	-
2508.11356	D	-
2508.11408	K	TR
2508.11800	D	-
2508.12165	D	-
2508.12281	D	-
2508.12338	D	-
2508.12551	D	-
2508.12628	D	-
2508.12790	K	TR
2508.12935	D	-
2508.13023	D	-
2508.13514	D	-
2508.13579	D	-
2508.13587	D	-
2508.13755	K	TR
2508.14029	K	TR
2508.14076	D	-
2508.14094	D	-
2508.14460	D	-
2508.15693	D	-
2508.16315	D	-
2508.16438	D	-
2508.16546	K	TR
2508.16741	D	-
2508.16947	D	-
2508.16949	D	-
2508.17000	D	-
2508.17445	K	TR
2508.17703	D	-
2508.18321	D	-
2508.18420	D	-
2508.18462	D	-
2508.18588	K	TR
2508.18610	D	-
2508.18669	D	-
2508.18780	D	-
2508.18884	D	-
2508.19481	D	-
2508.19598	D	-
2508.19828	D	-
2508.20018	D	-
2508.20368	D	-
2508.20549	D	-
2508.20697	D	-
2508.20907	D	-
2508.21016	D	-
2508.21107	D	-
2508.21201	D	-
2508.21365	D	-
2509.00125	D	-
2509.00347	D	-
2509.00971	D	-
2509.00975	D	-
2509.01055	K	TR
2509.01321	D	-
2509.01393	D	-
2509.02164	D	-
2509.02333	D	-
2509.02401	D	-
2509.02479	K	TR
2509.02522	D	-
2509.02547	K	TR
2509.03537	D	-
2509.03646	K	TR
2509.03817	D	-
2509.03906	D	-
2509.04501	D	-
2509.04809	D	-
2509.04903	D	-
2509.05042	D	-
2509.05311	D	-
2509.05489	D	-
2509.05818	D	-
2509.06239	D	-
2509.06283	D	-
2509.06759	D	-
2509.06923	D	-
2509.06948	D	-
2509.06980	D	-
2509.07006	D	-
2509.07150	D	-
2509.07159	D	-
2509.07430	K	TR
2509.07558	D	-
2509.08329	D	-
2509.08721	D	-
2509.08755	K	TR
2509.08785	D	-
2509.08827	K	TR
2509.09082	D	-
2509.09177	D	-
2509.09356	D	-
2509.09675	D	-
2509.09712	D	-
2509.09751	D	-
2509.09852	D	-
2509.09942	D	-
2509.11420	D	-
2509.11452	D	-
2509.12867	D	-
2509.12936	D	-
2509.13031	D	-
2509.13081	D	-
2509.13232	K	TR
2509.13313	D	-
2509.13368	D	-
2509.14234	K	TR
2509.14480	D	-
2509.14680	D	-
2509.14693	D	-
2509.14851	D	-
2509.15154	D	-
2509.15194	D	-
2509.15207	K	TR
2509.15279	D	-
2509.15557	D	-
2509.15654	D	-
2509.15690	D	-
2509.16136	D	-
2509.16360	D	-
2509.16591	D	-
2509.16615	D	-
2509.16679	D	-
2509.16889	D	-
2509.16990	D	-
2509.17105	D	-
2509.17191	D	-
2509.17380	D	-
2509.17730	D	-
2509.17917	D	-
2509.18056	D	-
2509.18083	D	-
2509.18167	D	-
2509.18314	D	-
2509.18521	K	TR
2509.18569	D	-
2509.18719	D	-
2509.18849	D	-
2509.18851	D	-
2509.19104	D	-
2509.19128	K	TR
2509.19199	D	-
2509.19631	D	-
2509.19775	D	-
2509.19803	D	-
2509.19841	D	-
2509.19893	D	-
2509.20105	D	-
2509.20162	D	-
2509.20357	K	TR
2509.20384	D	-
2509.20616	D	-
2509.20712	D	-
2509.21009	K	TR
2509.21044	D	-
2509.21050	D	-
2509.21128	K	TR
2509.21134	D	-
2509.21268	D	-
2509.21282	K	TR
2509.21319	D	-
2509.21459	D	-
2509.21482	D	-
2509.21613	D	-
2509.21737	D	-
2509.21798	D	-
2509.21828	D	-
2509.21842	D	-
2509.21854	D	-
2509.21871	D	-
2509.21880	D	-
2509.21882	D	-
2509.22008	D	-
2509.22115	D	-
2509.22283	D	-
2509.22576	D	-
2509.22601	D	-
2509.22611	K	TR
2509.22613	D	-
2509.22624	D	-
2509.22633	D	-
2509.22644	D	-
2509.22812	D	-
2509.22824	D	-
2509.22906	D	-
2509.23095	D	-
2509.23129	D	-
2509.23140	D	-
2509.23156	D	-
2509.23219	D	-
2509.23232	K	TR
2509.23370	D	-
2509.23558	D	-
2509.23629	D	-
2509.23652	D	-
2509.23657	D	-
2509.23730	D	-
2509.23746	D	-
2509.23765	D	-
2509.23808	D	-
2509.23863	K	TR
2509.23962	D	-
2509.23967	K	RE
2509.24159	D	-
2509.24203	K	TR
2509.24261	D	-
2509.24372	K	TR
2509.24713	D	-
2509.24981	K	TR
2509.25004	D	-
2509.25034	D	-
2509.25133	K	TR
2509.25176	K	RE
2509.25190	D	-
2509.25196	D	-
2509.25243	D	-
2509.25267	D	-
2509.25279	K	TR
2509.25300	K	TR
2509.25409	D	-
2509.25534	D	-
2509.25541	D	-
2509.25543	D	-
2509.25598	D	-
2509.25666	D	-
2509.25758	D	-
2509.25760	D	-
2509.25762	K	TR
2509.25787	D	-
2509.25808	D	-
2509.25848	D	-
2509.25849	K	TR
2509.25911	D	-
2509.25987	D	-
2509.26114	K	TR
2509.26209	D	-
2509.26313	D	-
2509.26383	D	-
2510.00023	D	-
2510.00072	D	-
2510.00194	D	-
2510.00319	D	-
2510.00553	K	TR
2510.00690	D	-
2510.00819	D	-
2510.00861	D	-
2510.00911	D	-
2510.00915	D	-
2510.00938	D	-
2510.00977	K	TR
2510.01037	D	-
2510.01051	K	TR
2510.01132	K	TR
2510.01135	K	TR
2510.01161	K	TR
2510.01167	D	-
2510.01180	K	TR
2510.01236	D	-
2510.01444	D	-
2510.01459	D	-
2510.01527	D	-
2510.01571	D	-
2510.01586	D	-
2510.01624	K	TR
2510.01656	K	TR
2510.01681	D	-
2510.01832	D	-
2510.01833	D	-
2510.01857	D	-
2510.01932	D	-
2510.02172	D	-
2510.02173	D	-
2510.02227	D	-
2510.02230	K	TR
2510.02240	D	-
2510.02245	K	TR
2510.02282	D	-
2510.02286	D	-
2510.02892	D	-
2510.03222	K	TR
2510.03394	D	-
2510.03520	D	-
2510.03669	D	-
2510.03817	K	TR
2510.03865	D	-
2510.04028	K	TR
2510.04045	D	-
2510.04072	D	-
2510.04080	D	-
2510.04096	D	-
2510.04097	D	-
2510.04140	D	-
2510.04206	K	TR
2510.04214	D	-
2510.04284	D	-
2510.04392	D	-
2510.04454	D	-
2510.04506	D	-
2510.04678	D	-
2510.04765	D	-
2510.04786	D	-
2510.04885	D	-
2510.04935	D	-
2510.05251	K	TR
2510.05442	D	-
2510.05526	D	-
2510.05592	D	-
2510.05758	D	-
2510.05837	D	-
2510.05943	K	TR
2510.06040	D	-
2510.06062	D	-
2510.06064	D	-
2510.06092	D	-
2510.06214	D	-
2510.06672	D	-
2510.06825	D	-
2510.06870	D	-
2510.06871	D	-
2510.07038	D	-
2510.07300	D	-
2510.07312	D	-
2510.07363	D	-
2510.07737	D	-
2510.07790	D	-
2510.07958	D	-
2510.07972	D	-
2510.08048	D	-
2510.08141	D	-
2510.08191	K	TR
2510.08325	D	-
2510.08425	D	-
2510.08439	D	-
2510.08539	K	TR
2510.08540	D	-
2510.08630	D	-
2510.08696	D	-
2510.08779	D	-
2510.08892	D	-
2510.08899	D	-
2510.08977	D	-
2510.09001	D	-
2510.09156	D	-
2510.09255	D	-
2510.09259	D	-
2510.09285	D	-
2510.09369	D	-
2510.09388	D	-
2510.09474	D	-
2510.09577	D	-
2510.10008	D	-
2510.10009	D	-
2510.10104	D	-
2510.10150	D	-
2510.10201	D	-
2510.10207	D	-
2510.10448	D	-
2510.10526	D	-
2510.10649	D	-
2510.10895	D	-
2510.10959	D	-
2510.10973	D	-
2510.10976	D	-
2510.11062	D	-
2510.11121	D	-
2510.11122	D	-
2510.11184	D	-
2510.11345	K	TR
2510.11495	K	TR
2510.11696	K	TR
2510.11701	K	TR
2510.12264	D	-
2510.12633	K	TR
2510.12643	D	-
2510.12693	D	-
2510.13229	D	-
2510.13272	D	-
2510.13312	D	-
2510.13551	D	-
2510.13554	D	-
2510.13651	K	TR
2510.13694	D	-
2510.13786	K	TR
2510.14176	D	-
2510.14200	D	-
2510.14264	D	-
2510.14420	D	-
2510.14635	D	-
2510.14738	D	-
2510.14807	D	-
2510.14900	D	-
2510.14943	D	-
2510.14967	D	-
2510.15165	D	-
2510.15191	D	-
2510.15216	D	-
2510.15242	D	-
2510.15339	D	-
2510.15374	K	RE
2510.15499	D	-
2510.15716	D	-
2510.15862	D	-
2510.15979	D	-
2510.15990	D	-
2510.16054	D	-
2510.16340	D	-
2510.16476	D	-
2510.16552	D	-
2510.16555	D	-
2510.16614	D	-
2510.16724	D	-
2510.17139	D	-
2510.17402	D	-
2510.17431	D	-
2510.17532	D	-
2510.17923	D	-
2510.17928	D	-
2510.18032	D	-
2510.18053	D	-
2510.18176	D	-
2510.18471	D	-
2510.18713	D	-
2510.18731	D	-
2510.18821	D	-
2510.18849	D	-
2510.18895	D	-
2510.18913	D	-
2510.18924	D	-
2510.18927	K	TR
2510.19173	D	-
2510.19225	K	TR
2510.19268	D	-
2510.19325	D	-
2510.19363	K	TR
2510.19626	D	-
2510.19807	D	-
2510.19817	D	-
2510.19893	D	-
2510.20150	D	-
2510.20176	D	-
2510.20187	D	-
2510.20358	D	-
2510.20369	D	-
2510.20413	D	-
2510.20691	D	-
2510.21053	D	-
2510.21059	D	-
2510.21090	D	-
2510.21306	D	-
2510.21398	D	-
2510.21830	D	-
2510.21853	K	TR
2510.21978	D	-
2510.22126	D	-
2510.22255	D	-
2510.22282	D	-
2510.22543	D	-
2510.22832	D	-
2510.22892	D	-
2510.23038	D	-
2510.23272	D	-
2510.23486	K	RE
2510.23595	D	-
2510.23596	D	-
2510.23868	D	-
2510.24126	D	-
2510.24235	D	-
2510.24259	D	-
2510.24320	D	-
2510.24636	D	-
2510.24652	D	-
2510.24832	D	-
2510.25320	D	-
2510.25510	D	-
2510.25528	D	-
2510.25668	D	-
2510.26020	D	-
2510.26109	D	-
2510.26270	D	-
2510.26491	D	-
2510.26519	D	-
2510.26575	D	-
2510.27044	D	-
2510.27072	K	TR
2510.27210	D	-
2510.27606	D	-
2510.27630	D	-
2511.00066	D	-
2511.00116	D	-
2511.00222	D	-
2511.00389	D	-
2511.00396	D	-
2511.00602	D	-
2511.00710	D	-
2511.00794	D	-
2511.00808	D	-
2511.01008	D	-
2511.01016	D	-
2511.01104	D	-
2511.01758	D	-
2511.01937	K	RE
2511.02303	D	-
2511.02463	D	-
2511.02755	D	-
2511.02805	D	-
2511.03710	D	-
2511.03724	D	-
2511.03939	D	-
2511.04131	D	-
2511.04256	D	-
2511.04285	D	-
2511.04286	D	-
2511.04439	D	-
2511.04800	D	-
2511.05094	D	-
2511.05393	D	-
2511.05589	K	TR
2511.05867	D	-
2511.05933	D	-
2511.05993	D	-
2511.06023	D	-
2511.06065	D	-
2511.06134	D	-
2511.06260	D	-
2511.06380	D	-
2511.06411	K	RL
2511.06618	D	-
2511.06722	D	-
2511.07317	K	TR
2511.07738	D	-
2511.07833	D	-
2511.07922	D	-
2511.08195	D	-
2511.08555	D	-
2511.08567	K	TR
2511.08873	D	-
2511.09092	D	-
2511.09105	D	-
2511.09109	D	-
2511.09222	D	-
2511.09478	D	-
2511.09693	D	-
2511.09780	D	-
2511.09873	D	-
2511.09998	D	-
2511.10279	D	-
2511.10303	D	-
2511.10507	D	-
2511.11500	D	-
2511.11828	D	-
2511.11881	D	-
2511.11884	D	-
2511.12003	D	-
2511.12033	D	-
2511.12271	D	-
2511.12344	D	-
2511.12365	D	-
2511.12429	D	-
2511.12573	D	-
2511.12596	D	-
2511.12751	D	-
2511.12867	D	-
2511.12876	D	-
2511.12908	D	-
2511.12982	D	-
2511.13027	D	-
2511.13288	D	-
2511.13885	D	-
2511.14045	D	-
2511.14460	D	-
2511.14617	K	TR
2511.14846	D	-
2511.15256	D	-
2511.15661	D	-
2511.15694	K	QG
2511.16073	D	-
2511.16193	K	TR
2511.16231	D	-
2511.16483	D	-
2511.17300	D	-
2511.17473	D	-
2511.17630	D	-
2511.17927	D	-
2511.17938	D	-
2511.18084	D	-
2511.18437	D	-
2511.18871	K	TR
2511.18977	D	-
2511.19343	D	-
2511.19355	D	-
2511.19368	D	-
2511.19773	D	-
2511.19972	D	-
2511.20347	K	TR
2511.20468	D	-
2511.20718	K	TR
2511.20814	D	-
2511.20993	D	-
2511.21005	D	-
2511.21050	D	-
2511.21270	D	-
2511.21638	D	-
2511.21928	D	-
2511.22018	D	-
2511.22217	D	-
2511.22235	D	-
2511.22645	D	-
2511.23310	D	-
2511.23478	D	-
2512.00048	D	-
2512.00499	D	-
2512.00601	D	-
2512.00709	D	-
2512.00778	D	-
2512.00908	D	-
2512.01224	D	-
2512.01282	D	-
2512.01374	K	TR
2512.01485	D	-
2512.01848	D	-
2512.01925	D	-
2512.01945	D	-
2512.02423	D	-
2512.02551	K	SK
2512.02580	D	-
2512.02807	D	-
2512.02882	D	-
2512.03438	D	-
2512.03722	D	-
2512.03847	D	-
2512.03882	D	-
2512.03963	D	-
2512.04220	K	TR
2512.04359	D	-
2512.04552	D	-
2512.04752	K	TR
2512.05105	D	-
2512.05172	D	-
2512.05591	D	-
2512.05686	D	-
2512.06060	D	-
2512.06258	D	-
2512.06328	D	-
2512.06337	D	-
2512.06351	D	-
2512.06392	K	TR
2512.06533	D	-
2512.06547	K	TR
2512.06920	D	-
2512.07407	D	-
2512.07478	D	-
2512.07558	D	-
2512.07611	D	-
2512.08131	D	-
2512.08786	D	-
2512.08944	D	-
2512.09349	D	-
2512.09485	D	-
2512.09487	D	-
2512.09829	D	-
2512.09872	D	-
2512.10414	D	-
2512.10534	D	-
2512.10601	D	-
2512.10691	D	-
2512.10756	D	-
2512.10999	D	-
2512.11277	D	-
2512.11391	D	-
2512.11816	K	RL
2512.11930	D	-
2512.12387	D	-
2512.12476	K	TR
2512.12487	D	-
2512.12576	D	-
2512.12706	D	-
2512.12716	D	-
2512.12858	D	-
2512.12922	D	-
2512.13070	D	-
2512.13106	D	-
2512.13159	D	-
2512.13635	D	-
2512.13668	D	-
2512.13762	D	-
2512.13837	D	-
2512.14100	D	-
2512.14698	D	-
2512.14944	D	-
2512.15274	D	-
2512.15687	D	-
2512.15973	D	-
2512.16301	D	-
2512.16565	D	-
2512.16883	D	-
2512.16912	K	TR
2512.17008	D	-
2512.17102	D	-
2512.17213	D	-
2512.17375	D	-
2512.17636	D	-
2512.17920	D	-
2512.18215	D	-
2512.18571	D	-
2512.18599	D	-
2512.18730	D	-
2512.18857	D	-
2512.19302	D	-
2512.19317	D	-
2512.19512	D	-
2512.19554	D	-
2512.19673	D	-
2512.19920	D	-
2512.20061	D	-
2512.20082	D	-
2512.20173	D	-
2512.20312	D	-
2512.20605	D	-
2512.20760	D	-
2512.20884	D	-
2512.20957	D	-
2512.21351	D	-
2512.21625	D	-
2512.22492	K	TR
2512.22631	D	-
2512.22650	D	-
2512.23075	K	TR
2512.23090	D	-
2512.23457	D	-
2512.23461	D	-
2512.23515	D	-
2512.23760	D	-
2512.24263	D	-
2512.24330	D	-
2512.24532	D	-
2512.24609	D	-
2512.25063	D	-
2601.00095	D	-
2601.00215	D	-
2601.00868	D	-
2601.00885	D	-
2601.01184	D	-
2601.01195	D	-
2601.01569	D	-
2601.01904	D	-
2601.02021	D	-
2601.02511	D	-
2601.02514	D	-
2601.02602	D	-
2601.02648	D	-
2601.02983	D	-
2601.03111	D	-
2601.03164	D	-
2601.03205	D	-
2601.03248	D	-
2601.03320	D	-
2601.03321	D	-
2601.03661	D	-
2601.03703	D	-
2601.03715	D	-
2601.03723	D	-
2601.03781	D	-
2601.03895	D	-
2601.03948	D	-
2601.04118	D	-
2601.04208	D	-
2601.04334	D	-
2601.04411	D	-
2601.04521	D	-
2601.04525	D	-
2601.04537	K	TR
2601.04672	D	-
2601.04700	D	-
2601.04731	D	-
2601.04805	D	-
2601.05002	D	-
2601.05187	D	-
2601.05242	K	TR
2601.05459	D	-
2601.05466	D	-
2601.05475	D	-
2601.05578	D	-
2601.05607	D	-
2601.05688	D	-
2601.05870	D	-
2601.06021	D	-
2601.06052	K	RE
2601.06054	D	-
2601.06103	D	-
2601.06108	D	-
2601.06157	D	-
2601.06767	D	-
2601.06794	D	-
2601.06801	D	-
2601.06877	D	-
2601.07122	D	-
2601.07149	D	-
2601.07182	D	-
2601.07208	D	-
2601.07238	D	-
2601.07320	D	-
2601.07376	K	TR
2601.07389	K	TR
2601.07408	D	-
2601.07593	D	-
2601.07695	D	-
2601.07782	D	-
2601.08237	D	-
2601.08254	D	-
2601.08274	D	-
2601.08403	D	-
2601.08427	D	-
2601.08430	D	-
2601.08521	K	TR
2601.08763	D	-
2601.08842	D	-
2601.09083	K	TR
2601.09085	D	-
2601.09215	D	-
2601.09609	D	-
2601.09667	D	-
2601.09718	D	-
2601.09858	D	-
2601.10079	K	TR
2601.10187	D	-
2601.10201	D	-
2601.10306	D	-
2601.10744	D	-
2601.11037	D	-
2601.11061	D	-
2601.11144	D	-
2601.11574	D	-
2601.11864	K	TO
2601.11957	D	-
2601.11960	D	-
2601.12126	D	-
2601.12415	D	-
2601.12730	D	-
2601.12995	D	-
2601.13115	D	-
2601.13262	D	-
2601.13284	D	-
2601.13690	D	-
2601.13942	D	-
2601.14228	D	-
2601.14525	D	-
2601.14686	D	-
2601.14696	D	-
2601.14700	D	-
2601.14757	D	-
2601.15330	D	-
2601.15609	D	-
2601.15625	D	-
2601.15737	D	-
2601.16399	D	-
2601.16403	D	-
2601.16480	D	-
2601.16853	D	-
2601.17226	D	-
2601.17275	D	-
2601.17329	D	-
2601.17687	D	-
2601.17699	D	-
2601.17755	D	-
2601.17828	D	-
2601.18129	D	-
2601.18150	K	QT
2601.18207	D	-
2601.18292	D	-
2601.18510	D	-
2601.18533	D	-
2601.18582	D	-
2601.18779	K	TR
2601.19100	D	-
2601.19122	D	-
2601.19280	D	-
2601.19404	D	-
2601.19585	D	-
2601.19620	D	-
2601.20126	D	-
2601.20221	D	-
2601.20327	D	-
2601.20439	D	-
2601.20568	D	-
2601.20649	D	-
2601.20730	D	-
2601.20829	K	TR
2601.21192	D	-
2601.21212	D	-
2601.21244	D	-
2601.21268	D	-
2601.21459	D	-
2601.21598	K	RL
2601.21617	D	-
2601.21804	D	-
2601.21919	K	RE
2601.22149	D	-
2601.22297	D	-
2601.22397	D	-
2601.22432	D	-
2601.22448	D	-
2601.22478	D	-
2601.22511	D	-
2601.22582	D	-
2601.22595	D	-
2601.22648	D	-
2601.22664	D	-
2601.22718	K	TR
2601.22776	D	-
2601.22801	K	TR
2601.22803	D	-
2601.22975	K	TD
2601.23058	D	-
2601.23135	K	TR
2602.00173	D	-
2602.00426	D	-
2602.00453	D	-
2602.00482	K	TR
2602.00504	D	-
2602.00513	D	-
2602.00632	D	-
2602.00759	D	-
2602.00815	D	-
2602.00983	D	-
2602.00998	D	-
2602.01003	D	-
2602.01058	K	TR
2602.01062	D	-
2602.01081	D	-
2602.01202	D	-
2602.01365	D	-
2602.01511	D	-
2602.01523	D	-
2602.01528	D	-
2602.01603	D	-
2602.01685	D	-
2602.01698	D	-
2602.01705	D	-
2602.01791	D	-
2602.01869	D	-
2602.02192	K	TR
2602.02482	K	TR
2602.02545	D	-
2602.02555	K	TR
2602.02979	D	-
2602.03025	D	-
2602.03048	D	-
2602.03094	D	-
2602.03143	D	-
2602.03190	D	-
2602.03195	D	-
2602.03305	D	-
2602.03309	D	-
2602.03352	D	-
2602.03452	D	-
2602.03468	D	-
2602.03507	D	-
2602.03584	K	TR
2602.03876	D	-
2602.03978	D	-
2602.04265	D	-
2602.04278	D	-
2602.04290	D	-
2602.04380	D	-
2602.04417	K	TR
2602.04620	D	-
2602.04634	D	-
2602.04663	D	-
2602.04879	K	TR
2602.05165	D	-
2602.05183	D	-
2602.05261	K	TR
2602.05281	D	-
2602.05327	D	-
2602.05494	D	-
2602.05547	D	-
2602.05548	D	-
2602.05630	D	-
2602.05746	D	-
2602.05758	D	-
2602.05818	D	-
2602.05863	D	-
2602.05885	K	SK
2602.05890	D	-
2602.05897	D	-
2602.05940	D	-
2602.05946	D	-
2602.06107	K	TR
2602.06337	D	-
2602.06375	D	-
2602.06440	D	-
2602.06453	D	-
2602.06475	D	-
2602.06554	D	-
2602.06687	D	-
2602.06717	D	-
2602.06763	D	-
2602.06795	D	-
2602.06960	K	RE
2602.07186	D	-
2602.07333	D	-
2602.07422	D	-
2602.07559	D	-
2602.07774	D	-
2602.07848	D	-
2602.07906	D	-
2602.07992	D	-
2602.08234	D	-
2602.08237	K	TR
2602.08281	K	TR
2602.08377	D	-
2602.08382	D	-
2602.08489	D	-
2602.08499	D	-
2602.08503	D	-
2602.08600	D	-
2602.08819	D	-
2602.08847	D	-
2602.08934	D	-
2602.09000	D	-
2602.09173	D	-
2602.09305	D	-
2602.09331	D	-
2602.09375	D	-
2602.09598	D	-
2602.09782	D	-
2602.10006	D	-
2602.10019	D	-
2602.10224	D	-
2602.10437	D	-
2602.10576	D	-
2602.10609	D	-
2602.10623	D	-
2602.10635	D	-
2602.10693	K	TR
2602.10740	D	-
2602.10819	D	-
2602.11089	D	-
2602.11128	D	-
2602.11199	D	-
2602.11455	D	-
2602.11456	K	TR
2602.11549	K	TR
2602.11551	D	-
2602.11570	D	-
2602.11661	D	-
2602.11730	D	-
2602.11748	D	-
2602.11767	D	-
2602.11779	K	TR
2602.11780	D	-
2602.11792	D	-
2602.12014	D	-
2602.12036	D	-
2602.12049	D	-
2602.12146	D	-
2602.12244	D	-
2602.12268	D	-
2602.12529	D	-
2602.12566	K	TR
2602.12579	D	-
2602.12642	D	-
2602.13035	D	-
2602.13210	D	-
2602.13218	D	-
2602.13653	D	-
2602.13691	D	-
2602.13823	D	-
2602.13949	K	TR
2602.13953	K	TR
2602.14028	D	-
2602.14069	D	-
2602.14143	D	-
2602.14160	D	-
2602.14169	D	-
2602.14293	K	SK
2602.14338	K	TR
2602.14468	K	RE
2602.14482	D	-
2602.14697	D	-
2602.14868	D	-
2602.14872	K	TR
2602.15620	K	TR
2602.15849	D	-
2602.15894	D	-
2602.16165	D	-
2602.16704	K	AR
2602.16738	D	-
2602.16742	D	-
2602.16802	D	-
2602.16839	K	TR
2602.17550	K	TR
2602.17558	D	-
2602.17616	K	TR
2602.17684	D	-
2602.17930	D	-
2602.17931	D	-
2602.18037	K	TR
2602.19208	K	TR
2602.19327	D	-
2602.19345	D	-
2602.19362	K	TR
2602.19372	D	-
2602.19416	D	-
2602.19455	D	-
2602.19895	D	-
2602.20117	D	-
2602.20197	D	-
2602.20595	D	-
2602.20722	K	TR
2602.20728	D	-
2602.21269	D	-
2602.21420	D	-
2602.21534	K	TR
2602.21628	D	-
2602.21743	D	-
2602.22146	D	-
2602.22193	D	-
2602.22296	D	-
2602.22703	D	-
2602.22718	K	TR
2602.22751	D	-
2602.23008	D	-
2602.23239	D	-
2602.23802	D	-
2602.24110	D	-
2602.24235	D	-
2603.00152	D	-
2603.00461	D	-
2603.00656	D	-
2603.00724	D	-
2603.00963	K	TR
2603.00977	D	-
2603.01106	D	-
2603.01162	K	TR
2603.01225	D	-
2603.01283	D	-
2603.01335	D	-
2603.01409	D	-
2603.01464	D	-
2603.01488	D	-
2603.01696	D	-
2603.02146	K	TR
2603.02203	D	-
2603.02216	D	-
2603.02542	D	-
2603.02604	D	-
2603.02635	D	-
2603.02637	K	SK
2603.02675	D	-
2603.02680	D	-
2603.02701	D	-
2603.02939	D	-
2603.03072	D	-
2603.03078	D	-
2603.03197	D	-
2603.03680	D	-
2603.04135	K	TR
2603.04364	D	-
2603.04380	D	-
2603.04406	D	-
2603.04597	D	-
2603.04783	D	-
2603.04822	D	-
2603.04851	D	-
2603.04900	D	-
2603.04918	K	TR
2603.05863	D	-
2603.05900	D	-
2603.06065	D	-
2603.06194	D	-
2603.06243	D	-
2603.06604	D	-
2603.06619	K	TR
2603.06677	D	-
2603.06958	D	-
2603.07084	D	-
2603.07197	D	-
2603.07432	D	-
2603.07443	D	-
2603.07642	D	-
2603.07779	D	-
2603.07853	D	-
2603.07972	D	-
2603.08068	D	-
2603.08239	D	-
2603.08412	D	-
2603.08660	K	TR
2603.08754	D	-
2603.08933	D	-
2603.09117	D	-
2603.09478	D	-
2603.09538	D	-
2603.10009	D	-
2603.10101	D	-
2603.10476	D	-
2603.10535	K	RE
2603.10588	D	-
2603.10624	D	-
2603.10767	D	-
2603.10887	K	TR
2603.11193	D	-
2603.11321	D	-
2603.11351	D	-
2603.11372	D	-
2603.11661	D	-
2603.11665	D	-
2603.11682	K	TR
2603.11901	D	-
2603.12109	D	-
2603.12248	K	TR
2603.12788	D	-
2603.12826	D	-
2603.13019	K	TR
2603.13026	D	-
2603.13045	D	-
2603.13134	D	-
2603.13295	D	-
2603.13952	D	-
2603.13985	D	-
2603.14018	D	-
2603.14041	D	-
2603.14389	K	TR
2603.15011	D	-
2603.15061	D	-
2603.15417	D	-
2603.15611	D	-
2603.15724	D	-
2603.15981	D	-
2603.16060	D	-
2603.16140	K	TR
2603.16152	D	-
2603.16157	D	-
2603.16189	D	-
2603.16206	D	-
2603.16223	D	-
2603.16417	D	-
2603.16839	D	-
2603.16876	D	-
2603.17145	D	-
2603.17305	D	-
2603.17378	K	TR
2603.17673	D	-
2603.17829	D	-
2603.18079	D	-
2603.18118	D	-
2603.18315	D	-
2603.18444	D	-
2603.18533	K	RE
2603.18656	D	-
2603.18662	D	-
2603.18736	D	-
2603.18756	K	TR
2603.18815	K	TR
2603.18850	D	-
2603.18871	D	-
2603.19152	D	-
2603.19182	D	-
2603.19310	D	-
2603.19532	D	-
2603.19649	D	-
2603.19835	K	TR
2603.19880	D	-
2603.20004	D	-
2603.20046	D	-
2603.20678	D	-
2603.20799	D	-
2603.21016	D	-
2603.21175	D	-
2603.21177	K	TR
2603.21440	D	-
2603.21563	D	-
2603.21574	D	-
2603.21728	D	-
2603.21877	D	-
2603.21972	K	TR
2603.22117	K	TR
2603.22293	D	-
2603.22352	D	-
2603.22446	K	TR
2603.22829	D	-
2603.22847	D	-
2603.22892	D	-
2603.22944	D	-
2603.23355	K	TR
2603.23414	K	TR
2603.23500	D	-
2603.23550	D	-
2603.23951	K	TR
2603.23964	D	-
2603.24093	D	-
2603.24324	D	-
2603.24840	K	TR
2603.24883	D	-
2603.24989	D	-
2603.25021	D	-
2603.25077	D	-
2603.25184	K	TR
2603.25419	D	-
2603.26005	D	-
2603.27375	D	-
2603.27482	D	-
2603.27494	D	-
2603.27630	D	-
2603.27693	D	-
2603.27971	D	-
2603.27977	D	-
2603.28101	K	TR
2603.28204	D	-
2603.28618	D	-
2603.29493	D	-
2603.29608	D	-
2603.29871	D	-
2603.30022	D	-
2604.00013	D	-
2604.00344	D	-
2604.00438	D	-
2604.00442	D	-
2604.00479	D	-
2604.00722	D	-
2604.00790	D	-
2604.00860	K	TR
2604.00890	D	-
2604.01127	D	-
2604.01476	D	-
2604.01481	D	-
2604.01499	K	TR
2604.01591	D	-
2604.01597	K	TR
2604.01787	D	-
2604.01799	D	-
2604.01840	D	-
2604.02006	D	-
2604.02091	D	-
2604.02226	D	-
2604.02268	D	-
2604.02507	D	-
2604.02652	D	-
2604.02869	D	-
2604.03157	D	-
2604.03497	D	-
2604.03562	D	-
2604.03671	D	-
2604.03993	D	-
2604.04261	D	-
2604.04497	D	-
2604.04767	D	-
2604.04894	D	-
2604.05135	D	-
2604.05483	D	-
2604.05808	D	-
2604.05846	D	-
2604.06159	K	TR
2604.06385	D	-
2604.06618	D	-
2604.06621	D	-
2604.06804	D	-
2604.07165	D	-
2604.07426	D	-
2604.07666	K	TR
2604.07747	D	-
2604.07791	D	-
2604.07853	K	QT
2604.07864	D	-
2604.07960	D	-
2604.08322	D	-
2604.08369	D	-
2604.08468	D	-
2604.08476	D	-
2604.08477	D	-
2604.08577	D	-
2604.08690	D	-
2604.08779	D	-
2604.08865	K	TR
2604.08905	D	-
2604.08926	D	-
2604.08986	D	-
2604.08990	D	-
2604.09056	D	-
2604.09107	K	TR
2604.09349	D	-
2604.09459	K	TR
2604.09508	D	-
2604.09676	K	TR
2604.09748	D	-
2604.09855	D	-
2604.10065	D	-
2604.10110	D	-
2604.10585	D	-
2604.10701	K	TR
2604.10727	D	-
2604.11056	D	-
2604.11214	D	-
2604.11297	D	-
2604.11446	K	TR
2604.11462	D	-
2604.11477	D	-
2604.11522	D	-
2604.11547	D	-
2604.11554	K	TR
2604.11805	D	-
2604.12378	D	-
2604.12617	D	-
2604.12627	D	-
2604.12632	D	-
2604.12652	D	-
2604.12736	D	-
2604.12770	D	-
2604.13175	D	-
2604.13398	D	-
2604.13504	D	-
2604.13515	D	-
2604.13598	D	-
2604.13602	K	TR
2604.13902	D	-
2604.13993	D	-
2604.14142	K	TR
2604.14265	D	-
2604.14267	D	-
2604.14646	D	-
2604.14922	K	TR
2604.14967	D	-
2604.15148	D	-
2604.15149	K	TR
2604.15830	D	-
2604.16335	D	-
2604.16401	D	-
2604.16472	D	-
2604.16557	D	-
2604.16871	D	-
2604.16881	D	-
2604.16918	K	TR
2604.16972	D	-
2604.16995	D	-
2604.17312	K	TR
2604.17337	D	-
2604.17912	D	-
2604.17928	D	-
2604.18027	D	-
2604.18176	D	-
2604.18187	D	-
2604.18364	D	-
2604.18381	K	TR
2604.18401	D	-
2604.18493	K	TR
2604.18510	D	-
2604.18530	D	-
2604.18574	K	TR
2604.18578	K	TR
2604.18639	D	-
2604.18789	D	-
2604.18967	D	-
2604.19060	D	-
2604.19070	D	-
2604.19128	D	-
2604.19485	K	TR
2604.19567	D	-
2604.19766	D	-
2604.19839	D	-
2604.19857	D	-
2604.19945	D	-
2604.20398	D	-
2604.20659	D	-
2604.20705	D	-
2604.20904	D	-
2604.21327	D	-
2604.22062	D	-
2604.22074	K	TR
2604.22504	D	-
2604.22779	D	-
2604.22840	D	-
2604.23993	D	-
2604.24114	D	-
2604.24178	D	-
2604.24320	D	-
2604.25011	K	TR
2604.25136	D	-
2604.25259	D	-
2604.25419	D	-
2604.25907	K	TR
2604.26553	D	-
2604.26733	D	-
2604.26904	D	-
2604.27166	D	-
2604.27859	D	-
2604.28005	D	-
2604.28020	D	-
2605.00155	D	-
2605.00224	D	-
2605.00380	D	-
2605.00425	D	-
2605.00433	D	-
2605.00942	D	-
2605.01077	D	-
2605.01123	D	-
2605.01327	D	-
2605.01402	D	-
2605.01482	D	-
2605.01517	D	-
2605.01520	D	-
2605.01823	D	-
2605.01954	D	-
2605.02011	D	-
2605.02073	D	-
2605.02178	D	-
2605.02320	D	-
2605.02375	K	TR
2605.02801	D	-
2605.02909	K	TR
2605.02913	K	TR
2605.02944	D	-
2605.03327	D	-
2605.03408	D	-
2605.04000	D	-
2605.04065	D	-
2605.04066	D	-
2605.04077	K	TR
2605.04266	D	-
2605.04477	D	-
2605.04984	D	-
2605.05566	D	-
2605.05739	D	-
2605.05826	D	-
2605.05965	D	-
2605.06066	D	-
2605.06111	D	-
2605.06121	D	-
2605.06130	D	-
2605.06139	D	-
2605.06188	K	TR
2605.06200	D	-
2605.06326	K	TR
2605.06375	D	-
2605.06534	K	TR
2605.06650	D	-
2605.06755	D	-
2605.06895	D	-
2605.06908	D	-
2605.07114	K	TR
2605.07137	D	-
2605.07153	K	TR
2605.07244	D	-
2605.07274	D	-
2605.07331	K	TR
2605.07465	D	-
2605.07579	K	TR
2605.08037	D	-
2605.08061	D	-
2605.08283	D	-
2605.08327	D	-
2605.08401	D	-
2605.08441	K	TR
2605.08472	K	TP
2605.08527	K	TR
2605.08666	K	TR
2605.08756	D	-
2605.08817	D	-
2605.08862	K	TR
2605.08905	D	-
2605.08978	D	-
2605.09262	D	-
2605.09287	D	-
2605.09291	K	DD
2605.09359	D	-
2605.09422	D	-
2605.09614	D	-
2605.09853	D	-
2605.09920	D	-
2605.09923	D	-
2605.10067	D	-
2605.10141	D	-
2605.10325	D	-
2605.10488	D	-
2605.10832	D	-
2605.11355	D	-
2605.11403	D	-
2605.11461	D	-
2605.11467	D	-
2605.11491	K	TR
2605.11538	D	-
2605.11549	D	-
2605.11666	D	-
2605.11775	D	-
2605.12379	D	-
2605.12495	D	-
2605.12645	D	-
2605.12667	D	-
2605.12913	K	TR
2605.12969	D	-
2605.12995	D	-
2605.13496	D	-
2605.13907	K	QT
2605.14117	D	-
2605.14126	D	-
2605.14220	K	TR
2605.14366	D	-
2605.14483	D	-
2605.14539	D	-
2605.14558	D	-
2605.14742	D	-
2605.15012	D	-
2605.15224	D	-
2605.15422	K	AK
2605.15464	D	-
2605.15565	K	TR
2605.15588	D	-
2605.15604	D	-
2605.15726	D	-
2605.15951	D	-
2605.15976	D	-
2605.16143	D	-
2605.16371	D	-
2605.16460	D	-
2605.16757	D	-
2605.16787	K	TR
2605.16842	D	-
2605.16999	D	-
2605.17037	D	-
2605.17291	D	-
2605.17314	D	-
2605.17333	D	-
2605.17570	K	TR
2605.17792	D	-
2605.17877	D	-
2605.17958	D	-
2605.18077	D	-
2605.18261	D	-
2605.18374	D	-
2605.18500	D	-
2605.18592	D	-
2605.18721	K	TR
2605.18799	D	-
2605.18843	D	-
2605.18864	D	-
2605.18899	D	-
2605.18903	D	-
2605.19102	D	-
2605.19416	D	-
2605.19425	D	-
2605.19444	D	-
2605.19485	D	-
2605.19748	D	-
2605.20006	D	-
2605.20061	D	-
2605.20066	D	-
2605.20246	D	-
2605.20270	D	-
2605.20402	K	QT
2605.20506	D	-
2605.20555	D	-
2605.20722	D	-
2605.20863	K	TR
2605.20865	D	-
2605.21125	K	TR
2605.21160	D	-
2605.21180	D	-
2605.21235	D	-
2605.21266	K	TR
2605.21295	D	-
2605.21467	D	-
2605.21468	K	TR
2605.21491	D	-
2605.21496	D	-
2605.21652	D	-
2605.21654	K	TR
2605.21768	D	-
2605.21801	D	-
2605.21851	D	-
2605.21988	D	-
2605.22072	D	-
2605.22074	D	-
2605.22156	D	-
2605.22177	D	-
2605.22413	D	-
2605.22537	D	-
2605.22567	D	-
2605.22620	D	-
2605.22642	D	-
2605.22703	D	-
2605.22817	K	RT
2605.23384	D	-
2605.23454	D	-
2605.23491	D	-
2605.24220	K	TR
2605.24331	D	-
2605.24547	D	-
2605.24812	D	-
2605.25189	D	-
2605.25198	D	-
2605.25252	K	TR
2605.25360	D	-
2605.25381	D	-
2605.25389	D	-
2605.25424	D	-
2605.25443	D	-
2605.25447	D	-
2605.25507	D	-
2605.25511	D	-
2605.25604	D	-
2605.25624	D	-
2605.25638	K	DD
2605.25850	D	-
2605.25864	D	-
2605.25890	D	-
2605.25920	D	-
2605.26579	D	-
2605.26606	K	TR
2605.26646	D	-
2605.26784	K	TR
2605.26934	D	-
2605.26952	D	-
2605.26958	D	-
2605.27000	D	-
2605.27190	D	-
2605.27293	D	-
2605.27355	D	-
2605.27832	D	-
2605.27846	D	-
2605.27899	D	-
2605.27954	D	-
2605.27960	D	-
2605.28008	K	RE
2605.28022	D	-
2605.28028	K	TR
2605.28102	D	-
2605.28109	D	-
2605.28144	D	-
2605.28295	D	-
2605.28388	D	-
2605.28409	D	-
2605.28424	D	-
2605.28561	D	-
2605.28583	D	-
2605.28742	D	-
2605.28774	D	-
2605.28805	D	-
2605.29009	D	-
2605.29076	D	-
2605.29115	D	-
2605.29190	D	-
2605.29293	D	-
2605.29307	D	-
2605.29425	D	-
2605.29502	D	-
2605.29568	D	-
2605.29582	D	-
2605.29648	D	-
2605.29782	D	-
2605.29796	D	-
2605.29860	K	TR
2605.30154	K	TR
2605.30159	D	-
2605.30232	D	-
2605.30244	D	-
2605.30257	D	-
2605.30451	D	-
2605.30670	D	-
2605.30789	K	TR
2605.30824	D	-
2605.30859	K	TR
2605.30903	D	-
2605.30912	D	-
2605.30914	D	-
2605.31003	D	-
2605.31058	D	-
2605.31062	D	-
2605.31096	D	-
2605.31228	D	-
2606.00020	D	-
2606.00172	D	-
2606.00392	D	-
2606.00440	D	-
2606.00609	D	-
2606.00869	D	-
2606.01091	D	-
2606.01281	K	TR
2606.01619	D	-
2606.01672	D	-
2606.01830	D	-
2606.02132	D	-
2606.02355	D	-
2606.02606	K	TF
2606.02615	D	-
2606.02643	D	-
2606.03021	D	-
2606.03070	K	TR
2606.03073	K	TR
2606.03077	K	TR
2606.03094	D	-
2606.03108	D	-
2606.03113	K	DE
2606.03234	D	-
2606.03238	D	-
2606.03361	D	-
2606.03503	K	RE
2606.03603	D	-
2606.03608	D	-
2606.03762	D	-
2606.03800	K	TD
2606.03866	D	-
2606.03892	D	-
2606.03962	D	-
2606.04051	D	-
2606.04095	D	-
2606.04145	D	-
2606.04272	K	TR
2606.04484	K	TR
2606.04503	D	-
2606.04516	D	-
2606.04560	K	TR
2606.04807	D	-
2606.04889	D	-
2606.04923	D	-
2606.04929	D	-
2606.04986	D	-
2606.05002	D	-
2606.05152	D	-
2606.05174	D	-
2606.05296	D	-
2606.05434	D	-
2606.05523	D	-
2606.05606	D	-
2606.05734	D	-
2606.05859	K	RL
2606.05885	D	-
2606.05924	D	-
2606.06254	D	-
2606.06428	D	-
2606.06475	D	-
2606.06586	D	-
2606.06673	D	-
2606.06828	D	-
2606.06835	D	-
2606.06976	D	-
2606.07610	D	-
2606.07705	D	-
2606.07845	D	-
2606.07950	D	-
2606.08011	D	-
2606.08035	D	-
2606.08088	D	-
2606.08346	D	-
2606.08446	K	TR
2606.08450	D	-
2606.08543	D	-
2606.08620	D	-
2606.08633	D	-
2606.08656	D	-
2606.08708	D	-
2606.08755	D	-
2606.08779	D	-
2606.08815	D	-
2606.08940	D	-
2606.08974	D	-
2606.09052	D	-
2606.09092	D	-
2606.09118	D	-
2606.09124	D	-
2606.09138	K	TR
2606.09380	D	-
2606.09525	D	-
2606.09821	K	TR
2606.09850	D	-
2606.09883	D	-
2606.09887	D	-
2606.09961	D	-
2606.10217	D	-
2606.10346	D	-
2606.10709	D	-
2606.10768	D	-
2606.10931	D	-
2606.10968	D	-
2606.11119	K	TR
2606.11209	D	-
2606.11634	K	AS
2606.11652	D	-
2606.11770	D	-
2606.11918	D	-
2606.12016	D	-
2606.12384	D	-
2606.13125	K	TR
2606.13176	D	-
2606.13262	D	-
2606.13316	D	-
2606.13707	D	-
2606.13795	D	-
2606.13940	D	-
2606.14312	D	-
2606.14691	D	-
2606.14694	D	-
2606.14961	D	-
2606.15307	D	-
2606.15333	D	-
2606.15455	K	TR
2606.15532	D	-
2606.15651	D	-
2606.15893	D	-
2606.15917	D	-
2606.16111	D	-
2606.16316	D	-
2606.16620	K	RL
2606.16733	K	TR
2606.16771	D	-
2606.17029	D	-
2606.17250	K	TR
2606.17279	D	-
2606.17591	D	-
2606.17678	D	-
2606.17680	D	-
2606.17735	D	-
2606.18216	D	-
2606.18284	D	-
2606.18441	D	-
2606.18747	D	-
2606.18810	D	-
2606.18812	D	-
2606.18831	K	TR
2606.18954	D	-
2606.18988	D	-
2606.19222	D	-
2606.19236	D	-
2606.19771	D	-
2606.19818	D	-
2606.20002	D	-
2606.20008	D	-
2606.20068	D	-
2606.20280	D	-
2606.20881	D	-
2606.21090	K	TR
2606.21830	D	-
2606.21943	D	-
2606.21974	D	-
2606.22043	D	-
2606.22305	K	TR
2606.22317	K	TR
2606.22402	D	-
2606.22570	K	TR
2606.22716	K	RE
2606.22938	K	TR
2606.22995	D	-
2606.23038	D	-
2606.23206	D	-
2606.23595	K	RT
2606.23740	K	TR
2606.24064	D	-
2606.24133	K	TD
2606.24515	D	-
2606.24669	D	-
2606.24937	D	-
2606.24994	D	-
2606.25000	D	-
2606.25178	D	-
2606.25325	D	-
2606.25451	D	-
2606.25556	D	-
2606.25757	D	-
2606.25832	D	-
2606.25852	D	-
2606.26027	D	-
2606.26102	D	-
2606.26175	D	-
2606.26327	D	-
2606.26578	D	-
2606.26671	K	TR
2606.26917	D	-
2606.27025	D	-
2606.27291	D	-
2606.27369	D	-
2606.27733	D	-
2606.28166	D	-
2606.28392	D	-
2606.28692	D	-
2606.28707	D	-
2606.29296	D	-
2606.29526	K	TR
2606.29758	D	-
2606.29812	D	-
2606.29915	D	-
2606.29984	D	-
2606.30420	D	-
2606.30704	D	-
2606.30973	D	-
2606.31392	D	-
2606.31575	D	-
2606.31599	D	-
2606.31825	D	-
2606.32032	D	-
2607.00152	K	TR
2607.00483	D	-
2607.00531	D	-
2607.00924	D	-
2607.01050	D	-
2607.01120	D	-
2607.01181	D	-
2607.01191	D	-
2607.01232	K	TR
2607.01465	D	-
2607.01767	D	-
2607.01830	D	-
2607.02490	D	-
2607.02605	D	-
2607.02914	D	-
2607.02983	D	-
2607.03702	D	-
2607.03957	D	-
2607.04332	D	-
2607.04364	D	-
2607.04412	D	-
2607.04470	D	-
2607.04713	D	-
2607.04854	D	-
2607.04963	D	-
2607.05378	K	XP
2607.05458	D	-
2607.05773	D	-
2607.05861	D	-
2607.05863	D	-
2607.06175	D	-
2607.06223	D	-
2607.06720	K	RT
2607.06987	D	-
2607.07178	D	-
2607.07508	K	TR
2607.07674	D	-
2607.07690	D	-
2607.07976	D	-
2607.08255	D	-
2607.08572	D	-
2607.09693	D	-
2607.10169	D	-
2607.10474	D	-
2607.10481	D	-
2607.10738	D	-
2607.10848	K	TR
2607.10966	D	-
2607.11070	D	-
2607.11506	D	-
2607.11581	D	-
2607.11937	D	-
2607.12640	D	-
2607.12687	D	-
2607.12856	D	-
2607.13389	K	TS
2607.13394	K	TR
2607.13931	D	-
2607.13988	D	-
2607.14171	K	TR
2607.14506	D	-
2607.14682	D	-
2607.15374	D	-
2607.15610	D	-
2607.15660	D	-
2607.15810	K	QT
2607.16131	D	-
2607.16205	K	TR
2607.16206	D	-
2607.16244	D	-
2607.16451	D	-
2607.16492	D	-
2607.16850	D	-
2607.17230	D	-
2607.17243	D	-
2607.17281	D	-
2607.17560	K	TR
2607.17572	D	-
2607.17823	K	TR
2607.18163	D	-
2607.18481	D	-
2607.18722	K	TR
2607.19044	D	-
2607.19181	D	-
2607.19191	D	-
2607.19219	D	-
2607.19226	D	-
2607.19313	D	-
2607.19331	K	TR
2607.19345	D	-
2607.19790	D	-
2607.19966	D	-
2607.20515	D	-
2607.20553	D	-
2607.20690	D	-
2607.21013	D	-
2607.21273	D	-
2607.21419	D	-
2607.21626	D	-
2607.21722	D	-
2607.21793	K	RE
2607.21971	D	-
2607.22002	K	TR
2607.22039	D	-
2607.22186	K	TR
2607.22642	D	-
2607.22644	D	-
2607.22649	D	-
2607.22676	D	-
2607.22724	D	-
2607.22996	D	-
2607.23364	K	TR
2607.23515	D	-
2607.23605	D	-
2607.23700	D	-
2607.23802	D	-
2607.23963	D	-
2607.24062	K	TR
2607.24097	D	-
2607.24833	D	-
2607.25091	D	-
2607.25308	D	-
2607.25369	D	-
2607.25659	D	-
2607.25956	D	-
2607.26432	D	-
2607.26515	K	QT
2607.26594	D	-
2607.26784	D	-
2607.26862	D	-
2607.26873	D	-
2607.27610	D	-
2607.27631	D	-
2607.27756	D	-
2607.27888	D	-
2607.27914	D	-
2607.27968	D	-
2607.27973	D	-
2607.28077	D	-
2607.28127	D	-
2607.28464	D	-
2607.28657	D	-
2608.00133	K	TR
2608.00220	D	-
2608.00301	D	-
2608.00326	D	-
2608.00675	D	-
2608.01055	D	-
2608.01314	D	-
2608.01418	K	TR
2608.01425	D	-
2608.01649	D	-
2608.01667	D	-
2608.01743	D	-
2608.01755	D	-
2608.01822	D	-
2608.02031	D	-
2608.02139	D	-
2608.02149	D	-
2608.02181	K	TR
2608.02867	D	-
2608.02951	D	-
2608.03054	D	-
2608.03068	D	-
2608.03077	D	-
2608.03119	D	-
2608.03545	D	-
2608.03562	D	-
2608.04317	D	-
2608.04698	D	-
2608.04962	K	TR
2608.06128	D	-
2608.06197	D	-
2608.06310	D	-
2608.06526	D	-
2608.06735	D	-
2608.06778	D	-
2608.06789	D	-
2608.07147	D	-
2608.07418	D	-
2608.07581	D	-
2608.08326	D	-
2608.08802	D	-
2608.09123	D	-
2608.09507	D	-
2608.09805	D	-
2608.10207	D	-
2608.10513	D	-
2608.10812	D	-
2608.11152	K	TR
2608.11226	K	SN
2608.11368	D	-
2608.11381	D	-
2608.11631	D	-
2608.11669	K	TR
2608.11674	D	-
2608.11715	D	-
2608.11787	D	-
2608.13179	D	-
2608.13698	K	TR
2608.13854	D	-
2608.14026	D	-
2608.14109	D	-
2608.14498	K	TR
2608.14635	K	TR
2608.14791	D	-
2608.14877	D	-
2608.15517	D	-
2608.15530	D	-
2608.15817	D	-
2608.16072	D	-
2608.16419	D	-
2608.16539	D	-
2608.16554	D	-
2608.16739	D	-
2608.16907	D	-
2608.17180	D	-
2608.17289	D	-
2608.17301	D	-
2608.17393	D	-
2608.17411	D	-
2608.17804	D	-
2608.17941	D	-
2608.18254	D	-
2608.18531	D	-
2608.18574	D	-
2608.18682	D	-
2608.18827	D	-
2608.18855	D	-
2608.19595	D	-
2608.19803	D	-
2608.19842	K	TR
2608.20129	D	-
2608.20362	D	-
2608.20492	D	-
2608.20670	D	-
2608.21501	D	-
2608.21595	D	-
2608.21727	D	-
2608.21808	D	-
2608.21863	D	-
2608.21864	D	-
2608.21871	D	-
2608.21897	D	-
2608.21919	D	-
2608.22167	D	-
2608.22429	D	-
2608.22615	D	-
2608.22788	K	TR
2608.23311	D	-
2608.23493	D	-
2608.23664	D	-
2608.23811	D	-
2608.24135	D	-
2608.24214	D	-
2608.24300	D	-
2608.24350	D	-
2608.24588	D	-
2608.24747	D	-
2608.24949	K	TR
2608.24954	D	-
2608.25100	D	-
2608.25243	D	-
2608.25267	D	-
2608.25460	D	-
2608.25580	D	-
2608.25756	K	TR
2608.26105	D	-
2608.26596	D	-
2608.27046	K	TR
2608.27351	K	TR
2608.27409	K	TR
2608.27420	D	-
2608.27448	D	-
2608.27505	D	-
2608.27796	D	-
2608.28128	D	-
2608.28199	D	-
2608.28421	D	-
2608.28447	D	-
2608.28771	K	RE
2608.29168	D	-
2608.29188	K	TR
2608.29296	K	TR
2608.29363	D	-
2608.29616	D	-
2608.29622	D	-
2608.29641	D	-
2608.29768	D	-
2608.29783	D	-
2608.29999	D	-
2608.30109	D	-
2608.30457	D	-
2608.30528	D	-
2608.30559	D	-
2608.30632	D	-
2608.30635	D	-
2608.30676	D	-
2608.31035	D	-
2608.31075	D	-
2609.00213	D	-
2609.00442	D	-
2609.00444	D	-
2609.00638	D	-
2609.00734	D	-
2609.00813	D	-
2609.00859	D	-
2609.00892	D	-
2609.01188	D	-
2609.01195	D	-
2609.01245	D	-
2609.01274	K	TR
2609.01325	D	-
2609.01422	D	-
2609.01597	D	-
2609.02236	D	-
2609.02366	D	-
2609.02677	D	-
2609.02817	D	-
2609.02931	D	-
2609.03309	D	-
2609.03324	D	-
2609.03342	D	-
2609.03383	D	-
2609.03941	D	-
2609.03955	D	-
2609.03960	D	-
2609.04565	K	TR
2609.04648	D	-
2609.04735	D	-
2609.04823	D	-
2609.04824	D	-
2609.04865	D	-
2609.05459	D	-
2609.05992	D	-
2609.06041	D	-
2609.06100	D	-
2609.06419	D	-
2609.06469	D	-
2609.06931	D	-
2609.07081	D	-
2609.07111	D	-
2609.07148	D	-
2609.07247	D	-
2609.07303	D	-
2609.08025	D	-
2609.08404	D	-
2609.08452	D	-
2609.08650	D	-
2609.09764	D	-
2609.10315	D	-
2609.11061	D	-
2609.12424	D	-
2609.12651	D	-
2609.13296	D	-
2609.13457	D	-
2609.13739	D	-
2609.13805	D	-
2609.13997	D	-
2609.14860	D	-
2609.14896	K	TR
2609.15064	K	TR
2609.15471	D	-
2609.15721	D	-
2609.15987	K	TR
2609.16601	D	-
2609.16660	D	-
2609.16748	D	-
2609.18057	D	-
2609.18669	D	-
2609.18677	D	-
2609.19189	D	-
2609.19465	D	-
2609.19745	D	-
2609.19830	D	-
2609.20082	D	-
2609.20807	K	TR
2609.21276	D	-
2609.21554	D	-
2609.21650	D	-
2609.22151	D	-
2609.22221	D	-
2609.22746	D	-
2609.22870	K	QT
2609.22978	K	TR
2609.23589	D	-
2609.24144	D	-
2609.24175	D	-
2609.24243	D	-
2609.24380	D	-
2609.25442	K	TR
2609.25463	K	TR
2609.25773	D	-
2609.26355	D	-
2609.26667	D	-
2609.27035	D	-
2609.27572	D	-
2609.27987	D	-
2609.28570	D	-
2609.28765	D	-
2609.29050	D	-
2609.29109	K	RE
2609.29166	D	-
2609.29230	D	-
2609.29429	D	-
2609.30177	D	-
2501.00070	D	-
2501.01028	D	-
2501.01384	D	-
2501.01793	D	-
2501.02628	D	-
2501.03826	K	TD
2501.04155	D	-
2501.04661	D	-
2501.04662	D	-
2501.05155	D	-
2501.05662	D	-
2501.05952	D	-
2501.07314	K	TD
2501.08197	K	TD
2501.08454	D	-
2501.09766	D	-
2501.09824	D	-
2501.10836	D	-
2501.11199	D	-
2501.11747	K	TD
2501.11786	D	-
2501.12147	K	TD
2501.12273	K	TD
2501.12535	D	-
2501.13955	D	-
2501.16533	D	-
2501.17144	D	-
2501.18511	K	TD
2501.18880	D	-
2501.18962	K	TD
2501.19298	D	-
2502.00022	D	-
2502.00270	K	TD
2502.00761	K	TD
2502.00808	D	-
2502.01111	D	-
2502.01697	K	TD
2502.01968	K	TD
2502.02494	K	TD
2502.02757	D	-
2502.03323	D	-
2502.03568	D	-
2502.03824	D	-
2502.04235	K	TD
2502.04419	D	-
2502.04554	D	-
2502.05163	D	-
2502.05400	D	-
2502.05505	D	-
2502.06171	D	-
2502.06244	K	TD
2502.06371	D	-
2502.06555	D	-
2502.06589	K	TD
2502.06604	K	TD
2502.07045	D	-
2502.07164	K	TD
2502.07340	K	TD
2502.08468	D	-
2502.08661	D	-
2502.08924	K	TD
2502.09566	D	-
2502.09650	K	TD
2502.09897	D	-
2502.10263	D	-
2502.10341	K	TD
2502.10361	K	TD
2502.10510	K	TD
2502.11062	D	-
2502.11419	D	-
2502.11460	K	TD
2502.11546	K	TD
2502.11753	D	-
2502.11830	D	-
2502.12119	D	-
2502.12494	D	-
2502.12583	K	TD
2502.12594	K	PS
2502.13137	D	-
2502.14050	K	TD
2502.14212	D	-
2502.14560	K	TD
2502.14709	K	TD
2502.14854	K	TD
2502.14907	K	TD
2502.14911	D	-
2502.14921	D	-
2502.15795	D	-
2502.15854	D	-
2502.15860	D	-
2502.15950	K	TD
2502.16802	K	TD
2502.16961	D	-
2502.17184	K	TD
2502.17514	D	-
2502.17957	D	-
2502.18282	D	-
2502.18452	D	-
2502.18517	D	-
2502.18744	D	-
2502.19279	K	TD
2502.19917	D	-
2502.20140	D	-
2502.20719	D	-
2502.21314	D	-
2503.00057	D	-
2503.00808	K	TD
2503.01385	D	-
2503.01506	K	TD
2503.01807	K	TD
2503.01836	K	TD
2503.02502	K	TD
2503.02951	K	TD
2503.03656	D	-
2503.04229	D	-
2503.04807	D	-
2503.04930	D	-
2503.05665	D	-
2503.05721	D	-
2503.06387	D	-
2503.07032	D	-
2503.07833	D	-
2503.07879	K	TD
2503.08042	D	-
2503.09205	D	-
2503.09223	D	-
2503.09311	D	-
2503.09572	D	-
2503.10789	D	-
2503.11441	K	TD
2503.12347	D	-
2503.12999	D	-
2503.13383	D	-
2503.13507	K	TD
2503.13542	D	-
2503.13661	D	-
2503.13992	D	-
2503.14023	K	TD
2503.14917	K	TD
2503.15055	D	-
2503.15571	D	-
2503.15573	D	-
2503.15880	D	-
2503.15924	D	-
2503.17739	D	-
2503.20502	D	-
2503.20588	D	-
2503.20715	D	-
2503.20903	D	-
2503.21004	D	-
2503.21023	K	TD
2503.22362	D	-
2503.22856	D	-
2503.23239	D	-
2503.23673	D	-
2503.24062	D	-
2503.24206	D	-
2504.00595	K	MR
2504.00695	K	TD
2504.01542	K	TD
2504.01919	D	-
2504.02268	D	-
2504.02807	K	TD
2504.03814	K	TD
2504.04152	K	TD
2504.04736	D	-
2504.04974	D	-
2504.05317	D	-
2504.05603	D	-
2504.06136	D	-
2504.06962	D	-
2504.08755	D	-
2504.09394	D	-
2504.10766	K	TD
2504.11393	K	TD
2504.12316	D	-
2504.12351	D	-
2504.12459	D	-
2504.12563	K	TD
2504.12637	K	TD
2504.12687	D	-
2504.13416	D	-
2504.13908	D	-
2504.14194	K	TD
2504.14212	D	-
2504.14452	D	-
2504.14657	D	-
2504.16438	D	-
2504.16511	K	TD
2504.18116	K	TD
2504.18762	D	-
2504.20414	D	-
2504.20468	D	-
2504.20595	D	-
2504.20644	K	TD
2504.20648	D	-
2504.21850	D	-
2505.00022	K	TD
2505.00358	K	TD
2505.00624	D	-
2505.00651	D	-
2505.00903	D	-
2505.00979	K	TD
2505.02851	D	-
2505.02858	D	-
2505.02881	K	TD
2505.03265	D	-
2505.04660	D	-
2505.05017	K	TD
2505.05122	D	-
2505.05327	D	-
2505.05427	K	TD
2505.07184	D	-
2505.07256	D	-
2505.07293	K	TD
2505.07372	D	-
2505.07437	D	-
2505.08348	D	-
2505.08803	D	-
2505.08905	D	-
2505.10182	K	TD
2505.10495	D	-
2505.10736	D	-
2505.10962	D	-
2505.10989	D	-
2505.10993	D	-
2505.12031	D	-
2505.12212	D	-
2505.12457	D	-
2505.13466	D	-
2505.13811	K	TD
2505.14070	K	TD
2505.14423	D	-
2505.15024	D	-
2505.15392	D	-
2505.16065	D	-
2505.16245	D	-
2505.16360	D	-
2505.16385	D	-
2505.16967	D	-
2505.16973	D	-
2505.17063	D	-
2505.17103	D	-
2505.17266	K	TD
2505.17390	D	-
2505.17410	D	-
2505.17615	D	-
2505.17671	D	-
2505.18091	K	TD
2505.18383	D	-
2505.18485	D	-
2505.18488	D	-
2505.18659	D	-
2505.18916	D	-
2505.19051	K	TD
2505.19241	D	-
2505.19514	D	-
2505.19889	D	-
2505.20161	K	TD
2505.20209	D	-
2505.20380	K	TD
2505.20416	D	-
2505.21598	K	TD
2505.21958	D	-
2505.22157	D	-
2505.22232	K	TD
2505.22945	D	-
2505.23114	D	-
2505.23793	D	-
2505.23878	K	TD
2505.24701	D	-
2505.24871	D	-
2506.00569	K	TD
2506.00649	D	-
2506.00845	D	-
2506.01290	D	-
2506.01317	K	TD
2506.01701	D	-
2506.01789	D	-
2506.02738	D	-
2506.04172	D	-
2506.04514	D	-
2506.04689	K	TD
2506.04755	D	-
2506.05316	K	TR
2506.05639	D	-
2506.06380	D	-
2506.06499	D	-
2506.06500	D	-
2506.06522	K	TD
2506.07463	K	TD
2506.08429	D	-
2506.08750	D	-
2506.10020	D	-
2506.10226	D	-
2506.10288	D	-
2506.10301	D	-
2506.10805	D	-
2506.10952	K	TD
2506.11480	D	-
2506.11702	D	-
2506.12161	D	-
2506.12966	D	-
2506.15271	D	-
2506.16594	D	-
2506.17847	D	-
2506.18777	K	TD
2506.19082	D	-
2506.19262	K	TD
2506.20920	K	TD
2506.21138	D	-
2506.21545	K	TD
2506.21910	K	TD
2506.22500	D	-
2506.22752	D	-
2507.00006	D	-
2507.01260	D	-
2507.02378	D	-
2507.03004	D	-
2507.03253	K	TD
2507.03542	D	-
2507.03673	D	-
2507.04884	D	-
2507.05997	D	-
2507.07229	D	-
2507.08284	D	-
2507.09424	K	TD
2507.09948	D	-
2507.12466	K	TD
2507.13332	D	-
2507.13380	D	-
2507.15640	K	TD
2507.15839	D	-
2507.16178	D	-
2507.16478	D	-
2507.16969	D	-
2507.16974	D	-
2507.18044	D	-
2507.18055	D	-
2507.18583	D	-
2507.20156	D	-
2507.20967	D	-
2507.22930	D	-
2507.23058	D	-
2507.23751	K	TD
2508.00298	D	-
2508.01450	D	-
2508.01550	K	TD
2508.03018	D	-
2508.03117	D	-
2508.04149	D	-
2508.04399	D	-
2508.05283	D	-
2508.05496	K	TD
2508.05525	D	-
2508.06178	K	TD
2508.06601	K	TD
2508.06635	D	-
2508.07638	D	-
2508.08529	D	-
2508.09199	D	-
2508.09544	D	-
2508.10000	D	-
2508.10027	D	-
2508.10171	D	-
2508.10409	D	-
2508.10975	K	TD
2508.11551	K	TD
2508.11758	D	-
2508.11953	K	TD
2508.13930	D	-
2508.15432	D	-
2508.15986	D	-
2508.16514	K	TD
2508.17057	D	-
2508.17547	D	-
2508.17677	K	TD
2508.19570	D	-
2508.20384	D	-
2508.20525	D	-
2508.21589	D	-
2509.00293	D	-
2509.00936	D	-
2509.01387	D	-
2509.02040	D	-
2509.03059	K	TD
2509.03405	D	-
2509.04152	D	-
2509.06184	D	-
2509.06196	D	-
2509.06524	D	-
2509.06950	D	-
2509.07311	D	-
2509.08358	D	-
2509.08490	D	-
2509.10108	D	-
2509.10538	D	-
2509.11078	D	-
2509.11517	D	-
2509.12866	D	-
2509.13305	K	TR
2509.13892	D	-
2509.14594	D	-
2509.15048	D	-
2509.15447	D	-
2509.17321	D	-
2509.17847	D	-
2509.18577	K	TD
2509.19249	K	TR
2509.19856	D	-
2509.20768	D	-
2509.21294	D	-
2509.22947	D	-
2509.23041	D	-
2509.23285	D	-
2509.23866	D	-
2509.24422	D	-
2509.24726	K	TD
2509.25531	K	TD
2509.25672	D	-
2509.25736	D	-
2509.25850	D	-
2510.00040	D	-
2510.00186	D	-
2510.00552	D	-
2510.00866	K	TD
2510.01229	D	-
2510.01454	D	-
2510.01582	D	-
2510.02391	D	-
2510.05133	K	TD
2510.05617	D	-
2510.05871	D	-
2510.06048	K	TD
2510.06108	K	TD
2510.06143	D	-
2510.06652	D	-
2510.06670	K	TD
2510.07169	K	TD
2510.08245	D	-
2510.08663	D	-
2510.08952	D	-
2510.09051	D	-
2510.09426	K	MR
2510.09781	D	-
2510.10085	D	-
2510.10331	D	-
2510.10618	K	QG
2510.11295	D	-
2510.11832	D	-
2510.11842	D	-
2510.11919	D	-
2510.11952	D	-
2510.13212	D	-
2510.13481	K	MR
2510.13632	D	-
2510.13795	D	-
2510.13830	D	-
2510.13892	K	TD
2510.13996	K	TD
2510.14459	D	-
2510.15162	D	-
2510.17847	D	-
2510.17918	D	-
2510.18250	K	TD
2510.18470	D	-
2510.18556	D	-
2510.18909	K	TD
2510.19336	D	-
2510.19557	D	-
2510.19806	D	-
2510.21204	D	-
2510.22028	D	-
2510.23208	D	-
2510.24139	K	TD
2510.24670	D	-
2510.24694	D	-
2510.25804	K	TD
2510.25817	K	TD
2510.25947	K	TD
2510.26345	D	-
2510.27313	D	-
2510.27448	D	-
2511.01066	K	TD
2511.01090	D	-
2511.01289	D	-
2511.01490	D	-
2511.03492	K	TD
2511.03774	D	-
2511.03928	D	-
2511.04234	K	RT
2511.04478	D	-
2511.05057	D	-
2511.06056	D	-
2511.06307	K	TD
2511.07017	D	-
2511.07044	D	-
2511.07074	D	-
2511.07322	D	-
2511.08172	D	-
2511.08620	D	-
2511.09488	D	-
2511.09539	D	-
2511.10338	D	-
2511.10689	D	-
2511.13640	K	TD
2511.16132	D	-
2511.16334	D	-
2511.16700	D	-
2511.17602	D	-
2511.17946	D	-
2511.18054	K	TD
2511.19671	D	-
2511.21056	D	-
2511.21686	D	-
2511.22612	D	-
2511.23269	D	-
2512.00884	D	-
2512.01107	D	-
2512.01354	D	-
2512.01460	D	-
2512.03307	D	-
2512.05648	D	-
2512.07533	D	-
2512.08617	D	-
2512.08875	D	-
2512.09015	K	TD
2512.11192	D	-
2512.11388	D	-
2512.12537	D	-
2512.12770	D	-
2512.12932	D	-
2512.13279	K	TD
2512.14051	K	TD
2512.14220	D	-
2512.17092	D	-
2512.18834	K	TD
2512.19134	D	-
2512.19864	D	-
2512.21595	D	-
2512.22255	K	TD
2512.22738	D	-
2512.23239	D	-
2512.23747	K	MS
2512.24265	K	TD
2512.24503	K	TD
2601.02015	D	-
2601.02578	D	-
2601.02907	D	-
2601.04526	D	-
2601.05184	D	-
2601.05635	D	-
2601.06039	D	-
2601.06395	D	-
2601.06779	D	-
2601.06827	D	-
2601.07271	D	-
2601.09066	K	MR
2601.09216	D	-
2601.09756	D	-
2601.10986	D	-
2601.12260	D	-
2601.13588	K	TK
2601.13697	D	-
2601.13995	D	-
2601.14124	D	-
2601.14160	D	-
2601.14978	D	-
2601.15468	D	-
2601.16278	D	-
2601.17717	D	-
2601.19936	D	-
2601.21218	D	-
2601.21342	D	-
2601.21571	K	TD
2601.22016	D	-
2601.23006	D	-
2601.23153	D	-
2602.00665	D	-
2602.00885	D	-
2602.01137	D	-
2602.01161	D	-
2602.01738	D	-
2602.03300	D	-
2602.03414	D	-
2602.03772	K	TD
2602.04525	D	-
2602.04785	D	-
2602.05106	D	-
2602.05400	K	TD
2602.06359	D	-
2602.07173	D	-
2602.07243	D	-
2602.09590	D	-
2602.10657	K	TD
2602.11615	D	-
2602.11636	D	-
2602.12237	K	TD
2602.12394	D	-
2602.12414	K	TD
2602.13773	K	TD
2602.14012	D	-
2602.14687	D	-
2602.15210	K	TD
2602.15675	D	-
2602.17366	D	-
2602.17465	K	TD
2602.17554	D	-
2602.17835	D	-
2602.18633	D	-
2602.20122	D	-
2602.21218	D	-
2602.21492	D	-
2602.22843	D	-
2602.23610	D	-
2602.23620	D	-
2603.00051	D	-
2603.00059	D	-
2603.00515	D	-
2603.00829	D	-
2603.00889	K	TD
2603.01185	D	-
2603.01293	K	TD
2603.01907	D	-
2603.02091	D	-
2603.02909	D	-
2603.03906	D	-
2603.04346	D	-
2603.04415	D	-
2603.04692	D	-
2603.04828	D	-
2603.04964	K	TD
2603.07027	D	-
2603.08022	K	TD
2603.08893	D	-
2603.09403	D	-
2603.09625	D	-
2603.10254	D	-
2603.11955	D	-
2603.12165	D	-
2603.13201	D	-
2603.13790	D	-
2603.13972	K	TD
2603.16105	K	QG
2603.16920	D	-
2603.17205	D	-
2603.17220	D	-
2603.18005	D	-
2603.18073	D	-
2603.18361	D	-
2603.19149	K	TD
2603.21140	D	-
2603.21465	K	SK
2603.21529	D	-
2603.21606	D	-
2603.22213	D	-
2603.22290	D	-
2603.22294	D	-
2603.22332	D	-
2603.23562	K	TD
2603.24202	K	TR
2603.24826	K	TD
2603.25186	D	-
2603.25227	D	-
2603.26164	K	TD
2603.26983	D	-
2603.28058	D	-
2603.28858	K	TD
2603.29474	D	-
2603.29475	D	-
2604.00001	D	-
2604.00536	D	-
2604.01821	D	-
2604.02045	K	CO
2604.04204	D	-
2604.05117	D	-
2604.05663	D	-
2604.06834	D	-
2604.07147	D	-
2604.07486	D	-
2604.07769	D	-
2604.07892	D	-
2604.07963	K	TD
2604.08423	K	TD
2604.08519	K	TD
2604.09163	D	-
2604.09645	D	-
2604.10114	D	-
2604.11066	D	-
2604.11290	D	-
2604.12540	D	-
2604.13977	K	TD
2604.14198	D	-
2604.15706	K	TD
2604.16197	K	TD
2604.16380	K	TD
2604.16979	D	-
2604.17398	D	-
2604.17614	D	-
2604.17930	D	-
2604.19859	D	-
2604.20544	D	-
2604.20549	K	TD
2604.21104	D	-
2604.21590	K	MS
2604.23904	D	-
2604.24544	D	-
2604.25167	D	-
2604.26170	D	-
2604.28075	K	TD
2605.02277	D	-
2605.05159	D	-
2605.05227	K	TD
2605.05267	D	-
2605.05626	D	-
2605.06166	D	-
2605.07063	K	TD
2605.07201	D	-
2605.07454	D	-
2605.07488	D	-
2605.08138	D	-
2605.09665	D	-
2605.09697	D	-
2605.09855	D	-
2605.10129	K	TD
2605.10855	D	-
2605.11259	D	-
2605.11405	D	-
2605.12332	D	-
2605.12906	D	-
2605.13149	D	-
2605.14062	K	TD
2605.14381	D	-
2605.14773	D	-
2605.15167	D	-
2605.15220	K	TD
2605.16379	K	TD
2605.17003	D	-
2605.17432	D	-
2605.17528	D	-
2605.17758	D	-
2605.18029	D	-
2605.18607	K	TD
2605.18801	D	-
2605.18838	D	-
2605.20291	D	-
2605.20500	D	-
2605.21422	D	-
2605.22389	D	-
2605.23417	D	-
2605.24743	D	-
2605.25571	D	-
2605.26121	K	TD
2605.26132	K	TD
2605.26133	D	-
2605.26761	D	-
2605.26823	D	-
2605.27383	D	-
2605.28030	D	-
2605.28247	D	-
2605.28835	D	-
2605.29807	D	-
2605.29940	D	-
2605.30039	D	-
2605.30288	K	TD
2605.30334	K	TD
2605.30348	K	TD
2605.30407	D	-
2605.30537	D	-
2605.30582	D	-
2605.31126	K	TD
2606.00160	D	-
2606.01914	D	-
2606.03305	D	-
2606.03328	K	PU
2606.04401	K	TD
2606.06892	D	-
2606.07590	D	-
2606.07678	D	-
2606.07690	D	-
2606.07996	D	-
2606.08259	D	-
2606.09511	D	-
2606.10087	K	TD
2606.10481	D	-
2606.11127	D	-
2606.11416	D	-
2606.11459	D	-
2606.11499	K	TD
2606.11660	D	-
2606.12983	D	-
2606.13629	D	-
2606.13692	D	-
2606.14325	D	-
2606.15258	D	-
2606.16276	D	-
2606.16307	D	-
2606.16952	D	-
2606.18192	K	TD
2606.18307	D	-
2606.18389	D	-
2606.18650	K	TD
2606.19468	D	-
2606.20400	D	-
2606.21267	D	-
2606.21631	D	-
2606.21885	D	-
2606.23271	D	-
2606.23678	D	-
2606.24484	D	-
2606.25894	D	-
2606.26122	D	-
2606.26797	K	TD
2606.30077	D	-
2607.00890	K	TD
2607.01104	K	TD
2607.02460	D	-
2607.02680	D	-
2607.03929	D	-
2607.04563	D	-
2607.04631	D	-
2607.06140	D	-
2607.08646	K	TD
2607.09751	D	-
2607.14256	D	-
2607.15267	D	-
2607.16251	D	-
2607.17043	K	TD
2607.18199	D	-
2607.19108	D	-
2607.20465	D	-
2607.21173	D	-
2607.22376	D	-
2607.22662	K	TD
2607.22697	D	-
2607.22769	D	-
2607.24717	K	TD
2607.27928	D	-
2607.29283	D	-
2608.00015	D	-
2608.00383	D	-
2608.04268	D	-
2608.05993	D	-
2608.07141	D	-
2608.16926	D	-
2608.16927	D	-
2608.18158	D	-
2608.18655	D	-
2608.18681	D	-
2608.18689	D	-
2608.21019	K	QG
2608.21754	D	-
2608.23922	K	TD
2608.24192	D	-
2608.24263	D	-
2608.26088	D	-
2608.26563	K	TD
2608.27919	D	-
2608.28597	D	-
2608.29144	D	-
2608.30619	D	-
2608.30627	K	TD
2609.01575	D	-
2609.04461	D	-
2609.04511	D	-
2609.05198	K	PD
2609.05766	K	TD
2609.05899	D	-
2609.05913	D	-
2609.06053	D	-
2609.07183	D	-
2609.07780	D	-
2609.09425	K	TD
2609.09519	D	-
2609.10445	K	TD
2609.10750	D	-
2609.11148	K	TD
2609.12353	D	-
2609.13995	D	-
2609.16592	D	-
2609.17549	D	-
2609.18878	K	TD
2609.19617	D	-
2609.19754	K	TD
2609.21888	D	-
2609.22149	D	-
2609.22765	D	-
2609.24480	D	-
2609.25298	D	-
2609.27232	D	-
2609.29988	D	-
2501.02045	D	-
2501.02631	K	TK
2501.06246	K	TK
2501.06326	D	-
2501.06942	D	-
2501.07774	D	-
2501.10322	K	TK
2501.10582	D	-
2501.16975	K	TK
2501.17330	D	-
2502.00301	D	-
2502.00894	K	TK
2502.04397	D	-
2502.05701	D	-
2502.06468	D	-
2502.07057	D	-
2502.09741	K	TK
2502.10446	D	-
2502.10833	D	-
2502.12560	K	TK
2502.15343	D	-
2502.16806	K	PD
2502.19981	D	-
2502.21265	K	TK
2503.00089	D	-
2503.00152	D	-
2503.00224	D	-
2503.02057	D	-
2503.02174	D	-
2503.07493	D	-
2503.08179	D	-
2503.09645	D	-
2503.11513	D	-
2503.11629	D	-
2503.13423	K	TK
2503.14324	D	-
2503.17760	D	-
2503.20798	D	-
2503.22145	D	-
2503.22275	D	-
2504.01540	D	-
2504.02122	K	TK
2504.07989	D	-
2504.08818	D	-
2504.10335	D	-
2504.16977	D	-
2505.04637	D	-
2505.04880	D	-
2505.08736	D	-
2505.08918	D	-
2505.09738	K	CT
2505.14172	D	-
2505.14178	D	-
2505.14226	D	-
2505.15845	D	-
2505.16088	D	-
2505.16495	D	-
2505.17102	D	-
2505.17446	D	-
2505.17726	D	-
2505.19599	D	-
2505.21547	D	-
2505.21627	D	-
2505.24689	K	TK
2506.01687	K	TK
2506.03101	K	TK
2506.03149	K	TK
2506.06072	D	-
2506.06446	D	-
2506.06607	K	CT
2506.07541	K	TK
2506.07956	K	TK
2506.08188	D	-
2506.10095	D	-
2506.10641	D	-
2506.10766	K	TK
2506.11109	D	-
2506.11115	D	-
2506.12537	D	-
2506.14123	K	TK
2506.14761	K	TK
2506.15025	K	TK
2506.15138	K	TK
2506.15833	D	-
2506.15889	K	TK
2506.17789	D	-
2506.17912	D	-
2506.18674	K	TK
2506.19004	K	TK
2506.23102	D	-
2507.00316	D	-
2507.01645	D	-
2507.03241	D	-
2507.04886	D	-
2507.06378	D	-
2507.07824	D	-
2507.07955	K	TK
2507.11941	K	TK
2507.12720	K	TK
2507.13390	K	MR
2507.14017	D	-
2507.15773	K	MS
2507.18570	D	-
2507.20091	D	-
2507.22920	D	-
2507.23248	D	-
2508.00920	D	-
2508.01685	D	-
2508.02591	D	-
2508.04148	D	-
2508.05628	K	TK
2508.06475	D	-
2508.06533	K	TK
2508.06621	K	TK
2508.08635	D	-
2508.08961	D	-
2508.09952	D	-
2508.10327	D	-
2508.11857	K	TK
2508.13058	D	-
2508.14292	D	-
2508.14718	D	-
2508.15190	K	TK
2508.20718	D	-
2508.21206	D	-
2509.01772	D	-
2509.04476	D	-
2509.04485	D	-
2509.05486	K	TK
2509.08707	D	-
2509.10140	D	-
2509.11056	D	-
2509.13179	D	-
2509.15020	D	-
2509.15255	D	-
2509.18081	D	-
2509.18750	D	-
2509.20045	D	-
2509.21150	D	-
2509.22220	D	-
2509.23115	D	-
2509.24311	D	-
2509.25274	D	-
2509.26124	K	CT
2509.26634	D	-
2510.04450	D	-
2510.05674	D	-
2510.05699	D	-
2510.06128	D	-
2510.06673	D	-
2510.08102	K	TK
2510.09947	D	-
2510.12369	D	-
2510.12389	D	-
2510.13068	D	-
2510.14972	D	-
2510.15517	K	TK
2510.16987	K	TK
2510.17001	K	TK
2510.17959	D	-
2510.18019	D	-
2510.18840	D	-
2510.20853	D	-
2510.21372	D	-
2510.22968	D	-
2510.23127	D	-
2510.26847	D	-
2510.27254	D	-
2511.01380	D	-
2511.03237	K	TK
2511.03825	D	-
2511.04952	K	SG
2511.05324	D	-
2511.05516	D	-
2511.05578	K	TK
2511.08066	K	TK
2511.09709	D	-
2511.10056	D	-
2511.11758	D	-
2511.11910	D	-
2511.12693	D	-
2511.12922	D	-
2511.14221	D	-
2511.14806	D	-
2511.17573	D	-
2511.20565	D	-
2511.20849	K	TK
2511.23386	D	-
2512.03018	D	-
2512.03080	D	-
2512.04832	D	-
2512.11510	D	-
2512.13618	D	-
2512.14585	D	-
2512.18399	D	-
2512.20140	D	-
2512.20757	K	TK
2512.21913	K	TK
2512.21933	D	-
2601.00065	K	CT
2601.02867	K	TK
2601.03368	D	-
2601.04469	D	-
2601.05531	D	-
2601.05833	K	TK
2601.06117	D	-
2601.06142	D	-
2601.06213	D	-
2601.07220	D	-
2601.07632	D	-
2601.09039	K	TK
2601.09089	D	-
2601.10410	D	-
2601.11518	D	-
2601.11643	D	-
2601.11865	K	PD
2601.13260	K	TK
2601.14658	K	TK
2601.19781	D	-
2601.21665	K	TK
2601.21947	D	-
2602.00594	D	-
2602.01007	K	CT
2602.01554	D	-
2602.02338	D	-
2602.02548	D	-
2602.04215	D	-
2602.04241	D	-
2602.04289	K	TK
2602.04683	D	-
2602.04706	K	TK
2602.05347	D	-
2602.06394	D	-
2602.06942	D	-
2602.06973	D	-
2602.06998	D	-
2602.10603	D	-
2602.11174	D	-
2602.12286	D	-
2602.13266	D	-
2602.13940	K	TK
2602.14178	D	-
2602.14675	D	-
2602.15537	D	-
2602.16626	D	-
2602.17288	D	-
2602.17655	D	-
2602.18468	D	-
2602.21377	D	-
2602.22698	D	-
2603.02138	D	-
2603.02597	K	TK
2603.03583	K	TK
2603.04820	D	-
2603.05598	D	-
2603.05883	D	-
2603.06950	D	-
2603.10771	D	-
2603.11099	D	-
2603.11640	D	-
2603.13647	D	-
2603.15644	D	-
2603.15773	D	-
2603.15953	K	TK
2603.17052	D	-
2603.19017	D	-
2603.19261	K	TK
2603.22304	D	-
2603.22629	D	-
2603.22774	K	SG
2603.24258	D	-
2603.24955	D	-
2603.25309	D	-
2604.04155	D	-
2604.05072	D	-
2604.08106	D	-
2604.08698	D	-
2604.10665	D	-
2604.10799	K	CT
2604.11575	D	-
2604.11582	K	TK
2604.12377	D	-
2604.14053	D	-
2604.16037	D	-
2604.17105	D	-
2604.17814	D	-
2604.27263	K	TK
2605.01188	K	TK
2605.03799	D	-
2605.05773	D	-
2605.06708	D	-
2605.08044	K	TK
2605.09630	K	TK
2605.12928	K	TK
2605.13436	D	-
2605.13789	D	-
2605.14890	D	-
2605.16823	D	-
2605.16832	D	-
2605.17954	D	-
2605.18115	D	-
2605.18232	D	-
2605.22705	K	TK
2605.22821	K	TK
2605.24718	D	-
2605.26683	D	-
2605.27038	D	-
2605.29738	D	-
2605.30040	D	-
2605.30080	K	TK
2605.30813	K	TK
2606.04485	D	-
2606.05441	D	-
2606.06048	D	-
2606.07524	D	-
2606.08562	D	-
2606.09234	D	-
2606.09456	K	PD
2606.12113	D	-
2606.13289	D	-
2606.14122	K	TK
2606.15044	D	-
2606.15144	D	-
2606.15521	K	TK
2606.17358	D	-
2606.17707	D	-
2606.18717	D	-
2606.18986	D	-
2606.20089	D	-
2606.20993	D	-
2606.23566	K	TK
2606.23672	D	-
2606.24460	D	-
2606.24758	D	-
2606.26487	D	-
2606.27275	D	-
2606.28325	D	-
2606.30140	D	-
2606.31796	K	MR
2607.00174	D	-
2607.00780	D	-
2607.01239	D	-
2607.04064	D	-
2607.05691	D	-
2607.06054	D	-
2607.07478	D	-
2607.08221	D	-
2607.09754	D	-
2607.13398	D	-
2607.14205	D	-
2607.15209	D	-
2607.15232	K	CT
2607.16322	D	-
2607.17689	D	-
2607.18567	D	-
2607.21670	D	-
2607.22153	D	-
2607.23319	D	-
2607.23368	D	-
2607.24276	D	-
2607.26831	D	-
2607.28100	D	-
2607.29065	K	MA
2607.29678	K	SG
2608.00382	D	-
2608.00624	D	-
2608.00837	K	TK
2608.01153	D	-
2608.01473	D	-
2608.02935	D	-
2608.03471	D	-
2608.03599	K	TK
2608.03999	D	-
2608.04186	D	-
2608.04678	D	-
2608.06398	K	TK
2608.07727	D	-
2608.08847	K	TK
2608.09046	D	-
2608.10678	D	-
2608.10690	D	-
2608.11361	K	TK
2608.13129	D	-
2608.15080	D	-
2608.15454	K	TK
2608.16273	D	-
2608.17325	K	TK
2608.18062	K	TK
2608.18094	D	-
2608.22140	D	-
2608.24952	D	-
2608.25089	D	-
2608.25546	D	-
2608.25768	D	-
2608.26319	D	-
2608.27658	D	-
2608.28151	K	TK
2608.29930	D	-
2608.30092	D	-
2609.00378	D	-
2609.00463	K	TK
2609.01386	K	TK
2609.05022	D	-
2609.05333	D	-
2609.06674	D	-
2609.06690	D	-
2609.06749	D	-
2609.13149	D	-
2609.15528	K	TK
2609.15991	K	TK
2609.16984	D	-
2609.17553	D	-
2609.19145	K	TK
2609.21362	D	-
2609.22125	D	-
2609.22227	D	-
2609.23525	D	-
2609.25008	D	-
2609.25081	D	-
2609.29045	D	-
2501.12570	K	RE
2501.17974	K	RE
2501.18585	K	RE
2501.19201	K	RE
2502.05078	D	-
2502.07266	K	RE
2502.08235	K	RE
2502.12022	D	-
2502.12067	K	RE
2502.12134	K	RE
2502.15631	K	RE
2502.20122	K	RE
2503.01141	K	RE
2503.04472	K	RE
2503.09567	K	RE
2503.11074	D	-
2503.15341	D	-
2503.15952	K	RE
2503.16419	K	RE
2503.17979	K	RE
2503.18069	K	RE
2503.19602	K	RE
2503.20641	K	RE
2503.21614	K	RE
2503.22048	K	RE
2503.23077	K	RE
2503.24377	K	RE
2504.00016	D	-
2504.00424	K	RE
2504.01935	K	RE
2504.03234	K	RE
2504.05185	K	RE
2504.06514	D	-
2504.10368	K	RE
2504.10903	K	RE
2504.15989	D	-
2504.18579	K	AS
2504.19095	K	RE
2504.21370	K	RE
2504.21659	K	RE
2505.00127	K	RE
2505.03469	K	RE
2505.04881	K	RE
2505.10832	K	RE
2505.11274	K	RE
2505.13949	K	RE
2505.14582	K	RE
2505.14604	K	RE
2505.15400	K	RE
2505.15612	K	RE
2505.16315	K	RE
2505.16448	K	RE
2505.16838	K	RE
2505.17250	K	RE
2505.17312	K	RE
2505.17746	K	RL
2505.17941	K	RE
2505.18086	K	RE
2505.18298	K	RE
2505.18759	K	RE
2505.18822	K	RE
2505.19250	K	RE
2505.19716	K	RE
2505.19756	K	RE
2505.19788	K	RE
2505.19862	K	RE
2505.20101	K	RE
2505.20258	K	RE
2505.20664	K	RE
2505.21765	K	RE
2505.22017	D	-
2505.22113	D	-
2505.22411	K	RE
2505.22548	D	-
2505.22662	K	RE
2505.23059	D	-
2505.23480	K	RE
2505.23715	D	-
2505.23727	D	-
2505.24550	K	RE
2506.04205	K	RE
2506.04574	D	-
2506.04611	K	RT
2506.05256	K	RE
2506.06998	K	RE
2506.07104	K	RE
2506.08343	K	RE
2506.08390	K	RE
2506.10446	K	RE
2506.10822	K	RE
2506.10987	D	-
2506.12353	K	RE
2506.12860	K	RE
2506.13752	K	RE
2506.14374	D	-
2506.15647	K	RE
2506.18237	K	RE
2506.18810	K	RE
2506.19492	K	RE
2506.20160	K	RE
2506.22865	D	-
2506.23840	K	RE
2507.02663	K	RE
2507.04023	D	-
2507.04742	K	RE
2507.05362	D	-
2507.06087	K	RE
2507.06607	K	AH
2507.09662	K	RE
2507.14958	K	RE
2507.15758	K	RE
2507.15844	K	RE
2507.18305	D	-
2508.00324	D	-
2508.00574	K	RL
2508.00912	D	-
2508.02120	K	RE
2508.02178	K	RE
2508.05337	K	RE
2508.05988	K	RE
2508.06105	D	-
2508.08940	K	RE
2508.09726	K	RE
2508.10164	K	RE
2508.10293	K	RE
2508.11582	K	RE
2508.12140	D	-
2508.12604	K	RE
2508.13070	D	-
2508.13141	K	RE
2508.13654	D	-
2508.15507	K	RE
2508.15842	D	-
2508.17627	K	RE
2508.17803	K	RE
2508.18743	K	RE
2508.19277	D	-
2508.20373	D	-
2509.04027	K	RE
2509.06174	K	RE
2509.07339	K	RE
2509.07820	K	RE
2509.14093	K	RE
2509.17000	K	RE
2509.18382	D	-
2509.20744	K	RE
2509.21743	K	RE
2509.21960	D	-
2509.23392	K	RE
2509.24238	K	RL
2509.24375	K	TP
2509.25827	K	RE
2509.25958	K	RE
2510.00071	K	RE
2510.00546	K	RE
2510.01581	K	RE
2510.02249	K	RE
2510.02456	K	TD
2510.03805	K	RE
2510.04474	K	RE
2510.04617	D	-
2510.06750	K	RE
2510.07685	D	-
2510.07880	K	RE
2510.08026	K	RE
2510.08163	D	-
2510.08189	K	RT
2510.08457	D	-
2510.08647	K	RE
2510.09133	K	RE
2510.09535	K	RE
2510.10103	K	RE
2510.10168	K	RE
2510.10293	K	RE
2510.10528	D	-
2510.10977	K	RE
2510.12171	D	-
2510.12699	D	-
2510.13214	D	-
2510.13797	K	KE
2510.15110	K	RE
2510.17130	D	-
2510.17940	D	-
2510.19669	K	RE
2510.19767	K	RE
2510.21067	K	RE
2510.21093	D	-
2510.21148	D	-
2510.27419	K	RE
2511.01170	K	RE
2511.03408	K	RE
2511.03808	K	RE
2511.04108	D	-
2511.05747	K	RE
2511.06190	K	RE
2511.06530	D	-
2511.09158	K	RE
2511.10201	K	RE
2511.10645	K	Q4
2511.10714	D	-
2511.10788	K	RE
2511.12309	K	RT
2511.12987	K	RE
2511.13223	K	RE
2511.13782	D	-
2511.14258	K	RE
2511.15613	D	-
2511.16665	K	TR
2511.21397	D	-
2512.03057	D	-
2512.05033	K	RE
2512.07019	D	-
2512.09616	D	-
2512.15089	K	RE
2512.19585	K	RE
2512.21002	K	RE
2512.21540	K	RE
2512.24574	K	RE
2601.01718	K	MR
2601.02972	K	RE
2601.03093	K	RE
2601.03506	K	RE
2601.03550	K	RE
2601.03969	K	RE
2601.04442	D	-
2601.05053	K	RE
2601.05167	K	RE
2601.06993	D	-
2601.07123	K	RE
2601.08468	K	RE
2601.08679	D	-
2601.09981	D	-
2601.10109	K	RE
2601.10775	D	-
2601.11252	K	RE
2601.13112	D	-
2601.13879	D	-
2601.17982	K	RE
2601.18383	K	RE
2601.19001	K	RE
2601.20467	K	RE
2601.21418	K	RE
2601.21576	K	RE
2601.21711	K	RE
2601.22446	D	-
2601.22484	K	RE
2601.22730	K	RE
2602.00927	K	RE
2602.01198	K	RE
2602.01237	K	RE
2602.01472	K	RE
2602.03141	K	RE
2602.03380	D	-
2602.03814	K	RE
2602.05307	K	RE
2602.05539	K	RE
2602.06454	K	RE
2602.08324	K	RE
2602.08354	K	RE
2602.09485	D	-
2602.09574	K	RE
2602.09591	K	RE
2602.09805	K	RE
2602.09870	D	-
2602.09953	K	RE
2602.10004	K	RE
2602.10048	K	RE
2602.10625	D	-
2602.11639	K	RE
2602.11683	K	RE
2602.12113	K	RE
2602.12526	K	RE
2602.13407	K	RE
2602.13647	D	-
2602.14451	K	RE
2602.14798	D	-
2602.14917	K	RE
2602.17025	K	RE
2602.19049	K	RE
2602.19519	K	RE
2602.20945	K	RE
2602.21103	K	RE
2602.21786	K	RE
2602.22556	K	RE
2602.22642	K	RE
2603.00296	K	RE
2603.00578	K	RE
2603.02929	D	-
2603.03752	K	RE
2603.07619	D	-
2603.07915	K	RE
2603.08000	K	RE
2603.08462	K	RE
2603.08659	K	RE
2603.10335	K	RE
2603.12372	K	RE
2603.12529	K	RE
2603.13628	D	-
2603.14251	K	RE
2603.14745	D	-
2603.16867	K	RE
2603.17310	K	RE
2603.17449	K	RE
2603.19639	D	-
2603.21705	K	RE
2603.22016	K	RE
2603.26667	D	-
2604.01535	D	-
2604.02155	D	-
2604.02460	K	RT
2604.04120	K	RE
2604.05164	K	RE
2604.05355	K	RE
2604.05643	K	RE
2604.06465	K	RE
2604.06787	K	RE
2604.07079	D	-
2604.07922	K	RE
2604.09150	K	RE
2604.10352	D	-
2604.10739	K	RE
2604.10898	K	KE
2604.14214	K	RE
2604.14568	D	-
2604.16694	K	RE
2604.19780	K	RE
2604.23623	K	RE
2604.24003	K	RE
2605.05980	D	-
2605.07316	K	RE
2605.07501	K	RE
2605.07686	K	RE
2605.11019	K	RE
2605.11625	K	RE
2605.13338	D	-
2605.13414	D	-
2605.14036	D	-
2605.14344	D	-
2605.14448	D	-
2605.14450	D	-
2605.15041	D	-
2605.15221	D	-
2605.18464	D	-
2605.22211	K	RE
2605.23074	K	RE
2605.24998	K	RE
2605.27965	K	RE
2605.30832	K	RE
2606.00206	K	QG
2606.01168	K	RE
2606.01934	K	RE
2606.02835	D	-
2606.03965	K	RE
2606.04056	D	-
2606.07108	K	RE
2606.13370	D	-
2606.14150	K	PS
2606.17687	K	RE
2606.17890	K	RE
2606.17930	K	RT
2606.19927	D	-
2606.23181	K	RE
2606.24626	D	-
2607.00482	K	RE
2607.00862	K	RE
2607.01077	K	RE
2607.01518	D	-
2607.06909	D	-
2607.08173	D	-
2607.09786	D	-
2607.11089	K	RE
2607.17188	K	RE
2607.17266	D	-
2607.18006	D	-
2607.19962	K	RE
2607.21433	K	RE
2607.25825	D	-
2607.27189	D	-
2607.27879	D	-
2607.28707	K	RE
2607.28997	D	-
2607.29287	D	-
2608.04771	K	RE
2608.10447	D	-
2608.14071	K	TD
2608.17414	D	-
2608.20256	K	RE
2608.21883	D	-
2608.25277	D	-
2608.25583	K	RE
2608.26141	D	-
2608.26235	K	RE
2608.26442	D	-
2608.28859	K	RE
2609.00413	D	-
2609.00918	D	-
2609.04947	D	-
2609.05069	D	-
2609.14708	K	RE
2609.16255	D	-
2609.17019	K	RE
2609.19006	D	-
2609.20846	D	-
2609.24066	K	RE
2609.24760	D	-
2609.27156	K	RE
2609.29664	K	RE
2501.04519	K	RT
2501.04686	D	-
2501.06458	D	-
2501.07301	K	RT
2501.07861	D	-
2501.09686	K	RT
2501.09732	D	-
2501.10053	D	-
2501.10069	K	RT
2501.11223	K	RT
2501.13007	K	RT
2501.14304	D	-
2501.14723	K	RT
2501.16607	D	-
2501.18841	D	-
2501.19306	K	RT
2501.19393	K	RT
2502.00028	D	-
2502.00085	K	DP
2502.00511	K	RT
2502.00580	D	-
2502.00955	D	-
2502.01456	K	TR
2502.01618	K	RT
2502.01633	D	-
2502.01989	D	-
2502.02384	D	-
2502.02390	D	-
2502.03438	D	-
2502.04576	D	-
2502.04728	D	-
2502.05449	K	RT
2502.06233	K	RT
2502.06813	D	-
2502.07154	K	RT
2502.08922	D	-
2502.10325	D	-
2502.11250	D	-
2502.12018	K	RT
2502.12118	K	RT
2502.12215	K	RT
2502.12468	D	-
2502.12663	D	-
2502.12668	K	RT
2502.13428	D	-
2502.13962	D	-
2502.15845	D	-
2502.17248	D	-
2502.17407	D	-
2502.17651	D	-
2502.18080	K	RT
2502.18407	D	-
2502.18418	D	-
2502.18487	D	-
2502.18581	K	RT
2502.20379	K	RT
2503.00031	K	RT
2503.00845	D	-
2503.01422	K	RT
2503.04378	D	-
2503.04412	K	RT
2503.04618	D	-
2503.07154	K	RT
2503.07572	K	RT
2503.12123	D	-
2503.12499	D	-
2503.12505	D	-
2503.13447	D	-
2503.13551	D	-
2503.16040	D	-
2503.18476	D	-
2503.19385	D	-
2503.19855	K	RT
2503.19877	D	-
2503.21295	K	RT
2503.21878	K	RT
2503.23395	D	-
2503.23803	D	-
2503.24235	K	RT
2503.24320	D	-
2504.00294	K	RT
2504.00762	K	RT
2504.00810	K	RT
2504.00869	D	-
2504.00891	K	RT
2504.01317	D	-
2504.01857	D	-
2504.02426	D	-
2504.02495	K	RT
2504.03790	K	RT
2504.04718	D	-
2504.05732	D	-
2504.07052	K	RT
2504.07104	D	-
2504.07891	K	RT
2504.09130	D	-
2504.09440	D	-
2504.09772	D	-
2504.10337	K	RT
2504.14047	K	RT
2504.15253	D	-
2504.15275	K	RT
2504.15466	K	RT
2504.16728	D	-
2504.16828	K	RT
2504.16855	D	-
2504.18070	D	-
2504.19981	D	-
2504.20271	D	-
2505.00610	D	-
2505.00684	D	-
2505.01482	D	-
2505.03156	D	-
2505.04671	D	-
2505.04842	K	RT
2505.05408	D	-
2505.09031	D	-
2505.10772	D	-
2505.10981	D	-
2505.11122	D	-
2505.11227	K	RT
2505.11484	K	RT
2505.11730	K	RT
2505.11875	D	-
2505.11966	K	RT
2505.12050	D	-
2505.12185	D	-
2505.12225	K	RT
2505.12570	D	-
2505.13271	D	-
2505.13427	D	-
2505.13672	K	RT
2505.14656	D	-
2505.14674	K	RT
2505.15508	D	-
2505.16122	K	RT
2505.17155	K	RT
2505.17288	D	-
2505.17348	D	-
2505.17373	K	RT
2505.17427	D	-
2505.18065	K	RT
2505.18149	K	RT
2505.18404	K	RT
2505.18948	K	RT
2505.19187	K	RT
2505.19621	D	-
2505.19634	K	RT
2505.20325	K	RT
2505.20522	K	RT
2505.20737	D	-
2505.21941	D	-
2505.22290	D	-
2505.22960	K	RT
2505.23474	D	-
2505.23604	D	-
2505.23621	D	-
2506.00027	D	-
2506.00189	K	RT
2506.00925	D	-
2506.01369	K	RT
2506.02591	D	-
2506.03978	K	RT
2506.04210	K	RT
2506.04301	K	RT
2506.04592	D	-
2506.05213	D	-
2506.05295	K	RT
2506.05589	D	-
2506.06444	D	-
2506.06524	D	-
2506.08691	D	-
2506.08927	D	-
2506.09026	K	RT
2506.09338	K	RT
2506.09701	K	DC
2506.11166	D	-
2506.11274	K	RT
2506.11442	D	-
2506.11902	K	TR
2506.12721	K	RT
2506.12728	D	-
2506.12928	K	RT
2506.13102	D	-
2506.13746	D	-
2506.15498	D	-
2506.15707	K	RT
2506.15733	K	RT
2506.15882	K	RT
2506.17417	D	-
2506.18781	D	-
2506.18896	K	RT
2506.20544	D	-
2506.20729	D	-
2506.21590	D	-
2506.22376	K	RT
2506.23056	D	-
2506.23601	D	-
2507.00008	D	-
2507.02076	K	RT
2507.05557	D	-
2507.06829	K	RT
2507.08024	D	-
2507.09374	D	-
2507.10007	D	-
2507.12399	K	RT
2507.14202	D	-
2507.14417	K	RT
2507.14419	K	RT
2507.15512	D	-
2507.15974	D	-
2507.17797	K	RT
2507.22800	D	-
2507.23317	D	-
2507.23370	D	-
2508.01969	K	RT
2508.03333	D	-
2508.03404	D	-
2508.03556	D	-
2508.03979	K	RT
2508.04088	D	-
2508.06124	D	-
2508.09968	D	-
2508.10024	D	-
2508.10264	D	-
2508.12361	D	-
2508.14313	K	RT
2508.15202	D	-
2508.15260	K	RT
2508.16665	K	RT
2508.16745	D	-
2508.18395	D	-
2508.18648	D	-
2508.19576	D	-
2508.19903	D	-
2508.21228	D	-
2509.00084	K	RT
2509.00195	K	RT
2509.01649	K	PD
2509.03581	D	-
2509.04475	K	RT
2509.06493	D	-
2509.06861	K	RT
2509.07980	K	RT
2509.09284	D	-
2509.09438	D	-
2509.09864	K	RT
2509.12208	D	-
2509.12603	D	-
2509.13990	K	RT
2509.15110	K	RT
2509.15148	K	RT
2509.15796	D	-
2509.16548	D	-
2509.17905	D	-
2509.19003	D	-
2509.19489	D	-
2509.19645	K	RT
2509.20368	K	RT
2509.20838	D	-
2509.20935	D	-
2509.21100	D	-
2509.21154	K	TR
2509.21240	K	TR
2509.22101	D	-
2509.22431	D	-
2509.22876	D	-
2509.23152	D	-
2509.23236	D	-
2509.24403	D	-
2509.24460	D	-
2509.24560	D	-
2509.24967	D	-
2509.25454	K	TR
2509.25835	D	-
2509.26578	D	-
2509.26626	K	RT
2510.00492	K	RT
2510.00931	K	RT
2510.01279	D	-
2510.02377	D	-
2510.02611	K	RT
2510.03574	D	-
2510.03605	K	RT
2510.03632	D	-
2510.03638	K	RL
2510.05379	D	-
2510.05825	D	-
2510.06014	D	-
2510.06135	D	-
2510.06217	D	-
2510.06471	D	-
2510.08049	K	RT
2510.08592	D	-
2510.08964	D	-
2510.08992	D	-
2510.09599	D	-
2510.09988	K	RT
2510.10787	D	-
2510.10885	D	-
2510.11170	K	RT
2510.12164	K	RT
2510.12167	K	RT
2510.12516	D	-
2510.13804	D	-
2510.13918	K	RT
2510.14232	K	RT
2510.14913	K	RT
2510.15444	K	RT
2510.15674	D	-
2510.16449	K	RT
2510.16916	D	-
2510.17472	D	-
2510.17509	D	-
2510.17786	D	-
2510.18424	D	-
2510.18442	D	-
2510.20272	D	-
2510.21604	D	-
2510.21757	D	-
2510.22228	K	PS
2510.23217	D	-
2510.23393	K	TR
2510.23458	D	-
2510.25623	D	-
2510.26287	D	-
2511.00751	K	RT
2511.01203	D	-
2511.02309	K	RT
2511.02603	K	RT
2511.02854	D	-
2511.05849	D	-
2511.06209	K	RT
2511.07869	K	DJ
2511.08325	D	-
2511.08596	D	-
2511.09345	K	RT
2511.09900	D	-
2511.10648	D	-
2511.11518	D	-
2511.12063	D	-
2511.14772	K	RT
2511.18630	D	-
2511.19314	D	-
2511.19895	D	-
2511.22688	D	-
2512.00466	K	RT
2512.01127	K	RT
2512.01457	K	RT
2512.02008	K	RT
2512.02874	K	RT
2512.03244	K	RT
2512.04558	K	RT
2512.05336	D	-
2512.05542	K	RT
2512.09538	D	-
2512.09854	D	-
2512.11213	D	-
2512.11847	K	RL
2512.17912	D	-
2512.18311	D	-
2512.19081	D	-
2512.19433	D	-
2512.19905	D	-
2512.20647	D	-
2512.23167	D	-
2601.01332	K	TP
2601.02535	D	-
2601.02970	K	RT
2601.04767	D	-
2601.05593	K	RT
2601.06022	D	-
2601.06423	D	-
2601.07293	D	-
2601.08777	D	-
2601.09093	K	RT
2601.09855	K	RT
2601.12294	D	-
2601.12355	D	-
2601.12842	D	-
2601.15808	D	-
2601.16486	D	-
2601.17223	D	-
2601.18197	D	-
2601.18984	D	-
2601.21484	D	-
2601.21619	K	RT
2601.21684	K	RT
2601.21839	D	-
2601.21872	D	-
2601.22129	D	-
2601.22230	D	-
2601.22249	D	-
2601.22636	D	-
2601.22925	D	-
2601.23027	K	RT
2602.00611	D	-
2602.01208	D	-
2602.01381	K	RT
2602.01566	D	-
2602.01660	D	-
2602.01709	D	-
2602.02143	K	RT
2602.02443	K	RT
2602.03873	D	-
2602.03975	D	-
2602.04248	D	-
2602.05385	D	-
2602.06493	D	-
2602.06527	D	-
2602.06566	D	-
2602.06600	D	-
2602.07832	D	-
2602.08344	K	RT
2602.08948	K	RT
2602.09438	D	-
2602.10329	D	-
2602.10418	D	-
2602.12276	D	-
2602.12279	D	-
2602.12574	D	-
2602.12846	D	-
2602.13310	D	-
2602.13517	K	RT
2602.14083	D	-
2602.14089	D	-
2602.18998	D	-
2602.21368	D	-
2602.21585	D	-
2602.23681	D	-
2603.00207	D	-
2603.01692	D	-
2603.02519	D	-
2603.03292	D	-
2603.03417	K	RT
2603.03686	D	-
2603.05739	K	RT
2603.06621	D	-
2603.07159	D	-
2603.07887	K	RT
2603.08269	D	-
2603.08987	D	-
2603.09551	D	-
2603.10960	D	-
2603.12149	D	-
2603.12520	D	-
2603.12634	D	-
2603.12740	D	-
2603.14410	D	-
2603.15377	K	RT
2603.19118	D	-
2603.20224	K	SN
2603.21162	K	RT
2603.22492	D	-
2603.24917	D	-
2603.29301	D	-
2603.29559	D	-
2604.00510	K	RT
2604.01302	K	RT
2604.01430	D	-
2604.02341	D	-
2604.04648	D	-
2604.06079	D	-
2604.08216	D	-
2604.10493	D	-
2604.10660	D	-
2604.10734	D	-
2604.11104	D	-
2604.12196	D	-
2604.14712	D	-
2604.14820	D	-
2604.14853	K	RT
2604.15075	D	-
2604.15614	D	-
2604.16029	K	RT
2604.16529	K	RT
2604.16535	D	-
2604.17112	D	-
2604.17282	D	-
2604.17304	K	RT
2604.17433	D	-
2604.17794	D	-
2604.19395	D	-
2604.21611	D	-
2604.24070	D	-
2604.24198	D	-
2604.24583	D	-
2604.25098	K	PS
2604.26173	D	-
2604.26644	D	-
2604.26954	D	-
2605.01203	D	-
2605.01566	K	RT
2605.02348	D	-
2605.03339	D	-
2605.03505	D	-
2605.04559	D	-
2605.05561	K	QG
2605.05873	D	-
2605.08000	D	-
2605.08070	D	-
2605.08083	D	-
2605.08427	D	-
2605.08658	D	-
2605.09745	D	-
2605.10158	K	RT
2605.10344	D	-
2605.10762	D	-
2605.11299	D	-
2605.11374	D	-
2605.12987	D	-
2605.14186	D	-
2605.15100	D	-
2605.15177	K	RT
2605.15513	K	RT
2605.16524	D	-
2605.17539	D	-
2605.20473	D	-
2605.22102	D	-
2605.22137	D	-
2605.23280	D	-
2605.25143	K	RT
2605.27030	K	RT
2605.27485	D	-
2605.27570	K	RT
2605.28142	K	RT
2605.28224	D	-
2605.30713	D	-
2605.30898	K	RT
2606.00532	D	-
2606.00660	D	-
2606.00739	D	-
2606.01464	D	-
2606.02981	D	-
2606.03102	K	RT
2606.04323	D	-
2606.04579	D	-
2606.05054	D	-
2606.05729	D	-
2606.06002	D	-
2606.06915	K	RT
2606.08231	D	-
2606.08696	D	-
2606.10621	D	-
2606.11576	D	-
2606.12003	D	-
2606.12563	D	-
2606.12935	K	RT
2606.13473	K	RT
2606.13598	D	-
2606.15197	D	-
2606.16774	D	-
2606.18381	D	-
2606.18910	K	RT
2606.20740	D	-
2606.25354	K	RT
2606.25552	D	-
2606.26399	D	-
2606.27376	D	-
2606.28661	K	RT
2606.28864	D	-
2606.29718	D	-
2606.30653	D	-
2606.30851	D	-
2607.01179	K	RT
2607.06799	D	-
2607.07748	D	-
2607.08065	D	-
2607.08116	K	SE
2607.09438	D	-
2607.10139	D	-
2607.11258	D	-
2607.11598	K	RT
2607.12227	D	-
2607.13416	D	-
2607.14386	D	-
2607.15277	D	-
2607.17454	D	-
2607.17531	D	-
2607.18244	D	-
2607.18915	D	-
2607.18979	K	RT
2607.21453	K	RT
2607.21591	D	-
2607.22962	D	-
2607.27415	D	-
2607.28457	D	-
2607.28573	D	-
2607.29055	D	-
2608.03961	K	RT
2608.04001	K	RT
2608.04071	D	-
2608.05188	D	-
2608.05643	D	-
2608.07968	K	RT
2608.08020	K	RT
2608.08675	D	-
2608.08958	D	-
2608.09351	K	RT
2608.09706	D	-
2608.09898	D	-
2608.10928	D	-
2608.11403	D	-
2608.11829	K	PD
2608.11994	D	-
2608.15065	K	RT
2608.15303	D	-
2608.15354	D	-
2608.16425	K	RT
2608.18795	D	-
2608.18931	K	RT
2608.22191	D	-
2608.24024	D	-
2608.24590	D	-
2608.25505	K	DI
2608.25775	D	-
2608.26070	K	RT
2608.26329	D	-
2608.28496	D	-
2608.28639	D	-
2608.28660	D	-
2608.30156	D	-
2608.30395	K	RT
2608.30952	D	-
2609.03254	D	-
2609.09776	D	-
2609.13824	D	-
2609.19499	K	SN
2609.25047	D	-
2609.25510	K	RT
2609.26779	K	XP
2609.27374	K	RT
2501.01423	D	-
2502.01567	K	RL
2502.03766	D	-
2502.04686	D	-
2502.05171	K	RL
2502.08482	K	RL
2502.08947	D	-
2502.12744	D	-
2502.16280	D	-
2502.17416	K	RL
2503.07018	D	-
2503.07604	K	RL
2503.07851	D	-
2503.15451	D	-
2503.17142	D	-
2503.18866	K	RL
2503.24282	D	-
2504.03635	K	RL
2504.05081	D	-
2504.07986	K	RE
2504.10983	D	-
2504.18872	D	-
2504.21423	D	-
2505.05163	D	-
2505.12514	K	RL
2505.13308	K	RL
2505.16552	K	RL
2505.16782	K	RL
2505.17071	D	-
2505.18454	K	RL
2505.18962	K	RL
2505.19092	D	-
2505.20435	D	-
2505.22202	K	RL
2505.23653	K	RL
2506.08552	K	RL
2506.16078	D	-
2506.19088	D	-
2506.19418	D	-
2507.00002	D	-
2507.00425	K	MA
2507.02199	K	RL
2507.06203	K	RL
2507.08182	K	RL
2507.08567	K	MA
2507.09709	D	-
2507.13236	D	-
2507.16473	D	-
2508.02452	D	-
2508.03142	D	-
2508.05129	D	-
2508.08926	D	-
2508.12587	D	-
2509.02350	K	RL
2509.04058	D	-
2509.09708	D	-
2509.12875	K	RL
2509.15859	D	-
2509.20317	K	RL
2509.22131	K	RL
2509.23184	K	RL
2509.23365	K	RL
2509.24435	K	RL
2509.24771	K	RL
2509.24884	K	RL
2509.25020	K	RL
2509.25239	K	RL
2509.26314	K	RL
2510.00219	K	RL
2510.00355	K	RL
2510.00494	K	RL
2510.00537	K	TS
2510.02312	K	RL
2510.04182	K	RL
2510.04573	K	RL
2510.05069	K	RL
2510.06529	D	-
2510.07358	K	RL
2510.07745	K	RL
2510.12460	D	-
2510.13849	D	-
2510.14095	K	RL
2510.15522	K	RL
2510.15987	D	-
2510.20733	D	-
2510.22042	D	-
2510.23925	D	-
2510.24824	K	RL
2510.24940	K	RL
2510.25741	K	RL
2510.26935	D	-
2511.02360	D	-
2511.04506	D	-
2511.07124	K	RL
2511.08577	K	RL
2511.08983	K	RL
2511.09149	D	-
2511.12035	D	-
2511.12485	D	-
2511.16885	K	RL
2511.16886	K	RL
2511.18659	D	-
2511.20639	K	RL
2511.21581	K	RL
2512.02240	D	-
2512.09535	D	-
2512.12623	D	-
2512.19171	K	RL
2512.21257	D	-
2512.21711	K	RL
2512.24102	D	-
2512.24617	K	RL
2601.02996	D	-
2601.03417	D	-
2601.05823	D	-
2601.06123	K	RL
2601.06803	D	-
2601.09269	D	-
2601.10242	K	RL
2601.18350	D	-
2601.21262	D	-
2601.21358	K	RL
2601.21611	D	-
2601.23184	K	RL
2602.00638	D	-
2602.01695	D	-
2602.03994	D	-
2602.04246	K	RL
2602.04476	D	-
2602.05359	D	-
2602.07790	D	-
2602.08100	K	RL
2602.08220	K	RL
2602.08332	K	RL
2602.08984	K	RL
2602.09850	D	-
2602.10229	K	RL
2602.10520	K	RL
2602.11451	K	RL
2602.12418	D	-
2602.13738	D	-
2602.14077	K	RL
2602.16284	K	KE
2602.20980	D	-
2602.21228	D	-
2602.22766	D	-
2602.23753	D	-
2603.01425	D	-
2603.03475	D	-
2603.04948	K	RL
2603.06222	K	RL
2603.08391	K	RL
2603.09803	K	RL
2603.10544	K	MA
2603.12166	D	-
2603.15051	K	RL
2603.19714	K	RL
2603.20219	K	RL
2603.25629	D	-
2604.00770	D	-
2604.02073	D	-
2604.03242	D	-
2604.03307	D	-
2604.04902	D	-
2604.06086	D	-
2604.06374	K	RL
2604.07518	D	-
2604.07822	K	RL
2604.08065	D	-
2604.08299	K	RL
2604.08335	D	-
2604.09757	D	-
2604.12946	K	RL
2604.17892	K	RL
2604.19087	K	RL
2604.19488	D	-
2604.20328	D	-
2604.21106	K	RL
2604.21254	K	RL
2604.21593	D	-
2604.22709	K	RL
2604.23460	D	-
2604.25917	D	-
2604.26760	D	-
2605.00271	D	-
2605.00972	D	-
2605.02735	D	-
2605.06285	D	-
2605.07106	D	-
2605.07315	K	RL
2605.07721	K	RL
2605.07748	K	DD
2605.08221	D	-
2605.08802	D	-
2605.09165	K	RL
2605.09346	K	RL
2605.11262	D	-
2605.11856	D	-
2605.12163	D	-
2605.12374	D	-
2605.12466	K	RL
2605.12809	D	-
2605.15315	D	-
2605.20128	D	-
2605.20519	D	-
2605.20670	K	RL
2605.21642	D	-
2605.23872	K	RL
2605.24869	K	MA
2605.25745	K	RL
2605.26733	K	RL
2605.28292	K	RL
2605.28422	D	-
2605.29068	D	-
2605.30202	K	MA
2605.30343	K	RL
2605.30587	D	-
2605.31378	D	-
2606.01243	D	-
2606.02248	K	RL
2606.02765	K	MA
2606.02871	D	-
2606.03741	D	-
2606.05315	K	RL
2606.06252	K	RL
2606.06447	K	RL
2606.07720	K	RL
2606.08454	D	-
2606.09664	D	-
2606.10184	K	RL
2606.12689	D	-
2606.14142	D	-
2606.14795	D	-
2606.16222	K	RL
2606.16360	K	RL
2606.18206	K	RL
2606.24898	K	RL
2606.26535	D	-
2606.27378	D	-
2606.27684	D	-
2606.29164	D	-
2606.29712	K	RL
2606.29928	D	-
2606.30168	D	-
2606.31779	K	RL
2606.31986	D	-
2607.00461	D	-
2607.01308	D	-
2607.02907	D	-
2607.03279	D	-
2607.03502	D	-
2607.04179	D	-
2607.08724	D	-
2607.08775	K	RL
2607.10110	K	RL
2607.10128	K	RL
2607.10296	D	-
2607.11233	D	-
2607.13491	K	RL
2607.14242	D	-
2607.15178	K	RL
2607.17060	D	-
2607.17674	D	-
2607.18264	K	RL
2607.18553	D	-
2607.18618	D	-
2607.20952	D	-
2607.21333	D	-
2607.22925	D	-
2607.24617	D	-
2607.27760	D	-
2607.28007	D	-
2607.29185	D	-
2608.00743	D	-
2608.01593	K	RL
2608.02585	D	-
2608.03263	D	-
2608.03450	D	-
2608.03838	D	-
2608.04928	D	-
2608.06013	D	-
2608.08113	K	RL
2608.09333	D	-
2608.09444	K	RL
2608.10492	D	-
2608.11233	K	CO
2608.13570	D	-
2608.18171	K	RL
2608.18230	K	RL
2608.18581	D	-
2608.20617	D	-
2608.21487	D	-
2608.27265	D	-
2608.29956	D	-
2609.01924	D	-
2609.03379	K	RL
2609.04489	K	RL
2609.04782	D	-
2609.04963	D	-
2609.07406	K	RL
2609.07821	K	RL
2609.09928	K	RL
2609.12317	D	-
2609.15160	K	RL
2609.15338	K	RL
2609.20398	D	-
2609.21662	D	-
2609.22228	D	-
2609.24196	K	RL
2609.27058	D	-
2609.27248	K	RL
2609.28212	K	MA
2609.29457	D	-
2501.01625	K	XP
2501.06730	K	XP
2501.12959	K	XP
2502.12085	K	SP
2502.13374	K	XP
2502.14925	D	-
2502.15957	D	-
2503.02756	D	-
2503.07956	K	XP
2503.10337	K	XP
2503.10720	K	XP
2503.19114	K	XP
2504.08934	K	XP
2504.11004	K	XP
2504.16574	K	XP
2504.21311	D	-
2505.00019	K	XP
2505.12215	K	XP
2505.15774	K	XP
2505.23277	K	XP
2506.12707	D	-
2506.15001	K	XP
2507.05633	K	XP
2507.11942	K	XP
2507.22931	K	XP
2508.02053	K	XP
2508.15813	K	XP
2508.17892	K	XP
2508.19282	K	XP
2509.09199	K	XP
2509.15763	K	XP
2509.17486	K	XP
2510.00446	K	XP
2510.00615	K	XP
2510.08907	K	XP
2510.13799	K	XP
2510.20535	K	XP
2511.04919	K	XP
2511.12869	D	-
2511.15244	K	XP
2511.17129	D	-
2511.18832	K	XP
2512.03643	K	XP
2512.04550	K	XP
2512.14244	K	XP
2601.05038	K	XP
2601.07190	K	XP
2601.16746	K	XP
2602.01719	K	XP
2602.01778	K	XP
2602.01840	K	XP
2602.02597	D	-
2602.03784	K	XP
2602.07778	D	-
2602.09789	K	XP
2602.13980	K	XP
2603.09222	K	XP
2603.12646	D	-
2603.14045	D	-
2603.19635	K	XP
2603.19733	K	XP
2603.21663	K	XP
2603.23527	D	-
2603.23528	D	-
2603.25926	K	XP
2603.29193	K	XP
2604.02985	K	XP
2604.12301	D	-
2604.13066	D	-
2604.13725	D	-
2604.14889	K	XP
2604.20920	K	AS
2604.23277	K	XP
2605.09100	D	-
2605.09463	K	XP
2605.11051	D	-
2605.11774	D	-
2605.17304	D	-
2605.26596	K	XP
2605.28069	K	XP
2605.28713	K	XP
2606.03768	K	XP
2606.09421	D	-
2606.09659	K	XP
2606.14875	D	-
2606.19364	D	-
2606.20571	K	XP
2606.21732	D	-
2606.28601	D	-
2606.29251	D	-
2607.01241	K	XP
2607.07847	D	-
2607.08180	D	-
2607.08399	K	XP
2607.09403	D	-
2607.15516	K	XP
2607.17486	K	XP
2607.19368	K	XP
2608.04569	D	-
2608.11775	D	-
2608.19535	K	XP
2608.24188	K	XP
2608.26175	D	-
2608.26949	D	-
2608.29640	D	-
2609.05152	K	XP
2609.11192	K	XP
2609.13154	D	-
2609.22100	K	XP
2609.25537	K	XP
2609.29875	K	XP
2501.01163	D	-
2501.01986	K	XV
2501.02268	K	XV
2501.02430	K	XV
2501.03458	D	-
2501.05179	K	XV
2501.09532	K	XV
2501.12206	D	-
2501.13652	K	XV
2501.14204	K	XV
2501.16658	D	-
2501.16786	D	-
2501.17391	K	XV
2501.19036	K	XV
2502.00717	D	-
2502.00791	K	XV
2502.01025	K	XP
2502.01419	D	-
2502.01906	K	XV
2502.01969	D	-
2502.02458	K	XV
2502.11494	K	XV
2502.11501	K	XV
2502.14504	K	XV
2502.18512	K	XV
2502.20750	D	-
2503.02175	K	XV
2503.04130	K	XV
2503.07588	D	-
2503.07603	K	TP
2503.07772	D	-
2503.08019	K	XV
2503.10501	K	XV
2503.10742	K	XV
2503.11187	K	XV
2503.11549	K	XV
2503.12446	D	-
2503.13108	K	XV
2503.13983	D	-
2503.16013	D	-
2503.16036	K	XV
2503.16980	K	XV
2503.18278	K	XV
2503.18556	D	-
2503.20540	K	XV
2503.21757	K	XV
2503.21817	K	XV
2503.23367	D	-
2504.00502	K	XV
2504.00654	K	XV
2504.01328	K	XV
2504.03154	K	XV
2504.04024	K	XV
2504.04514	K	XP
2504.04653	K	XV
2504.08966	K	XV
2504.09644	D	-
2504.10465	D	-
2504.10854	D	-
2504.14692	D	-
2504.17343	K	XV
2504.17892	K	XV
2504.20493	D	-
2505.07538	D	-
2505.08058	D	-
2505.09415	D	-
2505.10118	K	XV
2505.12359	K	XV
2505.14454	K	XV
2505.15529	K	XV
2505.17020	K	XV
2505.18757	K	XV
2505.18842	D	-
2505.19217	K	RE
2505.19498	D	-
2505.19536	K	XV
2505.20100	K	XV
2505.20288	D	-
2505.21233	K	XV
2505.21334	K	XV
2505.21472	D	-
2505.22038	K	XV
2505.22654	K	XV
2506.01097	K	XV
2506.03928	K	XV
2506.05331	D	-
2506.07077	D	-
2506.07235	D	-
2506.09522	D	-
2506.10967	K	XV
2506.13166	K	XV
2506.17218	D	-
2506.20214	D	-
2506.21873	D	-
2506.22283	K	XV
2506.23639	D	-
2507.00505	D	-
2507.02279	K	XV
2507.07990	K	XV
2507.08806	K	RE
2507.09184	D	-
2507.09334	D	-
2507.10302	K	XV
2507.14423	D	-
2507.14497	D	-
2507.20198	K	XV
2507.20630	K	XV
2507.20842	K	XV
2507.21420	K	XV
2507.23318	D	-
2508.00553	K	XV
2508.01548	K	XV
2508.02134	D	-
2508.03426	D	-
2508.05211	K	XV
2508.06038	K	XV
2508.06084	K	XV
2508.07871	K	XV
2508.09981	K	XV
2508.11886	D	-
2508.13204	K	XV
2508.13305	D	-
2508.13666	D	-
2508.16201	K	DS
2508.17243	K	XV
2508.17686	K	XV
2508.17807	K	XV
2508.17857	K	XV
2508.17890	D	-
2508.18264	K	XV
2508.18773	K	RE
2508.21044	K	XV
2509.00320	K	XV
2509.01552	K	XV
2509.06415	D	-
2509.06422	D	-
2509.12159	D	-
2509.13067	K	XV
2509.13676	D	-
2509.15704	K	XV
2509.16476	D	-
2509.21984	D	-
2509.21991	K	XV
2509.22400	D	-
2509.23663	K	XV
2509.23873	K	TD
2509.23931	K	XV
2509.24251	D	-
2509.24837	K	XV
2510.02912	K	XV
2510.07143	K	XV
2510.07567	D	-
2510.09008	D	-
2510.12793	K	XV
2510.13232	D	-
2510.16598	K	XV
2510.16753	D	-
2510.17197	K	XV
2510.17205	K	XV
2510.17364	K	XV
2510.17777	K	XV
2510.22936	K	XV
2510.24214	K	XV
2511.02650	K	XV
2511.06256	D	-
2511.06283	D	-
2511.08003	K	XV
2511.09883	D	-
2511.10081	K	XV
2511.12280	K	DI
2511.12371	D	-
2511.12428	K	DI
2511.12738	D	-
2511.14072	K	XV
2511.14169	K	XV
2511.17885	K	XV
2511.17945	K	XV
2511.18875	K	XV
2511.18920	K	XV
2511.19418	D	-
2511.20439	K	XV
2511.20973	K	XV
2512.00891	K	XV
2512.01949	K	XV
2512.02700	K	XV
2512.03794	K	XV
2512.04939	D	-
2512.06866	K	XV
2512.07580	K	XV
2512.08240	K	XV
2512.08374	D	-
2512.09010	K	XV
2512.10324	D	-
2512.10548	D	-
2512.18496	K	XV
2512.18747	K	XV
2512.19443	K	XV
2512.20561	K	XV
2512.21333	D	-
2512.22748	K	XV
2601.03714	K	XV
2601.03928	D	-
2601.12042	D	-
2601.16615	D	-
2601.17818	K	XV
2601.20147	D	-
2601.20742	D	-
2601.21531	D	-
2601.22674	K	XV
2602.00247	K	XV
2602.00344	D	-
2602.00462	D	-
2602.00946	K	XV
2602.01530	D	-
2602.01901	K	XV
2602.02951	K	XV
2602.03060	K	XV
2602.03134	K	XV
2602.03615	K	XV
2602.03815	K	XV
2602.04657	K	XV
2602.04804	K	XV
2602.05275	D	-
2602.05809	K	XV
2602.06914	D	-
2602.07574	K	XV
2602.08024	K	XV
2602.09521	D	-
2602.11656	D	-
2602.12618	K	XV
2602.13315	K	XV
2602.17196	K	XV
2602.18846	K	XV
2602.19615	D	-
2602.19870	K	XV
2602.20205	K	XV
2602.23699	K	XV
2602.24041	D	-
2603.00155	D	-
2603.00198	K	XV
2603.00482	D	-
2603.00510	K	XV
2603.01143	D	-
2603.01236	K	XV
2603.01400	K	XV
2603.03681	K	XV
2603.05950	K	XV
2603.07135	K	XV
2603.09480	K	XV
2603.11220	K	XV
2603.11625	D	-
2603.12208	D	-
2603.12989	D	-
2603.13349	D	-
2603.13394	K	XV
2603.14549	K	XV
2603.14892	K	XV
2603.17228	D	-
2603.18004	K	XV
2603.21105	K	XV
2603.21232	K	XV
2603.21701	K	XV
2603.21957	K	XV
2603.22278	D	-
2603.22911	K	XV
2603.23495	K	XV
2603.24326	D	-
2603.24680	K	XV
2603.25155	D	-
2603.25766	D	-
2603.26041	D	-
2603.26737	D	-
2603.27650	K	XV
2603.27960	K	XV
2604.00886	K	XV
2604.01881	K	XV
2604.02093	D	-
2604.02689	D	-
2604.02748	D	-
2604.02816	K	XV
2604.03414	K	XV
2604.04972	K	XV
2604.05601	K	XV
2604.07812	K	XV
2604.09425	K	XV
2604.09442	D	-
2604.09547	K	XV
2604.11122	D	-
2604.11240	K	XV
2604.11530	K	XV
2604.11627	D	-
2604.12035	D	-
2604.12358	K	XV
2604.12767	K	XV
2604.13565	D	-
2604.15153	K	XP
2604.15188	K	XV
2604.15809	D	-
2604.16235	D	-
2604.16462	K	XV
2604.16734	K	SM
2604.17087	K	XV
2604.17320	K	XV
2604.17400	D	-
2604.18260	D	-
2604.19145	D	-
2604.20937	K	XV
2604.21343	D	-
2604.22281	D	-
2604.23717	K	XV
2604.23950	K	XV
2604.25299	D	-
2604.27953	D	-
2605.00392	D	-
2605.00789	K	KG
2605.02378	D	-
2605.07355	K	XV
2605.08985	K	XV
2605.09429	K	XV
2605.09982	K	XV
2605.10050	K	XV
2605.11605	K	XV
2605.11803	K	XV
2605.12056	K	XV
2605.12309	K	XV
2605.12549	D	-
2605.13178	D	-
2605.13375	K	XV
2605.14458	K	XV
2605.15621	K	XV
2605.16359	K	XV
2605.16366	K	XV
2605.17260	K	XV
2605.17826	D	-
2605.18041	K	XV
2605.19322	K	XV
2605.19506	D	-
2605.20551	D	-
2605.20683	D	-
2605.20772	D	-
2605.20950	K	XV
2605.22078	K	XV
2605.22158	K	XV
2605.22558	D	-
2605.25179	K	XV
2605.25979	K	MR
2605.28051	K	XV
2605.28115	K	XV
2605.29535	K	XV
2605.29657	K	XV
2605.30904	D	-
2605.31429	D	-
2606.00543	K	XV
2606.00909	D	-
2606.01711	K	XV
2606.01756	K	XV
2606.02161	K	XV
2606.02569	K	XV
2606.03569	K	XV
2606.03739	D	-
2606.06891	D	-
2606.08511	K	XV
2606.09131	K	XV
2606.12412	K	XV
2606.14277	K	XV
2606.14808	D	-
2606.16067	K	XV
2606.18681	K	XV
2606.19849	K	XV
2606.20077	D	-
2606.24156	K	XV
2606.24165	K	XV
2606.24286	K	XV
2606.27161	K	XV
2606.27373	D	-
2606.27660	D	-
2606.29350	D	-
2606.30288	D	-
2606.31982	K	XV
2607.01707	D	-
2607.02484	K	XV
2607.03050	K	XV
2607.04163	D	-
2607.04593	K	XV
2607.07033	K	XV
2607.09080	K	XV
2607.09488	D	-
2607.09520	K	SN
2607.10640	K	XV
2607.12756	K	XV
2607.13500	K	XV
2607.15563	D	-
2607.16326	K	XV
2607.20357	K	XV
2607.21179	K	XV
2607.22200	D	-
2607.22586	K	KE
2607.22716	D	-
2607.23046	K	XV
2607.23193	K	XV
2607.23445	K	XV
2607.23451	D	-
2607.23631	D	-
2607.23913	K	XV
2607.25669	K	XV
2607.25818	K	XV
2607.26554	D	-
2607.26596	K	XV
2607.27700	K	XV
2607.27902	D	-
2607.27952	K	XV
2607.28341	K	XV
2607.29637	D	-
2608.00077	D	-
2608.00232	D	-
2608.01638	D	-
2608.01644	K	XV
2608.01821	D	-
2608.01979	K	XV
2608.01985	K	XV
2608.02134	K	XV
2608.03083	K	XV
2608.03112	K	XV
2608.03812	K	XV
2608.04132	K	XV
2608.04483	K	XV
2608.04496	K	XV
2608.06411	K	XV
2608.07088	K	XV
2608.07193	K	XV
2608.08794	K	XV
2608.09176	K	XV
2608.10489	K	XV
2608.13226	D	-
2608.14043	D	-
2608.15075	D	-
2608.19285	K	XV
2608.20473	K	XV
2608.23253	K	XV
2608.23921	K	XV
2608.25332	K	XV
2608.26142	D	-
2608.26806	K	XV
2608.27206	K	XV
2608.28008	K	XV
2608.28691	D	-
2608.28707	D	-
2608.30263	K	XV
2609.00667	D	-
2609.01004	K	XV
2609.01147	D	-
2609.01224	K	XV
2609.03158	K	XV
2609.04071	D	-
2609.05916	K	XV
2609.08331	D	-
2609.08345	D	-
2609.08407	K	XP
2609.10346	K	XV
2609.15131	K	XV
2609.15671	D	-
2609.16722	K	XV
2609.16841	K	XV
2609.19990	K	XV
2609.23715	K	XV
2609.24485	K	XV
2609.24526	D	-
2609.24894	D	-
2609.25635	K	XV
2609.26484	K	XV
2501.00018	D	-
2501.00316	D	-
2501.00530	D	-
2501.02751	D	-
2501.04561	D	-
2501.04945	D	-
2501.07124	K	MR
2501.07721	D	-
2501.07890	D	-
2501.08313	K	MR
2501.08598	D	-
2501.10120	D	-
2501.10332	D	-
2501.10648	K	MR
2501.10799	D	-
2501.12327	D	-
2501.12332	D	-
2501.12368	D	-
2501.12599	K	MR
2501.12948	K	MR
2501.13629	K	MR
2501.13743	D	-
2501.13766	D	-
2501.14170	D	-
2501.14350	D	-
2501.14654	D	-
2501.15383	K	MR
2501.17195	D	-
2501.18617	D	-
2501.18972	D	-
2502.00241	D	-
2502.01108	D	-
2502.01113	D	-
2502.02737	K	MS
2502.02810	D	-
2502.05236	D	-
2502.05564	D	-
2502.07272	D	-
2502.08489	K	MR
2502.10001	K	SE
2502.10525	D	-
2502.10886	D	-
2502.11001	D	-
2502.11058	K	SP
2502.11157	D	-
2502.11191	D	-
2502.11330	D	-
2502.12671	D	-
2502.12767	D	-
2502.13130	D	-
2502.13917	K	DD
2502.13923	K	MR
2502.14458	K	CL
2502.15218	D	-
2502.15724	D	-
2502.15803	K	MR
2502.16022	D	-
2502.16175	D	-
2502.17092	D	-
2502.17540	D	-
2502.17807	D	-
2502.18302	D	-
2502.18778	D	-
2502.18934	K	MR
2502.19090	D	-
2502.19864	D	-
2502.20420	D	-
2502.20422	D	-
2502.20969	K	SG
2503.00084	D	-
2503.00203	D	-
2503.00778	D	-
2503.01743	K	MR
2503.01811	D	-
2503.02595	D	-
2503.04636	D	-
2503.06687	D	-
2503.06949	D	-
2503.08015	D	-
2503.08540	D	-
2503.08686	D	-
2503.10291	D	-
2503.10615	D	-
2503.11299	D	-
2503.11576	D	-
2503.11656	D	-
2503.12937	D	-
2503.14603	D	-
2503.15108	D	-
2503.15169	D	-
2503.15406	D	-
2503.16252	D	-
2503.16553	D	-
2503.17604	D	-
2503.17924	K	SP
2503.18470	D	-
2503.18562	D	-
2503.18908	K	PS
2503.19740	D	-
2503.19786	K	MR
2503.19950	K	KQ
2503.20028	D	-
2503.20215	K	MR
2503.20228	D	-
2503.20376	D	-
2503.20757	D	-
2503.21307	K	XV
2503.21776	D	-
2503.21836	D	-
2503.22832	D	-
2503.22906	D	-
2503.23330	D	-
2503.24290	K	TR
2503.24345	D	-
2503.24378	D	-
2504.00043	D	-
2504.00050	D	-
2504.00289	D	-
2504.00676	D	-
2504.00698	K	MR
2504.00824	D	-
2504.02263	K	EI
2504.02404	D	-
2504.02712	D	-
2504.03624	K	MR
2504.03648	K	SG
2504.03783	D	-
2504.03871	K	ET
2504.04060	D	-
2504.04383	K	RE
2504.04915	D	-
2504.05299	K	MS
2504.05599	D	-
2504.05605	D	-
2504.06011	D	-
2504.06260	D	-
2504.07096	D	-
2504.07491	K	MR
2504.07866	K	MR
2504.07934	D	-
2504.08120	D	-
2504.08125	D	-
2504.08600	D	-
2504.08912	D	-
2504.09862	D	-
2504.10187	D	-
2504.10479	K	MR
2504.10568	D	-
2504.10982	D	-
2504.11082	D	-
2504.11171	D	-
2504.11346	D	-
2504.11354	D	-
2504.12285	K	Q1
2504.12329	K	RE
2504.13161	K	TD
2504.13216	D	-
2504.13367	K	RE
2504.13402	D	-
2504.13914	K	MR
2504.13941	K	TR
2504.15027	K	PD
2504.15271	K	MR
2504.15431	K	MR
2504.15527	D	-
2504.15777	K	TR
2504.16116	D	-
2504.16656	D	-
2504.16832	D	-
2504.16956	D	-
2504.17040	K	XV
2504.17833	D	-
2504.19061	D	-
2504.20039	K	DS
2504.20500	D	-
2504.20752	D	-
2504.20896	D	-
2504.20946	D	-
2504.21039	D	-
2504.21233	K	MR
2504.21318	K	MR
2504.21635	D	-
2504.21801	K	MR
2505.00004	D	-
2505.00024	D	-
2505.00949	K	MR
2505.02410	K	MR
2505.02550	D	-
2505.02709	D	-
2505.03059	D	-
2505.03273	D	-
2505.03574	D	-
2505.03981	D	-
2505.04519	K	MR
2505.04623	D	-
2505.06701	D	-
2505.06864	D	-
2505.07062	K	MR
2505.07291	K	TR
2505.07360	D	-
2505.07608	K	MR
2505.07782	D	-
2505.08311	K	MR
2505.08842	D	-
2505.08910	D	-
2505.09027	D	-
2505.09388	K	MR
2505.10833	K	CG
2505.11194	D	-
2505.11427	K	CG
2505.11432	K	ET
2505.11595	D	-
2505.11887	D	-
2505.12054	D	-
2505.12432	D	-
2505.12638	D	-
2505.12728	K	DS
2505.13031	D	-
2505.13441	D	-
2505.13831	D	-
2505.14256	D	-
2505.14432	D	-
2505.14671	D	-
2505.14682	D	-
2505.15107	D	-
2505.15431	K	MR
2505.15621	D	-
2505.15809	K	DD
2505.16363	K	TO
2505.16839	K	DD
2505.16881	K	SB
2505.16901	D	-
2505.16933	K	DD
2505.17257	D	-
2505.17387	D	-
2505.17667	K	TR
2505.17826	K	TR
2505.17829	D	-
2505.17894	D	-
2505.18092	K	XP
2505.19223	K	DD
2505.19914	D	-
2505.19937	D	-
2505.20046	D	-
2505.20155	K	PS
2505.20225	K	ET
2505.20241	D	-
2505.20685	D	-
2505.20888	K	PD
2505.21375	D	-
2505.21411	K	MR
2505.22312	K	MR
2505.22375	K	MR
2505.22572	D	-
2505.22869	D	-
2505.23558	D	-
2505.23671	D	-
2505.24034	K	TR
2505.24298	K	TR
2505.24878	D	-
2506.00019	D	-
2506.00060	D	-
2506.01257	D	-
2506.01732	K	TD
2506.01928	K	DD
2506.02338	D	-
2506.02550	D	-
2506.02672	D	-
2506.03097	D	-
2506.03524	K	MR
2506.03569	K	MR
2506.04079	K	MR
2506.04405	D	-
2506.05010	D	-
2506.05176	K	MR
2506.05336	D	-
2506.05566	D	-
2506.05767	K	MR
2506.06174	D	-
2506.07044	D	-
2506.07296	D	-
2506.07438	D	-
2506.07520	D	-
2506.07900	K	MR
2506.08174	D	-
2506.08551	D	-
2506.08762	D	-
2506.08889	K	AS
2506.08897	D	-
2506.08967	D	-
2506.09042	D	-
2506.09108	D	-
2506.09790	D	-
2506.10235	D	-
2506.11017	D	-
2506.11116	K	TD
2506.12103	K	MR
2506.13585	K	MR
2506.13695	D	-
2506.13705	D	-
2506.14493	D	-
2506.14731	K	MR
2506.14827	D	-
2506.15355	D	-
2506.17279	D	-
2506.17298	K	DD
2506.17506	K	SK
2506.17612	D	-
2506.17774	D	-
2506.18314	D	-
2506.18330	D	-
2506.18349	K	EC
2506.18701	D	-
2506.18962	D	-
2506.19073	D	-
2506.19140	D	-
2506.19290	K	MR
2506.19420	D	-
2506.19794	D	-
2506.19923	D	-
2506.20886	K	SK
2506.21170	K	DD
2506.21536	D	-
2506.21594	D	-
2506.21862	K	XV
2506.22403	K	MR
2506.22760	K	MS
2506.23044	D	-
2506.23520	D	-
2507.00417	K	TR
2507.01006	K	MR
2507.01352	K	TR
2507.01881	D	-
2507.01949	D	-
2507.02029	D	-
2507.02841	D	-
2507.03224	D	-
2507.05017	D	-
2507.05177	D	-
2507.05201	D	-
2507.05330	D	-
2507.05469	D	-
2507.05595	D	-
2507.05934	K	SE
2507.06167	D	-
2507.06968	D	-
2507.07024	K	EA
2507.08153	D	-
2507.08297	K	RE
2507.08920	D	-
2507.09155	D	-
2507.09955	K	MR
2507.10586	D	-
2507.11407	K	MR
2507.11544	D	-
2507.12574	D	-
2507.12769	K	MA
2507.13575	K	MR
2507.13618	D	-
2507.13681	K	SG
2507.14430	D	-
2507.15509	D	-
2507.17448	D	-
2507.17728	K	MR
2507.17842	D	-
2507.18013	K	MR
2507.18043	D	-
2507.18119	D	-
2507.18392	D	-
2507.18546	D	-
2507.18576	D	-
2507.18945	D	-
2507.19060	D	-
2507.19748	D	-
2507.20199	D	-
2507.20520	D	-
2507.20534	K	MR
2507.20776	D	-
2507.22448	K	MR
2507.22879	D	-
2507.23726	D	-
2508.01059	D	-
2508.01242	D	-
2508.01506	K	PL
2508.01630	D	-
2508.01643	D	-
2508.01699	D	-
2508.01918	D	-
2508.02092	D	-
2508.02193	K	DD
2508.02344	D	-
2508.03080	D	-
2508.03153	D	-
2508.03356	D	-
2508.03613	D	-
2508.04440	D	-
2508.05232	K	TF
2508.05545	D	-
2508.05954	D	-
2508.05977	D	-
2508.06296	D	-
2508.06471	K	MR
2508.06813	D	-
2508.07917	D	-
2508.08177	D	-
2508.08180	D	-
2508.08382	D	-
2508.08401	D	-
2508.08501	D	-
2508.08665	D	-
2508.08909	D	-
2508.09148	K	MS
2508.09591	K	ET
2508.10581	D	-
2508.10696	D	-
2508.10833	D	-
2508.10925	K	MR
2508.11433	D	-
2508.11737	D	-
2508.11894	D	-
2508.12461	D	-
2508.13382	D	-
2508.14112	D	-
2508.14444	K	MR
2508.14765	D	-
2508.15096	K	TD
2508.15338	D	-
2508.15487	K	DD
2508.15763	K	MR
2508.15801	D	-
2508.15884	K	MR
2508.16243	D	-
2508.16700	K	MR
2508.16942	D	-
2508.17117	D	-
2508.17624	K	EI
2508.17826	D	-
2508.18265	K	MR
2508.18579	D	-
2508.18785	D	-
2508.19363	D	-
2508.19611	D	-
2508.19855	D	-
2508.20453	D	-
2508.20722	K	TR
2508.21632	D	-
2508.21767	D	-
2508.21788	D	-
2509.00520	D	-
2509.01042	D	-
2509.01082	D	-
2509.01142	K	DD
2509.01322	K	MR
2509.01563	D	-
2509.02208	D	-
2509.03498	D	-
2509.03643	D	-
2509.04897	K	MR
2509.05276	K	MA
2509.05338	D	-
2509.05363	D	-
2509.05542	D	-
2509.05668	D	-
2509.06516	D	-
2509.07177	D	-
2509.07238	D	-
2509.07334	D	-
2509.07403	D	-
2509.07604	K	MR
2509.09121	D	-
2509.09686	D	-
2509.09740	D	-
2509.11465	D	-
2509.11662	D	-
2509.11963	D	-
2509.12266	D	-
2509.12625	D	-
2509.13557	D	-
2509.14008	D	-
2509.14033	D	-
2509.14233	K	MR
2509.14527	D	-
2509.17336	D	-
2509.17477	D	-
2509.17489	D	-
2509.17765	K	MR
2509.18154	K	MR
2509.18843	D	-
2509.18883	K	MR
2509.19760	D	-
2509.20354	K	MR
2509.20858	D	-
2509.21028	D	-
2509.21670	D	-
2509.21772	D	-
2509.21896	D	-
2509.22044	K	RT
2509.22558	D	-
2509.23951	D	-
2509.24176	D	-
2509.24389	K	DD
2509.24698	D	-
2509.25193	K	MR
2509.25203	D	-
2509.25346	D	-
2509.25643	D	-
2509.25748	D	-
2510.00129	D	-
2510.00240	D	-
2510.00510	D	-
2510.01241	D	-
2510.02294	D	-
2510.02350	D	-
2510.02387	K	MR
2510.02410	D	-
2510.02483	K	TP
2510.02613	K	EI
2510.03863	D	-
2510.04281	D	-
2510.05702	D	-
2510.06261	D	-
2510.06308	D	-
2510.06847	D	-
2510.06989	D	-
2510.08620	D	-
2510.08829	D	-
2510.09846	D	-
2510.10072	D	-
2510.10074	D	-
2510.10486	D	-
2510.10846	D	-
2510.10918	D	-
2510.11496	K	SE
2510.11852	D	-
2510.12000	D	-
2510.12095	D	-
2510.12709	D	-
2510.12789	D	-
2510.12801	D	-
2510.12807	D	-
2510.13291	D	-
2510.13624	D	-
2510.13721	D	-
2510.13896	D	-
2510.14276	D	-
2510.14664	D	-
2510.14686	K	SG
2510.15227	D	-
2510.15700	D	-
2510.15870	D	-
2510.16080	D	-
2510.17575	D	-
2510.17790	D	-
2510.17801	D	-
2510.17937	D	-
2510.18080	D	-
2510.18234	K	XP
2510.18779	D	-
2510.19169	D	-
2510.19400	D	-
2510.19811	D	-
2510.20743	D	-
2510.21027	D	-
2510.21729	D	-
2510.22823	D	-
2510.23632	D	-
2510.23891	D	-
2510.24645	D	-
2510.24701	K	MR
2510.25092	D	-
2510.25771	K	MR
2510.26167	D	-
2510.26583	D	-
2510.26692	K	AL
2510.27040	D	-
2510.27629	D	-
2511.00054	D	-
2511.00796	K	TR
2511.01618	D	-
2511.01866	K	SE
2511.01870	D	-
2511.02280	D	-
2511.02651	K	MR
2511.02802	D	-
2511.02826	D	-
2511.03048	D	-
2511.03261	D	-
2511.03542	D	-
2511.03934	D	-
2511.03983	K	PU
2511.04705	D	-
2511.04976	D	-
2511.05542	D	-
2511.06719	K	MS
2511.07025	D	-
2511.07464	K	MR
2511.07483	D	-
2511.09606	D	-
2511.10289	D	-
2511.10395	D	-
2511.10628	K	MR
2511.10658	D	-
2511.11769	D	-
2511.11793	D	-
2511.12851	D	-
2511.13043	D	-
2511.13612	D	-
2511.13647	D	-
2511.13876	D	-
2511.14582	K	XV
2511.15061	D	-
2511.15718	D	-
2511.15927	K	DD
2511.16595	D	-
2511.16664	K	MR
2511.17589	D	-
2511.17803	D	-
2511.18890	K	MS
2511.19299	D	-
2511.19496	K	MS
2511.19575	D	-
2511.19875	D	-
2511.20182	D	-
2511.20200	D	-
2511.20333	D	-
2511.21194	D	-
2511.21631	K	MR
2511.21699	K	DS
2511.21721	D	-
2511.21725	D	-
2511.22199	D	-
2511.22250	D	-
2511.22570	K	MR
2511.23281	D	-
2511.23404	K	MR
2512.00119	D	-
2512.00198	D	-
2512.01248	D	-
2512.02281	K	SD
2512.02498	D	-
2512.02556	K	MR
2512.02849	D	-
2512.02895	D	-
2512.03967	D	-
2512.04273	D	-
2512.05513	D	-
2512.05518	D	-
2512.06022	D	-
2512.06201	K	MR
2512.06266	K	MS
2512.07612	K	MS
2512.07710	K	TR
2512.07843	K	RT
2512.08211	D	-
2512.08238	D	-
2512.08483	D	-
2512.08951	D	-
2512.10430	D	-
2512.10739	D	-
2512.10894	D	-
2512.11463	K	TR
2512.12063	D	-
2512.12264	D	-
2512.12967	K	MR
2512.13298	D	-
2512.13313	D	-
2512.13607	K	TR
2512.14019	D	-
2512.14052	K	SE
2512.14503	D	-
2512.15000	D	-
2512.15098	D	-
2512.15160	D	-
2512.15306	K	QT
2512.15431	D	-
2512.15586	K	CT
2512.15662	D	-
2512.15745	K	DD
2512.15756	D	-
2512.16144	K	MR
2512.16248	K	MR
2512.16917	D	-
2512.17260	D	-
2512.17436	D	-
2512.17853	D	-
2512.17908	D	-
2512.18986	D	-
2512.19090	D	-
2512.19114	D	-
2512.19455	D	-
2512.19753	D	-
2512.20491	D	-
2512.20595	D	-
2512.20745	D	-
2512.20848	K	MR
2512.20856	K	MR
2512.20920	K	TF
2512.21332	D	-
2512.21373	D	-
2512.21506	D	-
2512.21643	D	-
2512.21778	D	-
2512.22628	D	-
2512.23808	D	-
2512.24058	D	-
2512.24314	D	-
2512.24615	D	-
2512.24618	K	MR
2512.24776	K	RT
2512.24957	D	-
2601.00357	D	-
2601.00501	D	-
2601.01112	D	-
2601.01153	D	-
2601.01244	D	-
2601.01554	D	-
2601.01562	D	-
2601.01673	D	-
2601.01739	K	MR
2601.02316	D	-
2601.02346	K	MR
2601.02780	K	MR
2601.03019	D	-
2601.03034	D	-
2601.03149	D	-
2601.03227	D	-
2601.03449	D	-
2601.03483	D	-
2601.03823	D	-
2601.03888	D	-
2601.03915	D	-
2601.04597	D	-
2601.04720	D	-
2601.05259	D	-
2601.05262	D	-
2601.05451	D	-
2601.06037	D	-
2601.06400	D	-
2601.07022	K	MR
2601.07392	D	-
2601.08141	D	-
2601.08331	D	-
2601.08780	D	-
2601.08800	K	EI
2601.09012	D	-
2601.09200	K	MR
2601.09385	D	-
2601.09668	K	MR
2601.10156	D	-
2601.10254	D	-
2601.10611	K	MR
2601.11141	D	-
2601.11464	K	CM
2601.11522	D	-
2601.11567	D	-
2601.11579	D	-
2601.13143	K	XV
2601.13655	D	-
2601.13713	D	-
2601.14053	D	-
2601.14251	D	-
2601.14327	K	MR
2601.14716	D	-
2601.15504	D	-
2601.15588	D	-
2601.15793	D	-
2601.16354	D	-
2601.16725	K	MR
2601.17664	D	-
2601.19191	D	-
2601.19325	D	-
2601.19577	D	-
2601.19578	D	-
2601.20009	D	-
2601.20430	D	-
2601.20552	K	XP
2601.21051	D	-
2601.21165	D	-
2601.21639	D	-
2601.22371	D	-
2601.23068	D	-
2602.00005	D	-
2602.00377	D	-
2602.00642	D	-
2602.00887	D	-
2602.01169	D	-
2602.01326	K	DD
2602.01563	D	-
2602.01779	D	-
2602.01910	D	-
2602.02266	D	-
2602.02276	K	MR
2602.02522	K	MS
2602.02603	D	-
2602.02708	D	-
2602.03310	D	-
2602.03411	D	-
2602.03981	D	-
2602.03992	D	-
2602.03998	D	-
2602.04535	D	-
2602.04585	D	-
2602.04705	K	MR
2602.05189	D	-
2602.05493	D	-
2602.05879	K	MR
2602.06040	D	-
2602.06085	D	-
2602.06232	D	-
2602.06494	D	-
2602.06965	D	-
2602.07032	D	-
2602.07041	D	-
2602.07616	K	EI
2602.08275	D	-
2602.08676	K	DI
2602.08820	D	-
2602.09379	D	-
2602.09443	D	-
2602.09523	D	-
2602.09642	D	-
2602.09843	D	-
2602.10168	D	-
2602.10246	D	-
2602.10597	D	-
2602.10604	K	MR
2602.10778	D	-
2602.10965	D	-
2602.11139	D	-
2602.11286	D	-
2602.11715	K	SK
2602.11761	K	AH
2602.11871	D	-
2602.11964	D	-
2602.12062	D	-
2602.12108	K	XP
2602.12705	D	-
2602.13232	D	-
2602.13367	K	MS
2602.13954	D	-
2602.14457	D	-
2602.14689	D	-
2602.14833	D	-
2602.15089	D	-
2602.15485	D	-
2602.15763	K	MR
2602.16926	D	-
2602.17176	D	-
2602.17709	D	-
2602.18352	D	-
2602.18583	D	-
2602.18776	D	-
2602.18788	D	-
2602.19127	D	-
2602.19359	D	-
2602.19626	D	-
2602.20812	D	-
2602.21461	D	-
2602.22462	D	-
2602.22543	K	MR
2602.23363	D	-
2602.23605	D	-
2603.00164	D	-
2603.00355	D	-
2603.00729	K	MR
2603.00842	D	-
2603.00917	D	-
2603.01260	D	-
2603.01499	D	-
2603.01840	D	-
2603.02119	D	-
2603.02436	D	-
2603.02790	D	-
2603.03543	D	-
2603.04162	K	Q2
2603.05299	D	-
2603.05308	D	-
2603.06366	D	-
2603.06577	D	-
2603.06922	D	-
2603.07294	D	-
2603.07401	D	-
2603.07897	D	-
2603.07900	D	-
2603.07989	D	-
2603.09109	D	-
2603.09154	D	-
2603.10080	D	-
2603.10213	D	-
2603.11139	D	-
2603.11391	D	-
2603.11414	D	-
2603.12716	D	-
2603.12793	D	-
2603.13398	D	-
2603.14030	D	-
2603.14701	D	-
2603.14989	K	DS
2603.16357	D	-
2603.16733	K	MR
2603.17074	K	TP
2603.17187	D	-
2603.17311	D	-
2603.17570	D	-
2603.18256	D	-
2603.18567	K	DS
2603.19005	D	-
2603.19220	K	MR
2603.19223	D	-
2603.19558	D	-
2603.19584	D	-
2603.20354	D	-
2603.20854	D	-
2603.21942	D	-
2603.22625	D	-
2603.23408	D	-
2603.25040	K	MR
2603.25089	D	-
2603.25120	K	TP
2603.25702	K	DI
2603.25841	D	-
2603.26511	D	-
2603.26926	D	-
2603.27048	D	-
2603.27538	K	MR
2603.27703	D	-
2603.27905	K	DC
2603.28069	D	-
2603.28731	D	-
2603.28795	K	KP
2603.29078	K	Q4
2603.29281	D	-
2604.00007	D	-
2604.00592	D	-
2604.00788	D	-
2604.00829	D	-
2604.00920	D	-
2604.01152	D	-
2604.02007	K	TR
2604.02322	K	RE
2604.02719	D	-
2604.03044	K	MR
2604.03444	K	AH
2604.04790	D	-
2604.04917	D	-
2604.05091	K	SM
2604.05535	D	-
2604.05688	K	CM
2604.06205	D	-
2604.06217	D	-
2604.06296	D	-
2604.06737	D	-
2604.07173	K	SG
2604.08070	D	-
2604.08203	D	-
2604.08302	K	DI
2604.08516	D	-
2604.08539	D	-
2604.08590	D	-
2604.08644	K	MR
2604.09531	D	-
2604.10825	D	-
2604.11229	D	-
2604.11703	D	-
2604.11945	D	-
2604.12284	D	-
2604.12329	D	-
2604.12374	K	MR
2604.12487	D	-
2604.12534	D	-
2604.13804	D	-
2604.15670	D	-
2604.15804	K	MR
2604.16205	D	-
2604.16377	D	-
2604.16648	D	-
2604.16890	K	RE
2604.17187	D	-
2604.17429	D	-
2604.17543	D	-
2604.17778	D	-
2604.17961	D	-
2604.18404	D	-
2604.18878	D	-
2604.19324	D	-
2604.19937	D	-
2604.20135	D	-
2604.20755	D	-
2604.20796	K	DD
2604.21127	D	-
2604.21409	D	-
2604.22215	D	-
2604.22768	D	-
2604.23288	D	-
2604.23734	D	-
2604.24071	D	-
2604.24273	K	Q1
2604.24432	K	AS
2604.24696	D	-
2604.24809	K	MS
2604.25135	D	-
2604.25578	K	CU
2604.25884	D	-
2604.26752	K	MR
2604.27143	D	-
2604.27393	K	MR
2604.27629	D	-
2604.28011	D	-
2605.00072	D	-
2605.00140	K	QG
2605.00199	D	-
2605.00320	K	SH
2605.00347	D	-
2605.00930	D	-
2605.01278	D	-
2605.01417	D	-
2605.02745	D	-
2605.02821	K	SG
2605.02881	D	-
2605.02946	D	-
2605.03269	D	-
2605.04098	D	-
2605.04312	D	-
2605.05365	K	MR
2605.05955	D	-
2605.06057	K	SK
2605.06505	D	-
2605.06728	D	-
2605.06765	D	-
2605.07182	K	MR
2605.07204	D	-
2605.07675	D	-
2605.08560	D	-
2605.08766	D	-
2605.08774	D	-
2605.08924	D	-
2605.09081	D	-
2605.09152	D	-
2605.09384	D	-
2605.09418	D	-
2605.09610	D	-
2605.09618	D	-
2605.09827	D	-
2605.09929	D	-
2605.10391	D	-
2605.10597	D	-
2605.10674	K	PD
2605.11005	K	ET
2605.11255	D	-
2605.11629	D	-
2605.11887	D	-
2605.11922	D	-
2605.12456	D	-
2605.12492	K	TO
2605.12918	D	-
2605.13542	D	-
2605.13667	D	-
2605.13986	D	-
2605.14249	K	SN
2605.14386	K	CG
2605.15026	D	-
2605.15053	K	TP
2605.15336	D	-
2605.16455	D	-
2605.16638	D	-
2605.16675	D	-
2605.17596	D	-
2605.17900	D	-
2605.18383	D	-
2605.20199	K	DD
2605.20306	D	-
2605.20584	D	-
2605.20706	K	SE
2605.20740	D	-
2605.20813	K	DI
2605.21333	K	MA
2605.21401	D	-
2605.22880	D	-
2605.24414	D	-
2605.24697	K	DI
2605.24733	D	-
2605.24844	D	-
2605.25676	D	-
2605.25954	K	SK
2605.26520	D	-
2605.26526	D	-
2605.26935	D	-
2605.27358	K	EA
2605.27367	D	-
2605.27379	D	-
2605.27605	K	MR
2605.27849	D	-
2605.27866	D	-
2605.27978	D	-
2605.28174	D	-
2605.28398	K	RE
2605.28829	D	-
2605.28868	D	-
2605.28919	K	RL
2605.29219	D	-
2605.30865	D	-
2605.30889	D	-
2605.30963	D	-
2605.31268	K	MR
2605.31478	D	-
2606.00050	D	-
2606.00241	D	-
2606.00390	D	-
2606.00647	D	-
2606.02100	D	-
2606.03435	D	-
2606.03467	D	-
2606.03773	K	TD
2606.04120	D	-
2606.04438	K	RL
2606.04525	D	-
2606.04552	D	-
2606.05001	D	-
2606.05748	D	-
2606.06260	D	-
2606.06538	D	-
2606.06622	D	-
2606.06928	D	-
2606.06983	D	-
2606.07692	D	-
2606.07712	D	-
2606.07810	D	-
2606.07878	K	KE
2606.08545	D	-
2606.08982	D	-
2606.10285	D	-
2606.10651	D	-
2606.10953	D	-
2606.11106	D	-
2606.11490	D	-
2606.12821	D	-
2606.12953	D	-
2606.13241	D	-
2606.14179	D	-
2606.14199	D	-
2606.14510	D	-
2606.14881	D	-
2606.15007	K	MR
2606.15872	D	-
2606.15890	D	-
2606.16886	D	-
2606.18624	D	-
2606.19257	K	DD
2606.19348	K	MR
2606.19727	D	-
2606.20527	D	-
2606.20709	D	-
2606.21165	D	-
2606.21222	D	-
2606.21228	D	-
2606.21627	D	-
2606.21638	D	-
2606.22138	D	-
2606.22541	K	EI
2606.22692	D	-
2606.24102	D	-
2606.24506	K	EI
2606.25034	D	-
2606.25041	D	-
2606.26099	D	-
2606.26493	K	CA
2606.26794	D	-
2606.26884	D	-
2606.27632	D	-
2606.27708	D	-
2606.28164	D	-
2606.29196	D	-
2606.30378	D	-
2606.30534	D	-
2606.30555	D	-
2606.31808	D	-
2606.31984	D	-
2607.00147	D	-
2607.00501	K	SE
2607.00573	D	-
2607.01204	D	-
2607.01977	D	-
2607.02259	D	-
2607.02770	K	MR
2607.02853	D	-
2607.03530	D	-
2607.03644	D	-
2607.04061	D	-
2607.04371	K	PS
2607.04884	D	-
2607.05405	D	-
2607.05571	D	-
2607.05722	K	CA
2607.06224	D	-
2607.06617	D	-
2607.07288	D	-
2607.07836	D	-
2607.09217	D	-
2607.09424	K	MR
2607.09885	D	-
2607.10383	D	-
2607.10628	D	-
2607.11326	D	-
2607.11528	D	-
2607.12894	D	-
2607.13035	D	-
2607.14605	D	-
2607.14749	D	-
2607.15591	D	-
2607.16316	D	-
2607.16777	D	-
2607.18034	D	-
2607.18260	D	-
2607.18927	D	-
2607.19069	D	-
2607.19674	D	-
2607.20062	K	MR
2607.20448	D	-
2607.20557	D	-
2607.20981	K	SE
2607.21482	D	-
2607.21694	D	-
2607.22078	D	-
2607.22100	D	-
2607.22408	D	-
2607.22708	K	SE
2607.24006	D	-
2607.24653	K	MR
2607.24764	D	-
2607.26391	D	-
2607.29085	D	-
2607.29527	D	-
2608.00027	D	-
2608.00146	K	DD
2608.01034	D	-
2608.01311	D	-
2608.01662	K	AS
2608.01896	D	-
2608.02148	D	-
2608.02352	D	-
2608.02407	D	-
2608.02486	D	-
2608.02602	K	DD
2608.02620	D	-
2608.02980	D	-
2608.03187	D	-
2608.03457	K	DD
2608.03507	D	-
2608.04130	D	-
2608.04505	K	MR
2608.05076	D	-
2608.05475	K	KP
2608.05695	D	-
2608.05850	D	-
2608.06022	D	-
2608.06756	D	-
2608.08148	D	-
2608.09119	K	MR
2608.09818	D	-
2608.09888	K	RL
2608.10187	D	-
2608.10276	D	-
2608.12228	D	-
2608.12944	D	-
2608.13221	D	-
2608.13505	D	-
2608.14161	D	-
2608.14290	K	MA
2608.15045	D	-
2608.15763	D	-
2608.16386	D	-
2608.16620	D	-
2608.17202	D	-
2608.17379	K	SK
2608.17521	D	-
2608.18099	D	-
2608.18637	D	-
2608.20569	D	-
2608.21134	K	Q3
2608.21236	D	-
2608.22048	D	-
2608.22817	D	-
2608.22842	D	-
2608.22922	D	-
2608.24168	D	-
2608.24777	D	-
2608.25774	D	-
2608.26126	D	-
2608.26990	D	-
2608.27629	D	-
2608.27899	D	-
2608.28877	D	-
2608.29665	D	-
2608.30114	D	-
2608.30181	K	MR
2608.30310	K	KP
2608.30567	K	MR
2608.30703	D	-
2608.30758	D	-
2608.30893	D	-
2609.00092	D	-
2609.00791	K	MR
2609.01515	D	-
2609.01913	D	-
2609.02029	K	KO
2609.03811	D	-
2609.03871	D	-
2609.03880	D	-
2609.04540	D	-
2609.04697	D	-
2609.05241	D	-
2609.05415	D	-
2609.05420	K	Q4
2609.09059	D	-
2609.09087	D	-
2609.09800	K	SH
2609.09985	D	-
2609.10016	D	-
2609.10715	K	MA
2609.11042	D	-
2609.12457	D	-
2609.12945	D	-
2609.13356	K	MR
2609.13804	K	XV
2609.13916	D	-
2609.14005	D	-
2609.14762	D	-
2609.14811	D	-
2609.14829	D	-
2609.15032	D	-
2609.15066	D	-
2609.15627	K	SK
2609.16804	D	-
2609.17488	D	-
2609.17895	D	-
2609.18107	D	-
2609.18494	D	-
2609.18910	D	-
2609.19088	D	-
2609.19722	D	-
2609.19868	K	DD
2609.19969	K	MR
2609.21550	D	-
2609.21616	D	-
2609.21879	D	-
2609.22083	D	-
2609.22158	K	KE
2609.22196	D	-
2609.22252	D	-
2609.22633	D	-
2609.22700	D	-
2609.22866	D	-
2609.22897	D	-
2609.23088	D	-
2609.23139	D	-
2609.23900	K	DS
2609.23974	D	-
2609.23999	D	-
2609.24092	D	-
2609.25040	D	-
2609.25356	D	-
2609.25611	K	MR
2609.25715	D	-
2609.26060	D	-
2609.26131	D	-
2609.26347	D	-
2609.27284	K	MR
2609.27511	D	-
2609.28007	D	-
2609.28554	D	-
2609.29487	D	-
2609.29504	D	-
2609.29828	D	-
2609.29892	D	-
2609.30173	D	-
2501.00522	K	MS
2501.00805	D	-
2501.02342	D	-
2501.04962	D	-
2501.05465	K	MS
2501.05497	D	-
2501.06713	D	-
2501.11031	D	-
2501.11391	D	-
2501.12746	D	-
2501.16273	K	MS
2502.00641	D	-
2502.02908	D	-
2502.03460	K	PS
2502.07286	D	-
2502.08909	D	-
2502.09854	D	-
2502.10993	D	-
2502.11569	K	MS
2502.11573	K	MS
2502.14272	D	-
2502.14305	D	-
2502.15814	D	-
2502.17927	D	-
2502.18454	D	-
2502.19883	D	-
2502.19954	D	-
2502.20589	D	-
2503.00686	D	-
2503.01151	D	-
2503.01464	D	-
2503.01933	D	-
2503.02463	D	-
2503.03594	D	-
2503.04813	D	-
2503.06519	D	-
2503.08681	D	-
2503.10367	D	-
2503.16585	D	-
2503.17811	D	-
2503.21127	D	-
2503.24102	D	-
2504.00434	D	-
2504.01930	D	-
2504.01947	D	-
2504.02398	D	-
2504.03947	D	-
2504.04569	D	-
2504.05634	D	-
2504.07343	D	-
2504.07428	D	-
2504.08528	D	-
2504.08764	D	-
2504.09071	D	-
2504.09687	D	-
2504.09923	D	-
2504.11197	D	-
2504.11505	D	-
2504.12321	D	-
2504.14905	D	-
2504.15120	D	-
2504.16584	D	-
2504.17119	D	-
2504.17685	D	-
2504.18225	D	-
2504.18274	D	-
2504.19066	D	-
2504.19277	D	-
2504.21191	D	-
2505.00147	D	-
2505.00831	D	-
2505.05031	D	-
2505.05619	D	-
2505.05744	D	-
2505.07345	D	-
2505.07460	K	MS
2505.07961	K	RE
2505.07984	D	-
2505.08588	D	-
2505.11643	D	-
2505.11788	D	-
2505.13425	D	-
2505.13541	D	-
2505.14085	D	-
2505.14313	D	-
2505.14499	D	-
2505.14852	D	-
2505.15065	D	-
2505.16000	D	-
2505.16078	D	-
2505.16475	D	-
2505.16499	D	-
2505.16508	K	SE
2505.17496	D	-
2505.18440	K	RE
2505.19037	D	-
2505.19059	D	-
2505.19511	D	-
2505.19529	K	MS
2505.20700	D	-
2505.20707	D	-
2505.21600	K	DS
2505.23060	D	-
2505.23091	D	-
2505.23494	D	-
2505.24189	D	-
2505.24584	D	-
2506.00391	D	-
2506.01954	D	-
2506.02153	K	MS
2506.02280	D	-
2506.02302	D	-
2506.03487	D	-
2506.04516	D	-
2506.04603	D	-
2506.04739	D	-
2506.06137	D	-
2506.06180	D	-
2506.07424	D	-
2506.07695	D	-
2506.07712	K	MS
2506.08487	D	-
2506.08669	D	-
2506.09342	K	CM
2506.10789	D	-
2506.13300	D	-
2506.13339	D	-
2506.13396	D	-
2506.15687	D	-
2506.16393	D	-
2506.17231	D	-
2506.21512	D	-
2506.22486	D	-
2506.22508	D	-
2506.22978	D	-
2507.00054	D	-
2507.00082	D	-
2507.01887	K	PD
2507.03160	D	-
2507.04432	D	-
2507.05065	D	-
2507.07634	D	-
2507.07983	D	-
2507.08031	D	-
2507.08878	D	-
2507.08992	D	-
2507.10000	D	-
2507.10880	D	-
2507.13035	D	-
2507.14412	D	-
2507.14871	D	-
2507.15375	D	-
2507.16731	K	SE
2507.17288	D	-
2507.17948	D	-
2507.18061	D	-
2507.19308	D	-
2507.20749	K	PS
2507.22478	D	-
2508.01268	D	-
2508.02532	D	-
2508.03332	K	QG
2508.04572	D	-
2508.04846	D	-
2508.05199	D	-
2508.07179	D	-
2508.08095	D	-
2508.08100	D	-
2508.08131	D	-
2508.10019	D	-
2508.11281	D	-
2508.12387	D	-
2508.13378	D	-
2508.15229	K	CT
2508.15478	D	-
2508.15617	D	-
2508.16499	D	-
2508.16596	D	-
2508.16677	D	-
2508.17345	D	-
2508.19883	D	-
2508.20324	D	-
2508.20828	D	-
2508.21476	D	-
2509.00680	D	-
2509.02133	D	-
2509.04508	D	-
2509.04518	D	-
2509.07260	D	-
2509.07399	D	-
2509.09716	D	-
2509.10249	D	-
2509.10744	D	-
2509.11496	D	-
2509.11952	D	-
2509.12960	D	-
2509.13047	D	-
2509.13785	D	-
2509.14030	D	-
2509.14515	D	-
2509.15714	D	-
2509.16413	K	MS
2509.18536	D	-
2509.19369	D	-
2509.19566	D	-
2509.20811	D	-
2509.21108	D	-
2509.21192	D	-
2509.23368	D	-
2509.23459	D	-
2509.24107	D	-
2509.24945	K	MS
2509.25494	D	-
2509.26388	D	-
2509.26431	D	-
2509.26497	K	PD
2509.26584	D	-
2510.01157	D	-
2510.01226	D	-
2510.01247	D	-
2510.01427	D	-
2510.02347	D	-
2510.02569	D	-
2510.03515	D	-
2510.03847	K	MS
2510.03913	D	-
2510.04032	D	-
2510.05077	D	-
2510.05309	D	-
2510.05846	D	-
2510.06255	D	-
2510.06263	D	-
2510.06917	D	-
2510.07248	D	-
2510.07962	D	-
2510.08626	D	-
2510.09211	D	-
2510.09351	D	-
2510.09592	D	-
2510.12032	D	-
2510.13890	D	-
2510.13915	K	MS
2510.13935	D	-
2510.14113	D	-
2510.14303	D	-
2510.18143	D	-
2510.18817	D	-
2510.18890	D	-
2510.18904	D	-
2510.19419	D	-
2510.21443	D	-
2510.21970	D	-
2510.22101	D	-
2510.22629	D	-
2510.22758	D	-
2510.23341	D	-
2510.25054	D	-
2510.25273	D	-
2510.26641	D	-
2511.00651	D	-
2511.03034	D	-
2511.03370	D	-
2511.03407	D	-
2511.03466	D	-
2511.06215	D	-
2511.06221	K	MS
2511.06512	D	-
2511.06763	D	-
2511.07423	K	SE
2511.07581	D	-
2511.09748	D	-
2511.10055	D	-
2511.10262	D	-
2511.10277	D	-
2511.10675	D	-
2511.11624	K	SN
2511.11678	D	-
2511.13023	K	QG
2511.14908	D	-
2511.15434	D	-
2511.15958	D	-
2511.19422	D	-
2511.19464	D	-
2511.21748	D	-
2511.22138	D	-
2511.23119	D	-
2512.00491	D	-
2512.01865	D	-
2512.02716	D	-
2512.02861	D	-
2512.06001	D	-
2512.06502	D	-
2512.06660	D	-
2512.07848	D	-
2512.10110	D	-
2512.13323	D	-
2512.14043	D	-
2512.14657	D	-
2512.14719	D	-
2512.15764	D	-
2512.15943	D	-
2512.18027	D	-
2512.18622	D	-
2512.19069	D	-
2512.19250	D	-
2512.19728	D	-
2512.20520	D	-
2512.20877	K	MA
2512.21039	D	-
2512.21280	D	-
2512.21578	D	-
2512.23578	D	-
2512.23862	K	AP
2512.24739	D	-
2601.00543	D	-
2601.00679	D	-
2601.01037	D	-
2601.01378	D	-
2601.01461	D	-
2601.03211	D	-
2601.03232	D	-
2601.03268	D	-
2601.03874	D	-
2601.03988	D	-
2601.04212	D	-
2601.05874	D	-
2601.07790	D	-
2601.08500	D	-
2601.08844	D	-
2601.09928	D	-
2601.10246	D	-
2601.11541	D	-
2601.12179	D	-
2601.12491	D	-
2601.14051	D	-
2601.14290	D	-
2601.18281	D	-
2601.19533	D	-
2601.19956	D	-
2601.20312	D	-
2601.21298	D	-
2601.21469	D	-
2601.21649	D	-
2601.22132	D	-
2601.22588	D	-
2601.23206	D	-
2602.00217	K	TP
2602.01222	D	-
2602.01870	D	-
2602.02632	D	-
2602.03022	D	-
2602.03632	D	-
2602.06449	D	-
2602.07547	D	-
2602.10074	D	-
2602.10869	D	-
2602.11911	D	-
2602.12005	D	-
2602.13890	D	-
2602.14117	D	-
2602.14302	D	-
2602.16640	D	-
2602.21374	D	-
2602.22124	D	-
2602.23312	D	-
2602.24174	K	SE
2603.02156	D	-
2603.03203	D	-
2603.03508	D	-
2603.05728	D	-
2603.05933	D	-
2603.05974	D	-
2603.06635	D	-
2603.06647	D	-
2603.06713	D	-
2603.06836	D	-
2603.07017	D	-
2603.07091	D	-
2603.07599	D	-
2603.11513	D	-
2603.13644	D	-
2603.14525	D	-
2603.14563	D	-
2603.15421	D	-
2603.15510	D	-
2603.16410	D	-
2603.18018	D	-
2603.18037	D	-
2603.19127	D	-
2603.20100	D	-
2603.21389	D	-
2603.22866	D	-
2603.22942	D	-
2603.23129	D	-
2603.23954	D	-
2603.26769	D	-
2603.27103	D	-
2603.28817	D	-
2603.29232	D	-
2604.00586	D	-
2604.01965	D	-
2604.02367	D	-
2604.02754	D	-
2604.02761	D	-
2604.02776	D	-
2604.03291	D	-
2604.03589	D	-
2604.04064	D	-
2604.04168	D	-
2604.04651	D	-
2604.04898	D	-
2604.05875	D	-
2604.06298	D	-
2604.06562	D	-
2604.06833	D	-
2604.07003	D	-
2604.07798	D	-
2604.07937	D	-
2604.09791	D	-
2604.09952	D	-
2604.10212	D	-
2604.10929	D	-
2604.11050	D	-
2604.12229	D	-
2604.13075	D	-
2604.14314	D	-
2604.14548	D	-
2604.15357	K	SE
2604.15485	D	-
2604.16913	D	-
2604.17358	D	-
2604.17450	D	-
2604.17827	D	-
2604.18087	D	-
2604.18092	D	-
2604.19015	D	-
2604.19299	D	-
2604.19781	D	-
2604.20148	D	-
2604.21133	D	-
2604.23263	D	-
2604.23424	D	-
2604.23809	D	-
2604.24416	D	-
2604.24636	D	-
2604.25039	D	-
2604.26766	D	-
2604.26940	D	-
2604.26986	D	-
2604.27920	D	-
2605.02489	D	-
2605.02916	D	-
2605.03195	D	-
2605.03217	D	-
2605.03301	D	-
2605.03312	D	-
2605.03465	D	-
2605.04221	D	-
2605.05532	D	-
2605.05927	D	-
2605.06322	D	-
2605.06330	D	-
2605.07509	D	-
2605.07725	K	PD
2605.07783	K	PD
2605.10808	D	-
2605.11317	K	SG
2605.11483	D	-
2605.12129	D	-
2605.12204	D	-
2605.13424	D	-
2605.13538	D	-
2605.15015	D	-
2605.16479	D	-
2605.16604	D	-
2605.18827	D	-
2605.20202	D	-
2605.22170	D	-
2605.22377	D	-
2605.22870	D	-
2605.23019	D	-
2605.23572	D	-
2605.24737	D	-
2605.25020	D	-
2605.25394	D	-
2605.27441	D	-
2605.27596	D	-
2605.28837	D	-
2605.29247	D	-
2605.29712	D	-
2605.30102	D	-
2605.30478	D	-
2605.31136	D	-
2606.00462	D	-
2606.00683	D	-
2606.01240	D	-
2606.02951	D	-
2606.04381	D	-
2606.04466	D	-
2606.05250	D	-
2606.07520	D	-
2606.07857	D	-
2606.07999	D	-
2606.08471	D	-
2606.09157	D	-
2606.10581	D	-
2606.11386	D	-
2606.13115	D	-
2606.13804	D	-
2606.14711	D	-
2606.15199	D	-
2606.16140	K	MS
2606.16152	D	-
2606.16995	D	-
2606.17582	D	-
2606.18190	D	-
2606.21413	D	-
2606.21460	D	-
2606.21629	D	-
2606.21689	D	-
2606.22189	K	MS
2606.22473	D	-
2606.22606	D	-
2606.23395	D	-
2606.23695	D	-
2606.24980	D	-
2606.25436	D	-
2606.26382	D	-
2606.27281	D	-
2606.27634	D	-
2606.28479	D	-
2606.30062	D	-
2606.31247	D	-
2607.00255	D	-
2607.01394	K	MA
2607.01773	D	-
2607.02214	D	-
2607.02686	D	-
2607.02869	D	-
2607.03801	D	-
2607.04290	D	-
2607.05199	D	-
2607.07142	D	-
2607.08161	D	-
2607.08938	D	-
2607.09713	D	-
2607.10092	D	-
2607.10162	D	-
2607.12336	D	-
2607.12468	D	-
2607.13115	D	-
2607.13430	D	-
2607.14149	D	-
2607.15525	K	MA
2607.16243	D	-
2607.16431	D	-
2607.16741	D	-
2607.17099	D	-
2607.18266	D	-
2607.18268	D	-
2607.18767	D	-
2607.19424	D	-
2607.19608	D	-
2607.19847	D	-
2607.19932	D	-
2607.19992	D	-
2607.20129	K	QG
2607.20216	D	-
2607.20327	K	DS
2607.20456	D	-
2607.21677	D	-
2607.22083	K	MS
2607.22556	D	-
2607.22624	D	-
2607.24783	D	-
2607.24799	D	-
2607.24801	D	-
2607.27146	D	-
2607.27172	D	-
2607.27490	D	-
2607.27506	D	-
2607.28639	D	-
2607.29250	D	-
2608.00030	D	-
2608.00042	D	-
2608.00922	D	-
2608.01033	D	-
2608.02672	D	-
2608.03009	D	-
2608.04464	D	-
2608.05064	D	-
2608.06819	K	DS
2608.07126	D	-
2608.08037	D	-
2608.08503	D	-
2608.08746	D	-
2608.09189	D	-
2608.09941	K	QG
2608.10273	D	-
2608.10538	D	-
2608.10939	D	-
2608.11596	D	-
2608.11981	D	-
2608.12374	D	-
2608.13420	D	-
2608.13787	D	-
2608.14150	D	-
2608.14896	D	-
2608.17092	D	-
2608.17183	D	-
2608.18033	D	-
2608.18083	D	-
2608.20360	K	MA
2608.20378	D	-
2608.22908	D	-
2608.23651	D	-
2608.24902	D	-
2608.26005	D	-
2608.26132	D	-
2608.27455	D	-
2608.28606	D	-
2608.29111	D	-
2608.29120	D	-
2608.29773	D	-
2608.30005	D	-
2608.30731	D	-
2609.00005	D	-
2609.00479	D	-
2609.00590	D	-
2609.00665	D	-
2609.01272	D	-
2609.02468	D	-
2609.07280	D	-
2609.07370	D	-
2609.09476	D	-
2609.09691	K	RL
2609.10155	D	-
2609.11870	D	-
2609.13470	D	-
2609.16008	D	-
2609.16010	D	-
2609.18188	D	-
2609.20824	D	-
2609.21341	D	-
2609.22463	D	-
2609.23959	D	-
2609.25014	D	-
2609.26488	D	-
2609.27197	D	-
2609.27669	D	-
2609.28003	D	-
2609.28653	D	-
2609.29601	D	-
2609.30009	D	-
2501.10054	K	MA
2501.18187	D	-
2502.02732	K	MA
2502.04180	D	-
2502.05795	K	MA
2502.16570	D	-
2502.17728	K	SK
2502.19964	D	-
2503.07334	D	-
2503.10251	K	MA
2503.10894	D	-
2503.17994	D	-
2503.18646	K	MA
2504.07787	D	-
2504.15471	D	-
2505.11237	D	-
2505.13898	K	MA
2505.18522	K	MA
2506.02929	D	-
2506.20746	D	-
2506.21562	D	-
2507.01348	D	-
2507.02559	K	MA
2507.21107	D	-
2508.05311	D	-
2508.05991	D	-
2508.07252	K	SH
2508.07577	D	-
2508.17499	D	-
2508.17540	D	-
2509.00174	D	-
2509.05657	D	-
2509.16060	D	-
2509.18713	D	-
2509.23782	D	-
2510.13908	D	-
2510.22777	K	MA
2510.25013	D	-
2510.25262	K	MA
2510.27037	K	MA
2511.14329	K	MA
2511.20276	D	-
2512.00283	D	-
2512.05403	D	-
2512.06982	D	-
2512.07515	D	-
2512.08998	D	-
2512.13730	D	-
2512.17351	K	MA
2512.22471	D	-
2512.24120	D	-
2601.00417	K	MA
2601.02997	D	-
2602.03128	D	-
2602.04918	D	-
2602.08804	D	-
2602.09009	K	MA
2602.10408	K	MA
2602.11169	D	-
2602.11729	D	-
2602.14760	K	MA
2602.16837	D	-
2602.17993	K	MA
2603.07461	K	MA
2603.13180	K	SK
2603.13318	D	-
2603.15031	K	MA
2603.15939	D	-
2603.16039	K	MA
2603.19935	D	-
2603.24226	D	-
2604.02309	K	MA
2604.18071	D	-
2604.18567	D	-
2604.18901	D	-
2604.23475	K	MA
2604.26866	D	-
2605.04903	D	-
2605.08504	K	MA
2605.09011	D	-
2605.09863	D	-
2605.09881	D	-
2605.14258	D	-
2605.17398	D	-
2605.17653	K	SE
2605.18284	D	-
2605.20724	D	-
2605.21560	D	-
2605.21724	K	MA
2605.23147	D	-
2605.25310	D	-
2605.30103	D	-
2606.01385	D	-
2606.03022	D	-
2606.07978	D	-
2606.16240	D	-
2606.17781	K	SH
2606.18302	D	-
2606.19491	D	-
2606.20743	K	MA
2606.23752	D	-
2606.27941	D	-
2606.28273	D	-
2606.31695	D	-
2606.31963	D	-
2607.00572	D	-
2607.04319	D	-
2607.14530	K	MA
2607.15509	D	-
2607.28319	D	-
2608.00078	D	-
2608.01283	D	-
2608.03411	D	-
2608.06993	D	-
2608.13576	D	-
2608.14465	D	-
2608.14621	D	-
2608.18736	D	-
2608.21664	D	-
2608.21712	D	-
2608.30720	D	-
2609.07876	D	-
2609.11231	D	-
2609.22219	D	-
2609.27996	D	-
